Product Name,Reviewer Name,Rating,Date,Review Text
"Passport Cover | Minimalist Leather Travel Keepsake","Megan S.",5,"2025-07-19","Absolutely stunning! I ordered this for my groomsmen and couldn't be happier. Shipping was super fast and it was packaged perfectly. Customer service was so helpful too."
"Passport Cover | Minimalist Leather Travel Keepsake","Charlotte R.",5,"2025-06-10","Beyond expectations! I ordered this for the big day and couldn't be happier. It looks even better in person. Shipping was super fast and it was packaged perfectly."
"Passport Cover | Minimalist Leather Travel Keepsake","Michael T.",5,"2026-02-24","Perfect! I ordered this for my fiance and couldn't be happier. The customization was exactly as I requested. This was my favorite purchase for the wedding."
"Passport Cover | Minimalist Leather Travel Keepsake","Charlotte R.",5,"2025-06-01","Flawless! I ordered this for my bachelorette party and couldn't be happier. Shipping was super fast and it was packaged perfectly. This was my favorite purchase for the wedding."
"Passport Cover | Minimalist Leather Travel Keepsake","Jessica T.",4,"2025-10-06","Fantastic! I ordered this for our wedding day and couldn't be happier. The details are just immaculate. I will definitely be ordering again."
"Passport Cover | Minimalist Leather Travel Keepsake","Natalie M.",5,"2025-12-15","Premium quality! I ordered this for our wedding day and couldn't be happier. This was my favorite purchase for the wedding. I've recommended this shop to all my engaged friends."
"Passport Cover | Minimalist Leather Travel Keepsake","Samantha W.",5,"2026-02-16","Breathtaking! I ordered this for our rehearsal dinner and couldn't be happier. Everyone kept asking where I got this. Such a premium feel to it."
"Passport Cover | Minimalist Leather Travel Keepsake","Christopher H.",5,"2026-04-30","Beyond expectations! I ordered this for my bachelorette party and couldn't be happier. I'm so happy with how this turned out. The details are just immaculate."
"Passport Cover | Minimalist Leather Travel Keepsake","Natalie M.",4,"2025-06-04","Exquisite! I ordered this for a gift and couldn't be happier. Shipping was super fast and it was packaged perfectly. The details are just immaculate."
"Passport Cover | Minimalist Leather Travel Keepsake","Rachel D.",5,"2026-05-08","Incredible! I ordered this for my fiance and couldn't be happier. Shipping was super fast and it was packaged perfectly. Everyone kept asking where I got this."
"Passport Cover | Minimalist Leather Travel Keepsake","Alexis N.",4,"2025-12-19","Beautiful! I ordered this for a gift and couldn't be happier. I will definitely be ordering again. Shipping was super fast and it was packaged perfectly."
"Passport Cover | Minimalist Leather Travel Keepsake","Nicole K.",4,"2025-06-30","Breathtaking! I ordered this for my bridal shower and couldn't be happier. It looks even better in person. The quality is unmatched."
"Passport Cover | Minimalist Leather Travel Keepsake","Sophia K.",5,"2025-06-24","Incredible! I ordered this for our rehearsal dinner and couldn't be happier. The quality is unmatched. I will definitely be ordering again."
"Passport Cover | Minimalist Leather Travel Keepsake","John C.",5,"2026-04-20","Absolutely stunning! I ordered this for my bachelorette party and couldn't be happier. This was my favorite purchase for the wedding. The quality is unmatched."
"Passport Cover | Minimalist Leather Travel Keepsake","Joseph D.",5,"2026-03-24","High quality! I ordered this for our wedding day and couldn't be happier. This was my favorite purchase for the wedding. Such a premium feel to it."
"Passport Cover | Minimalist Leather Travel Keepsake","Samantha W.",5,"2025-09-14","Fantastic! I ordered this for the big day and couldn't be happier. The quality is unmatched. It added the perfect touch to our special day."
"Passport Cover | Minimalist Leather Travel Keepsake","Jessica T.",4,"2025-06-06","Lovely! I ordered this for the big day and couldn't be happier. The customization was exactly as I requested. The material feels very luxurious."
"Passport Cover | Minimalist Leather Travel Keepsake","James R.",5,"2026-02-14","Gorgeous! I ordered this for a gift and couldn't be happier. It added the perfect touch to our special day. I've recommended this shop to all my engaged friends."
"Passport Cover | Minimalist Leather Travel Keepsake","Amanda C.",4,"2026-03-03","So elegant! I ordered this for my groomsmen and couldn't be happier. Customer service was so helpful too. The details are just immaculate."
"Passport Cover | Minimalist Leather Travel Keepsake","Nicole K.",5,"2025-08-20","High quality! I ordered this for my groomsmen and couldn't be happier. Shipping was super fast and it was packaged perfectly. Customer service was so helpful too."
"Leather Cigar Case & Cutter | Heirloom Groomsmen Gift","Emma T.",5,"2025-12-01","High quality! I ordered this for the big day and couldn't be happier. It added the perfect touch to our special day. I'm so happy with how this turned out."
"Leather Cigar Case & Cutter | Heirloom Groomsmen Gift","Matthew B.",5,"2025-06-09","Beautiful! I ordered this for the big day and couldn't be happier. It added the perfect touch to our special day. This was my favorite purchase for the wedding."
"Leather Cigar Case & Cutter | Heirloom Groomsmen Gift","Rachel D.",5,"2026-05-11","So elegant! I ordered this for the big day and couldn't be happier. It added the perfect touch to our special day. It looks even better in person."
"Leather Cigar Case & Cutter | Heirloom Groomsmen Gift","Emma T.",5,"2025-09-28","Lovely! I ordered this for my bridal party and couldn't be happier. The details are just immaculate. This was my favorite purchase for the wedding."
"Leather Cigar Case & Cutter | Heirloom Groomsmen Gift","Alexis N.",5,"2025-07-30","Fantastic! I ordered this for my wedding and couldn't be happier. Such a premium feel to it. The customization was exactly as I requested."
"Leather Cigar Case & Cutter | Heirloom Groomsmen Gift","Kayla P.",5,"2025-09-14","Amazing! I ordered this for my bridesmaids and couldn't be happier. The quality is unmatched. The customization was exactly as I requested."
"Leather Cigar Case & Cutter | Heirloom Groomsmen Gift","Charlotte R.",5,"2025-12-02","Gorgeous! I ordered this for our wedding day and couldn't be happier. It added the perfect touch to our special day. Customer service was so helpful too."
"Leather Cigar Case & Cutter | Heirloom Groomsmen Gift","Taylor F.",5,"2026-02-14","Lovely! I ordered this for my groomsmen and couldn't be happier. The details are just immaculate. It looks even better in person."
"Leather Cigar Case & Cutter | Heirloom Groomsmen Gift","Joseph D.",5,"2025-10-03","Beautiful! I ordered this for my groomsmen and couldn't be happier. I will definitely be ordering again. The material feels very luxurious."
"Leather Cigar Case & Cutter | Heirloom Groomsmen Gift","Sarah M.",5,"2025-10-26","Absolutely stunning! I ordered this for my wedding and couldn't be happier. I'm so happy with how this turned out. Customer service was so helpful too."
"Leather Cigar Case & Cutter | Heirloom Groomsmen Gift","Emma T.",5,"2025-07-22","High quality! I ordered this for my fiance and couldn't be happier. The customization was exactly as I requested. Such a premium feel to it."
"Leather Cigar Case & Cutter | Heirloom Groomsmen Gift","David M.",5,"2026-01-09","Perfect! I ordered this for the big day and couldn't be happier. I'm so happy with how this turned out. The details are just immaculate."
"Leather Cigar Case & Cutter | Heirloom Groomsmen Gift","Madison A.",5,"2025-12-23","Incredible! I ordered this for my groomsmen and couldn't be happier. This was my favorite purchase for the wedding. It looks even better in person."
"Leather Cigar Case & Cutter | Heirloom Groomsmen Gift","Robert S.",5,"2025-06-10","Incredible! I ordered this for my fiance and couldn't be happier. It added the perfect touch to our special day. The quality is unmatched."
"Leather Cigar Case & Cutter | Heirloom Groomsmen Gift","Chloe E.",5,"2025-11-26","Beyond expectations! I ordered this for my wedding and couldn't be happier. Customer service was so helpful too. The quality is unmatched."
"Leather Cigar Case & Cutter | Heirloom Groomsmen Gift","Nicole K.",4,"2026-03-06","Perfect! I ordered this for our wedding day and couldn't be happier. The details are just immaculate. The quality is unmatched."
"Leather Cigar Case & Cutter | Heirloom Groomsmen Gift","Kayla P.",5,"2026-02-20","Perfect! I ordered this for my bridesmaids and couldn't be happier. The material feels very luxurious. The quality is unmatched."
"Leather Cigar Case & Cutter | Heirloom Groomsmen Gift","Olivia H.",5,"2026-01-03","Fantastic! I ordered this for my bachelorette party and couldn't be happier. I will definitely be ordering again. It added the perfect touch to our special day."
"Leather Cigar Case & Cutter | Heirloom Groomsmen Gift","James R.",5,"2025-11-05","Amazing! I ordered this for my groomsmen and couldn't be happier. It added the perfect touch to our special day. I've recommended this shop to all my engaged friends."
"Leather Cigar Case & Cutter | Heirloom Groomsmen Gift","Chloe E.",5,"2026-02-15","Breathtaking! I ordered this for my groomsmen and couldn't be happier. The quality is unmatched. Everyone kept asking where I got this."
"Gold Celebration Cannon | Bespoke Grand Exit Prop","Daniel P.",4,"2025-09-06","Lovely! I ordered this for a gift and couldn't be happier. I will definitely be ordering again. I've recommended this shop to all my engaged friends."
"Gold Celebration Cannon | Bespoke Grand Exit Prop","Charlotte R.",5,"2025-07-24","Beyond expectations! I ordered this for our wedding day and couldn't be happier. Everyone kept asking where I got this. Shipping was super fast and it was packaged perfectly."
"Gold Celebration Cannon | Bespoke Grand Exit Prop","Kayla P.",5,"2025-10-23","Breathtaking! I ordered this for the big day and couldn't be happier. It looks even better in person. The customization was exactly as I requested."
"Gold Celebration Cannon | Bespoke Grand Exit Prop","Sydney C.",5,"2026-05-15","Perfect! I ordered this for my groomsmen and couldn't be happier. Everyone kept asking where I got this. The details are just immaculate."
"Gold Celebration Cannon | Bespoke Grand Exit Prop","Sarah M.",5,"2025-10-27","Premium quality! I ordered this for my bachelorette party and couldn't be happier. The customization was exactly as I requested. It added the perfect touch to our special day."
"Gold Celebration Cannon | Bespoke Grand Exit Prop","Matthew B.",5,"2025-09-20","Breathtaking! I ordered this for my wedding and couldn't be happier. It added the perfect touch to our special day. This was my favorite purchase for the wedding."
"Gold Celebration Cannon | Bespoke Grand Exit Prop","Ashley B.",4,"2025-10-18","Beautiful! I ordered this for my fiance and couldn't be happier. I'm so happy with how this turned out. Such a premium feel to it."
"Gold Celebration Cannon | Bespoke Grand Exit Prop","Megan S.",5,"2025-09-29","Perfect! I ordered this for our wedding day and couldn't be happier. I'm so happy with how this turned out. Everyone kept asking where I got this."
"Gold Celebration Cannon | Bespoke Grand Exit Prop","Jessica T.",5,"2025-08-02","Exquisite! I ordered this for my bridal party and couldn't be happier. Everyone kept asking where I got this. The customization was exactly as I requested."
"Gold Celebration Cannon | Bespoke Grand Exit Prop","Madison A.",4,"2026-03-20","Gorgeous! I ordered this for a gift and couldn't be happier. It added the perfect touch to our special day. The customization was exactly as I requested."
"Gold Celebration Cannon | Bespoke Grand Exit Prop","Daniel P.",5,"2026-04-05","Beautiful! I ordered this for my bridal party and couldn't be happier. The details are just immaculate. The quality is unmatched."
"Gold Celebration Cannon | Bespoke Grand Exit Prop","Megan S.",5,"2025-06-17","Absolutely stunning! I ordered this for our rehearsal dinner and couldn't be happier. Customer service was so helpful too. I'm so happy with how this turned out."
"Gold Celebration Cannon | Bespoke Grand Exit Prop","James R.",5,"2026-02-23","So elegant! I ordered this for my bridesmaids and couldn't be happier. Such a premium feel to it. It added the perfect touch to our special day."
"Gold Celebration Cannon | Bespoke Grand Exit Prop","Rachel D.",5,"2026-04-08","Beautiful! I ordered this for my bridal shower and couldn't be happier. Customer service was so helpful too. I'm so happy with how this turned out."
"Gold Celebration Cannon | Bespoke Grand Exit Prop","Elizabeth V.",5,"2026-03-30","Gorgeous! I ordered this for my bridal party and couldn't be happier. Shipping was super fast and it was packaged perfectly. This was my favorite purchase for the wedding."
"Gold Celebration Cannon | Bespoke Grand Exit Prop","William L.",5,"2026-04-06","Perfect! I ordered this for a gift and couldn't be happier. I'm so happy with how this turned out. Such a premium feel to it."
"Gold Celebration Cannon | Bespoke Grand Exit Prop","Amanda C.",4,"2026-04-09","Flawless! I ordered this for my bridal party and couldn't be happier. I've recommended this shop to all my engaged friends. The material feels very luxurious."
"Gold Celebration Cannon | Bespoke Grand Exit Prop","Lauren H.",5,"2025-05-29","Beautiful! I ordered this for my bridesmaids and couldn't be happier. The quality is unmatched. It looks even better in person."
"Gold Celebration Cannon | Bespoke Grand Exit Prop","Elizabeth V.",5,"2025-09-03","Perfect! I ordered this for the big day and couldn't be happier. The customization was exactly as I requested. I will definitely be ordering again."
"Gold Celebration Cannon | Bespoke Grand Exit Prop","Chloe E.",4,"2025-07-22","Fantastic! I ordered this for my fiance and couldn't be happier. The material feels very luxurious. The quality is unmatched."
"The Bridal Hair Claw | Matte Heirloom Clip for Bridesmaid Proposals","Isabella G.",5,"2026-05-08","Fantastic! I ordered this for the big day and couldn't be happier. The material feels very luxurious. Shipping was super fast and it was packaged perfectly."
"The Bridal Hair Claw | Matte Heirloom Clip for Bridesmaid Proposals","Kayla P.",5,"2025-11-27","Premium quality! I ordered this for my bachelorette party and couldn't be happier. Customer service was so helpful too. Such a premium feel to it."
"The Bridal Hair Claw | Matte Heirloom Clip for Bridesmaid Proposals","Daniel P.",5,"2025-11-13","Amazing! I ordered this for a gift and couldn't be happier. Shipping was super fast and it was packaged perfectly. I've recommended this shop to all my engaged friends."
"The Bridal Hair Claw | Matte Heirloom Clip for Bridesmaid Proposals","Christopher H.",5,"2025-08-09","Premium quality! I ordered this for our wedding day and couldn't be happier. Everyone kept asking where I got this. The material feels very luxurious."
"The Bridal Hair Claw | Matte Heirloom Clip for Bridesmaid Proposals","Ava S.",4,"2025-10-26","So elegant! I ordered this for our rehearsal dinner and couldn't be happier. Such a premium feel to it. I've recommended this shop to all my engaged friends."
"The Bridal Hair Claw | Matte Heirloom Clip for Bridesmaid Proposals","Megan S.",4,"2025-06-15","Fantastic! I ordered this for our wedding day and couldn't be happier. The quality is unmatched. The material feels very luxurious."
"The Bridal Hair Claw | Matte Heirloom Clip for Bridesmaid Proposals","Michael T.",4,"2025-12-23","Premium quality! I ordered this for a gift and couldn't be happier. Everyone kept asking where I got this. The material feels very luxurious."
"The Bridal Hair Claw | Matte Heirloom Clip for Bridesmaid Proposals","Daniel P.",5,"2025-05-31","So elegant! I ordered this for our rehearsal dinner and couldn't be happier. The details are just immaculate. This was my favorite purchase for the wedding."
"The Bridal Hair Claw | Matte Heirloom Clip for Bridesmaid Proposals","Brittany L.",5,"2025-09-10","Exquisite! I ordered this for my bridal party and couldn't be happier. Everyone kept asking where I got this. Customer service was so helpful too."
"The Bridal Hair Claw | Matte Heirloom Clip for Bridesmaid Proposals","Christopher H.",5,"2025-07-13","Perfect! I ordered this for a gift and couldn't be happier. I will definitely be ordering again. Shipping was super fast and it was packaged perfectly."
"The Bridal Hair Claw | Matte Heirloom Clip for Bridesmaid Proposals","Sarah M.",5,"2025-08-25","Fantastic! I ordered this for my wedding and couldn't be happier. The customization was exactly as I requested. I will definitely be ordering again."
"The Bridal Hair Claw | Matte Heirloom Clip for Bridesmaid Proposals","John C.",4,"2026-04-01","Incredible! I ordered this for my bridal party and couldn't be happier. I've recommended this shop to all my engaged friends. The material feels very luxurious."
"The Bridal Hair Claw | Matte Heirloom Clip for Bridesmaid Proposals","Alexis N.",5,"2026-05-07","Fantastic! I ordered this for my bachelorette party and couldn't be happier. It added the perfect touch to our special day. The material feels very luxurious."
"The Bridal Hair Claw | Matte Heirloom Clip for Bridesmaid Proposals","Elizabeth V.",5,"2026-01-12","Amazing! I ordered this for my groomsmen and couldn't be happier. The customization was exactly as I requested. It looks even better in person."
"The Bridal Hair Claw | Matte Heirloom Clip for Bridesmaid Proposals","Kayla P.",4,"2026-01-25","Exquisite! I ordered this for my bridesmaids and couldn't be happier. Customer service was so helpful too. This was my favorite purchase for the wedding."
"The Bridal Hair Claw | Matte Heirloom Clip for Bridesmaid Proposals","Isabella G.",5,"2026-04-25","Beyond expectations! I ordered this for my wedding and couldn't be happier. It added the perfect touch to our special day. Customer service was so helpful too."
"The Bridal Hair Claw | Matte Heirloom Clip for Bridesmaid Proposals","Madison A.",5,"2025-12-18","Premium quality! I ordered this for my bachelorette party and couldn't be happier. Such a premium feel to it. Shipping was super fast and it was packaged perfectly."
"The Bridal Hair Claw | Matte Heirloom Clip for Bridesmaid Proposals","Taylor F.",5,"2025-06-19","Perfect! I ordered this for a gift and couldn't be happier. This was my favorite purchase for the wedding. Shipping was super fast and it was packaged perfectly."
"The Bridal Hair Claw | Matte Heirloom Clip for Bridesmaid Proposals","Jessica T.",5,"2026-04-24","Exquisite! I ordered this for my bridal shower and couldn't be happier. I will definitely be ordering again. Shipping was super fast and it was packaged perfectly."
"The Bridal Hair Claw | Matte Heirloom Clip for Bridesmaid Proposals","Matthew B.",5,"2025-11-02","Beautiful! I ordered this for my groomsmen and couldn't be happier. This was my favorite purchase for the wedding. The details are just immaculate."
"Cream Silk Bridal Scrunchies & Heirloom Proposal Sets","Rachel D.",5,"2025-05-24","Perfect! I ordered this for my bridal shower and couldn't be happier. I'm so happy with how this turned out. I've recommended this shop to all my engaged friends."
"Cream Silk Bridal Scrunchies & Heirloom Proposal Sets","Matthew B.",4,"2025-10-14","Fantastic! I ordered this for my bridesmaids and couldn't be happier. The customization was exactly as I requested. Everyone kept asking where I got this."
"Cream Silk Bridal Scrunchies & Heirloom Proposal Sets","Sophia K.",5,"2026-03-03","Beautiful! I ordered this for my bridesmaids and couldn't be happier. Shipping was super fast and it was packaged perfectly. This was my favorite purchase for the wedding."
"Cream Silk Bridal Scrunchies & Heirloom Proposal Sets","Robert S.",5,"2025-10-01","Flawless! I ordered this for the big day and couldn't be happier. I will definitely be ordering again. The customization was exactly as I requested."
"Cream Silk Bridal Scrunchies & Heirloom Proposal Sets","John C.",5,"2025-06-21","Incredible! I ordered this for our wedding day and couldn't be happier. Customer service was so helpful too. The quality is unmatched."
"Cream Silk Bridal Scrunchies & Heirloom Proposal Sets","Sarah M.",5,"2025-11-29","High quality! I ordered this for my bridesmaids and couldn't be happier. The quality is unmatched. I'm so happy with how this turned out."
"Cream Silk Bridal Scrunchies & Heirloom Proposal Sets","Alexis N.",5,"2025-08-06","Gorgeous! I ordered this for our rehearsal dinner and couldn't be happier. Shipping was super fast and it was packaged perfectly. It looks even better in person."
"Cream Silk Bridal Scrunchies & Heirloom Proposal Sets","Grace B.",5,"2025-09-06","Lovely! I ordered this for our wedding day and couldn't be happier. I've recommended this shop to all my engaged friends. The customization was exactly as I requested."
"Cream Silk Bridal Scrunchies & Heirloom Proposal Sets","Natalie M.",5,"2025-08-22","Fantastic! I ordered this for our rehearsal dinner and couldn't be happier. Everyone kept asking where I got this. It added the perfect touch to our special day."
"Cream Silk Bridal Scrunchies & Heirloom Proposal Sets","Abigail P.",5,"2025-12-06","Beautiful! I ordered this for my bridesmaids and couldn't be happier. It looks even better in person. Everyone kept asking where I got this."
"Cream Silk Bridal Scrunchies & Heirloom Proposal Sets","Charlotte R.",5,"2026-03-16","Beautiful! I ordered this for my fiance and couldn't be happier. Shipping was super fast and it was packaged perfectly. The material feels very luxurious."
"Cream Silk Bridal Scrunchies & Heirloom Proposal Sets","Amanda C.",5,"2025-11-02","Flawless! I ordered this for our rehearsal dinner and couldn't be happier. The quality is unmatched. Shipping was super fast and it was packaged perfectly."
"Cream Silk Bridal Scrunchies & Heirloom Proposal Sets","Emma T.",5,"2026-01-04","Gorgeous! I ordered this for our rehearsal dinner and couldn't be happier. The quality is unmatched. Shipping was super fast and it was packaged perfectly."
"Cream Silk Bridal Scrunchies & Heirloom Proposal Sets","Natalie M.",5,"2025-05-22","Perfect! I ordered this for a gift and couldn't be happier. It looks even better in person. I will definitely be ordering again."
"Cream Silk Bridal Scrunchies & Heirloom Proposal Sets","Sarah M.",4,"2025-10-06","Perfect! I ordered this for our wedding day and couldn't be happier. The material feels very luxurious. The quality is unmatched."
"Cream Silk Bridal Scrunchies & Heirloom Proposal Sets","Robert S.",4,"2025-05-28","Exquisite! I ordered this for our rehearsal dinner and couldn't be happier. Such a premium feel to it. Everyone kept asking where I got this."
"Cream Silk Bridal Scrunchies & Heirloom Proposal Sets","Megan S.",5,"2025-08-26","Incredible! I ordered this for my groomsmen and couldn't be happier. I will definitely be ordering again. Such a premium feel to it."
"Cream Silk Bridal Scrunchies & Heirloom Proposal Sets","Sarah M.",5,"2025-09-06","Gorgeous! I ordered this for my fiance and couldn't be happier. It looks even better in person. I will definitely be ordering again."
"Cream Silk Bridal Scrunchies & Heirloom Proposal Sets","Abigail P.",4,"2025-07-16","Lovely! I ordered this for my bridal party and couldn't be happier. This was my favorite purchase for the wedding. Shipping was super fast and it was packaged perfectly."
"Cream Silk Bridal Scrunchies & Heirloom Proposal Sets","Sydney C.",5,"2026-02-13","Incredible! I ordered this for our wedding day and couldn't be happier. The customization was exactly as I requested. The quality is unmatched."
"Bespoke Engraved Black Stainless Steel Chopsticks | Heirloom Wedding Favor Pair","Sarah M.",4,"2026-02-06","Perfect! I ordered this for my bridal shower and couldn't be happier. It added the perfect touch to our special day. The quality is unmatched."
"Bespoke Engraved Black Stainless Steel Chopsticks | Heirloom Wedding Favor Pair","Sydney C.",5,"2025-12-18","Beautiful! I ordered this for my bridal shower and couldn't be happier. This was my favorite purchase for the wedding. The details are just immaculate."
"Bespoke Engraved Black Stainless Steel Chopsticks | Heirloom Wedding Favor Pair","Alexis N.",4,"2025-07-15","Breathtaking! I ordered this for our rehearsal dinner and couldn't be happier. The customization was exactly as I requested. Everyone kept asking where I got this."
"Bespoke Engraved Black Stainless Steel Chopsticks | Heirloom Wedding Favor Pair","Grace B.",5,"2026-04-22","So elegant! I ordered this for my wedding and couldn't be happier. The quality is unmatched. Such a premium feel to it."
"Bespoke Engraved Black Stainless Steel Chopsticks | Heirloom Wedding Favor Pair","Brittany L.",5,"2025-07-26","So elegant! I ordered this for the big day and couldn't be happier. Customer service was so helpful too. This was my favorite purchase for the wedding."
"Bespoke Engraved Black Stainless Steel Chopsticks | Heirloom Wedding Favor Pair","Alexis N.",5,"2025-05-18","High quality! I ordered this for my fiance and couldn't be happier. I've recommended this shop to all my engaged friends. This was my favorite purchase for the wedding."
"Bespoke Engraved Black Stainless Steel Chopsticks | Heirloom Wedding Favor Pair","Hannah G.",4,"2026-04-26","Amazing! I ordered this for my bridesmaids and couldn't be happier. The customization was exactly as I requested. The details are just immaculate."
"Bespoke Engraved Black Stainless Steel Chopsticks | Heirloom Wedding Favor Pair","Christopher H.",4,"2026-01-12","Absolutely stunning! I ordered this for our rehearsal dinner and couldn't be happier. I've recommended this shop to all my engaged friends. Such a premium feel to it."
"Bespoke Engraved Black Stainless Steel Chopsticks | Heirloom Wedding Favor Pair","Samantha W.",5,"2026-01-26","Beyond expectations! I ordered this for my fiance and couldn't be happier. The customization was exactly as I requested. It looks even better in person."
"Bespoke Engraved Black Stainless Steel Chopsticks | Heirloom Wedding Favor Pair","Matthew B.",5,"2025-06-24","Flawless! I ordered this for my bridal shower and couldn't be happier. It added the perfect touch to our special day. It looks even better in person."
"Bespoke Engraved Black Stainless Steel Chopsticks | Heirloom Wedding Favor Pair","David M.",5,"2025-09-24","Beyond expectations! I ordered this for the big day and couldn't be happier. Such a premium feel to it. It added the perfect touch to our special day."
"Bespoke Engraved Black Stainless Steel Chopsticks | Heirloom Wedding Favor Pair","Hannah G.",5,"2025-07-22","Flawless! I ordered this for the big day and couldn't be happier. Everyone kept asking where I got this. I will definitely be ordering again."
"Bespoke Engraved Black Stainless Steel Chopsticks | Heirloom Wedding Favor Pair","Jessica T.",5,"2026-04-08","Breathtaking! I ordered this for my groomsmen and couldn't be happier. It looks even better in person. Everyone kept asking where I got this."
"Bespoke Engraved Black Stainless Steel Chopsticks | Heirloom Wedding Favor Pair","Joseph D.",5,"2026-03-28","Fantastic! I ordered this for my bridesmaids and couldn't be happier. The material feels very luxurious. I've recommended this shop to all my engaged friends."
"Bespoke Engraved Black Stainless Steel Chopsticks | Heirloom Wedding Favor Pair","William L.",5,"2025-08-06","Exquisite! I ordered this for our rehearsal dinner and couldn't be happier. The customization was exactly as I requested. The material feels very luxurious."
"Bespoke Engraved Black Stainless Steel Chopsticks | Heirloom Wedding Favor Pair","Matthew B.",5,"2025-12-14","Incredible! I ordered this for my fiance and couldn't be happier. This was my favorite purchase for the wedding. Customer service was so helpful too."
"Bespoke Engraved Black Stainless Steel Chopsticks | Heirloom Wedding Favor Pair","David M.",5,"2026-02-12","Beautiful! I ordered this for my bachelorette party and couldn't be happier. I'm so happy with how this turned out. Shipping was super fast and it was packaged perfectly."
"Bespoke Engraved Black Stainless Steel Chopsticks | Heirloom Wedding Favor Pair","Megan S.",5,"2026-03-11","Beyond expectations! I ordered this for my groomsmen and couldn't be happier. The material feels very luxurious. It looks even better in person."
"Bespoke Engraved Black Stainless Steel Chopsticks | Heirloom Wedding Favor Pair","Olivia H.",5,"2026-01-11","Fantastic! I ordered this for my groomsmen and couldn't be happier. Customer service was so helpful too. Such a premium feel to it."
"Bespoke Engraved Black Stainless Steel Chopsticks | Heirloom Wedding Favor Pair","Samantha W.",5,"2025-05-29","Amazing! I ordered this for our wedding day and couldn't be happier. The material feels very luxurious. Everyone kept asking where I got this."
"Heirloom Engraved Cutlery Set | Bespoke Stainless Steel Flatware","Matthew B.",5,"2025-05-26","Breathtaking! I ordered this for a gift and couldn't be happier. The details are just immaculate. The customization was exactly as I requested."
"Heirloom Engraved Cutlery Set | Bespoke Stainless Steel Flatware","Rachel D.",5,"2025-11-02","Breathtaking! I ordered this for a gift and couldn't be happier. This was my favorite purchase for the wedding. Customer service was so helpful too."
"Heirloom Engraved Cutlery Set | Bespoke Stainless Steel Flatware","William L.",5,"2026-05-11","Perfect! I ordered this for my bridal party and couldn't be happier. I've recommended this shop to all my engaged friends. The quality is unmatched."
"Heirloom Engraved Cutlery Set | Bespoke Stainless Steel Flatware","Madison A.",5,"2025-10-16","Perfect! I ordered this for my groomsmen and couldn't be happier. I've recommended this shop to all my engaged friends. The material feels very luxurious."
"Heirloom Engraved Cutlery Set | Bespoke Stainless Steel Flatware","Natalie M.",5,"2025-11-22","Absolutely stunning! I ordered this for my wedding and couldn't be happier. The quality is unmatched. The details are just immaculate."
"Heirloom Engraved Cutlery Set | Bespoke Stainless Steel Flatware","Ava S.",5,"2025-11-22","Breathtaking! I ordered this for my fiance and couldn't be happier. Everyone kept asking where I got this. The material feels very luxurious."
"Heirloom Engraved Cutlery Set | Bespoke Stainless Steel Flatware","Michael T.",5,"2025-08-20","Flawless! I ordered this for my bridal party and couldn't be happier. It added the perfect touch to our special day. This was my favorite purchase for the wedding."
"Heirloom Engraved Cutlery Set | Bespoke Stainless Steel Flatware","Alexis N.",5,"2025-09-09","Fantastic! I ordered this for my bridal shower and couldn't be happier. It looks even better in person. The material feels very luxurious."
"Heirloom Engraved Cutlery Set | Bespoke Stainless Steel Flatware","Christopher H.",5,"2026-02-16","Breathtaking! I ordered this for my bachelorette party and couldn't be happier. It added the perfect touch to our special day. I will definitely be ordering again."
"Heirloom Engraved Cutlery Set | Bespoke Stainless Steel Flatware","Samantha W.",5,"2026-04-25","Absolutely stunning! I ordered this for my groomsmen and couldn't be happier. I'm so happy with how this turned out. Shipping was super fast and it was packaged perfectly."
"Heirloom Engraved Cutlery Set | Bespoke Stainless Steel Flatware","Megan S.",5,"2025-09-16","Incredible! I ordered this for my wedding and couldn't be happier. The details are just immaculate. The quality is unmatched."
"Heirloom Engraved Cutlery Set | Bespoke Stainless Steel Flatware","William L.",5,"2026-01-06","Perfect! I ordered this for my fiance and couldn't be happier. I'm so happy with how this turned out. The quality is unmatched."
"Heirloom Engraved Cutlery Set | Bespoke Stainless Steel Flatware","Victoria J.",5,"2026-03-21","Perfect! I ordered this for the big day and couldn't be happier. I've recommended this shop to all my engaged friends. The material feels very luxurious."
"Heirloom Engraved Cutlery Set | Bespoke Stainless Steel Flatware","Lauren H.",4,"2025-11-14","Flawless! I ordered this for our wedding day and couldn't be happier. The customization was exactly as I requested. Such a premium feel to it."
"Heirloom Engraved Cutlery Set | Bespoke Stainless Steel Flatware","James R.",5,"2025-06-14","Lovely! I ordered this for my bridesmaids and couldn't be happier. Shipping was super fast and it was packaged perfectly. The material feels very luxurious."
"Heirloom Engraved Cutlery Set | Bespoke Stainless Steel Flatware","Ava S.",5,"2026-01-24","Beautiful! I ordered this for my bridal party and couldn't be happier. This was my favorite purchase for the wedding. The details are just immaculate."
"Heirloom Engraved Cutlery Set | Bespoke Stainless Steel Flatware","Olivia H.",5,"2026-03-04","So elegant! I ordered this for our wedding day and couldn't be happier. The material feels very luxurious. It looks even better in person."
"Heirloom Engraved Cutlery Set | Bespoke Stainless Steel Flatware","Alexis N.",5,"2026-02-27","Beautiful! I ordered this for the big day and couldn't be happier. The details are just immaculate. Everyone kept asking where I got this."
"Heirloom Engraved Cutlery Set | Bespoke Stainless Steel Flatware","Isabella G.",4,"2025-07-05","Beautiful! I ordered this for our rehearsal dinner and couldn't be happier. It looks even better in person. I will definitely be ordering again."
"Heirloom Engraved Cutlery Set | Bespoke Stainless Steel Flatware","Emma T.",4,"2025-11-19","Fantastic! I ordered this for my bridesmaids and couldn't be happier. Shipping was super fast and it was packaged perfectly. This was my favorite purchase for the wedding."
"welcome wedding box","Samantha W.",4,"2025-08-31","Absolutely stunning! I ordered this for my wedding and couldn't be happier. It added the perfect touch to our special day. I'm so happy with how this turned out."
"welcome wedding box","William L.",4,"2025-05-24","Beautiful! I ordered this for my bridal party and couldn't be happier. This was my favorite purchase for the wedding. It looks even better in person."
"welcome wedding box","Alexis N.",5,"2025-11-23","Amazing! I ordered this for my bridal shower and couldn't be happier. I'm so happy with how this turned out. It added the perfect touch to our special day."
"welcome wedding box","Victoria J.",5,"2026-05-03","Perfect! I ordered this for my groomsmen and couldn't be happier. Such a premium feel to it. The customization was exactly as I requested."
"welcome wedding box","Joseph D.",5,"2026-04-24","Incredible! I ordered this for a gift and couldn't be happier. It looks even better in person. I will definitely be ordering again."
"welcome wedding box","Mia L.",5,"2025-05-30","Flawless! I ordered this for a gift and couldn't be happier. The details are just immaculate. It added the perfect touch to our special day."
"welcome wedding box","Brittany L.",5,"2025-11-27","Beyond expectations! I ordered this for my fiance and couldn't be happier. Shipping was super fast and it was packaged perfectly. Customer service was so helpful too."
"welcome wedding box","Daniel P.",5,"2025-10-03","Lovely! I ordered this for my wedding and couldn't be happier. The material feels very luxurious. This was my favorite purchase for the wedding."
"welcome wedding box","Megan S.",5,"2025-06-28","High quality! I ordered this for a gift and couldn't be happier. It added the perfect touch to our special day. Such a premium feel to it."
"welcome wedding box","Sarah M.",5,"2025-10-10","Amazing! I ordered this for my bridal shower and couldn't be happier. This was my favorite purchase for the wedding. Shipping was super fast and it was packaged perfectly."
"welcome wedding box","Kayla P.",5,"2026-01-12","Incredible! I ordered this for the big day and couldn't be happier. Shipping was super fast and it was packaged perfectly. Customer service was so helpful too."
"welcome wedding box","Ava S.",5,"2026-02-20","Beyond expectations! I ordered this for a gift and couldn't be happier. I've recommended this shop to all my engaged friends. The material feels very luxurious."
"welcome wedding box","Olivia H.",5,"2026-02-03","Absolutely stunning! I ordered this for my groomsmen and couldn't be happier. The quality is unmatched. Shipping was super fast and it was packaged perfectly."
"welcome wedding box","Joseph D.",5,"2026-04-22","So elegant! I ordered this for our wedding day and couldn't be happier. It looks even better in person. The quality is unmatched."
"welcome wedding box","Michael T.",5,"2026-03-11","Exquisite! I ordered this for my bridesmaids and couldn't be happier. I will definitely be ordering again. Customer service was so helpful too."
"welcome wedding box","Sophia K.",5,"2025-08-10","Breathtaking! I ordered this for my bridal shower and couldn't be happier. The details are just immaculate. I've recommended this shop to all my engaged friends."
"welcome wedding box","Alexis N.",5,"2026-04-03","Breathtaking! I ordered this for my wedding and couldn't be happier. Everyone kept asking where I got this. The material feels very luxurious."
"welcome wedding box","Samantha W.",5,"2025-05-23","Perfect! I ordered this for my fiance and couldn't be happier. Everyone kept asking where I got this. It added the perfect touch to our special day."
"welcome wedding box","Ashley B.",5,"2025-08-21","Flawless! I ordered this for the big day and couldn't be happier. Shipping was super fast and it was packaged perfectly. It looks even better in person."
"welcome wedding box","Brittany L.",5,"2025-12-11","Fantastic! I ordered this for our rehearsal dinner and couldn't be happier. Everyone kept asking where I got this. I will definitely be ordering again."
"The Bespoke Bridal Slipper | Custom Embroidered Faux-Fur","Abigail P.",5,"2025-08-09","So elegant! I ordered this for my fiance and couldn't be happier. The material feels very luxurious. This was my favorite purchase for the wedding."
"The Bespoke Bridal Slipper | Custom Embroidered Faux-Fur","Madison A.",5,"2025-10-18","Incredible! I ordered this for our rehearsal dinner and couldn't be happier. I will definitely be ordering again. The material feels very luxurious."
"The Bespoke Bridal Slipper | Custom Embroidered Faux-Fur","Olivia H.",5,"2025-11-08","Absolutely stunning! I ordered this for my bachelorette party and couldn't be happier. Everyone kept asking where I got this. Such a premium feel to it."
"The Bespoke Bridal Slipper | Custom Embroidered Faux-Fur","Charlotte R.",5,"2025-05-25","Lovely! I ordered this for our wedding day and couldn't be happier. The customization was exactly as I requested. The quality is unmatched."
"The Bespoke Bridal Slipper | Custom Embroidered Faux-Fur","Jessica T.",4,"2025-07-26","Fantastic! I ordered this for a gift and couldn't be happier. Customer service was so helpful too. Such a premium feel to it."
"The Bespoke Bridal Slipper | Custom Embroidered Faux-Fur","John C.",4,"2025-09-13","Beautiful! I ordered this for a gift and couldn't be happier. I'm so happy with how this turned out. It looks even better in person."
"The Bespoke Bridal Slipper | Custom Embroidered Faux-Fur","John C.",4,"2025-09-29","Perfect! I ordered this for a gift and couldn't be happier. Shipping was super fast and it was packaged perfectly. Customer service was so helpful too."
"The Bespoke Bridal Slipper | Custom Embroidered Faux-Fur","William L.",5,"2025-05-22","Beautiful! I ordered this for my bachelorette party and couldn't be happier. It looks even better in person. The quality is unmatched."
"The Bespoke Bridal Slipper | Custom Embroidered Faux-Fur","Lauren H.",4,"2025-12-31","Fantastic! I ordered this for my bridesmaids and couldn't be happier. I've recommended this shop to all my engaged friends. It looks even better in person."
"The Bespoke Bridal Slipper | Custom Embroidered Faux-Fur","Jessica T.",5,"2025-08-02","Premium quality! I ordered this for my wedding and couldn't be happier. The customization was exactly as I requested. The material feels very luxurious."
"The Bespoke Bridal Slipper | Custom Embroidered Faux-Fur","Grace B.",5,"2026-03-17","Gorgeous! I ordered this for our rehearsal dinner and couldn't be happier. The material feels very luxurious. This was my favorite purchase for the wedding."
"The Bespoke Bridal Slipper | Custom Embroidered Faux-Fur","Emma T.",5,"2026-01-12","Beyond expectations! I ordered this for a gift and couldn't be happier. I've recommended this shop to all my engaged friends. The quality is unmatched."
"The Bespoke Bridal Slipper | Custom Embroidered Faux-Fur","Isabella G.",4,"2025-09-11","Beautiful! I ordered this for a gift and couldn't be happier. It looks even better in person. The customization was exactly as I requested."
"The Bespoke Bridal Slipper | Custom Embroidered Faux-Fur","Victoria J.",5,"2025-05-29","Beautiful! I ordered this for my bridal shower and couldn't be happier. It added the perfect touch to our special day. The details are just immaculate."
"The Bespoke Bridal Slipper | Custom Embroidered Faux-Fur","Nicole K.",5,"2025-09-18","Lovely! I ordered this for our rehearsal dinner and couldn't be happier. Everyone kept asking where I got this. The details are just immaculate."
"The Bespoke Bridal Slipper | Custom Embroidered Faux-Fur","Christopher H.",5,"2025-10-02","Lovely! I ordered this for the big day and couldn't be happier. The material feels very luxurious. Shipping was super fast and it was packaged perfectly."
"The Bespoke Bridal Slipper | Custom Embroidered Faux-Fur","Sarah M.",5,"2025-08-05","Flawless! I ordered this for a gift and couldn't be happier. The details are just immaculate. I've recommended this shop to all my engaged friends."
"The Bespoke Bridal Slipper | Custom Embroidered Faux-Fur","Emily R.",5,"2025-08-08","So elegant! I ordered this for my wedding and couldn't be happier. Shipping was super fast and it was packaged perfectly. The customization was exactly as I requested."
"The Bespoke Bridal Slipper | Custom Embroidered Faux-Fur","Rachel D.",5,"2026-01-30","Absolutely stunning! I ordered this for our wedding day and couldn't be happier. It added the perfect touch to our special day. Everyone kept asking where I got this."
"The Bespoke Bridal Slipper | Custom Embroidered Faux-Fur","Nicole K.",4,"2026-03-22","Lovely! I ordered this for my bridesmaids and couldn't be happier. It added the perfect touch to our special day. The customization was exactly as I requested."
"The Heirloom Botanical Hairbrush | Personalized Rose Gold Bridal Keepsake","Megan S.",5,"2025-07-28","Gorgeous! I ordered this for the big day and couldn't be happier. This was my favorite purchase for the wedding. I will definitely be ordering again."
"The Heirloom Botanical Hairbrush | Personalized Rose Gold Bridal Keepsake","Daniel P.",5,"2025-06-28","So elegant! I ordered this for my bridal party and couldn't be happier. The quality is unmatched. This was my favorite purchase for the wedding."
"The Heirloom Botanical Hairbrush | Personalized Rose Gold Bridal Keepsake","Alexis N.",5,"2025-07-27","So elegant! I ordered this for my fiance and couldn't be happier. This was my favorite purchase for the wedding. I've recommended this shop to all my engaged friends."
"The Heirloom Botanical Hairbrush | Personalized Rose Gold Bridal Keepsake","Amanda C.",5,"2026-01-22","Exquisite! I ordered this for the big day and couldn't be happier. Such a premium feel to it. This was my favorite purchase for the wedding."
"The Heirloom Botanical Hairbrush | Personalized Rose Gold Bridal Keepsake","James R.",4,"2025-07-15","Incredible! I ordered this for my wedding and couldn't be happier. I will definitely be ordering again. I'm so happy with how this turned out."
"The Heirloom Botanical Hairbrush | Personalized Rose Gold Bridal Keepsake","Ava S.",5,"2025-08-14","Exquisite! I ordered this for my fiance and couldn't be happier. The customization was exactly as I requested. I will definitely be ordering again."
"The Heirloom Botanical Hairbrush | Personalized Rose Gold Bridal Keepsake","Lauren H.",5,"2025-10-16","Perfect! I ordered this for my bridal party and couldn't be happier. The quality is unmatched. It looks even better in person."
"The Heirloom Botanical Hairbrush | Personalized Rose Gold Bridal Keepsake","Sophia K.",5,"2026-04-11","Beyond expectations! I ordered this for my bridesmaids and couldn't be happier. The quality is unmatched. I've recommended this shop to all my engaged friends."
"The Heirloom Botanical Hairbrush | Personalized Rose Gold Bridal Keepsake","Emma T.",5,"2025-08-26","Perfect! I ordered this for the big day and couldn't be happier. The customization was exactly as I requested. This was my favorite purchase for the wedding."
"The Heirloom Botanical Hairbrush | Personalized Rose Gold Bridal Keepsake","Natalie M.",4,"2026-04-18","So elegant! I ordered this for my fiance and couldn't be happier. Customer service was so helpful too. It looks even better in person."
"The Heirloom Botanical Hairbrush | Personalized Rose Gold Bridal Keepsake","Sydney C.",4,"2026-04-12","So elegant! I ordered this for my bachelorette party and couldn't be happier. The customization was exactly as I requested. Everyone kept asking where I got this."
"The Heirloom Botanical Hairbrush | Personalized Rose Gold Bridal Keepsake","Victoria J.",5,"2026-01-25","Gorgeous! I ordered this for my bridal party and couldn't be happier. It added the perfect touch to our special day. Shipping was super fast and it was packaged perfectly."
"The Heirloom Botanical Hairbrush | Personalized Rose Gold Bridal Keepsake","Isabella G.",5,"2026-04-06","Premium quality! I ordered this for my groomsmen and couldn't be happier. Everyone kept asking where I got this. Customer service was so helpful too."
"The Heirloom Botanical Hairbrush | Personalized Rose Gold Bridal Keepsake","Taylor F.",5,"2026-05-05","Perfect! I ordered this for my fiance and couldn't be happier. Everyone kept asking where I got this. Customer service was so helpful too."
"The Heirloom Botanical Hairbrush | Personalized Rose Gold Bridal Keepsake","Taylor F.",5,"2026-01-09","Breathtaking! I ordered this for our wedding day and couldn't be happier. It added the perfect touch to our special day. Everyone kept asking where I got this."
"The Heirloom Botanical Hairbrush | Personalized Rose Gold Bridal Keepsake","John C.",5,"2026-01-23","Fantastic! I ordered this for my bridal shower and couldn't be happier. The material feels very luxurious. The quality is unmatched."
"The Heirloom Botanical Hairbrush | Personalized Rose Gold Bridal Keepsake","Daniel P.",5,"2026-02-11","Absolutely stunning! I ordered this for our rehearsal dinner and couldn't be happier. Everyone kept asking where I got this. I'm so happy with how this turned out."
"The Heirloom Botanical Hairbrush | Personalized Rose Gold Bridal Keepsake","Chloe E.",5,"2026-04-28","Breathtaking! I ordered this for my bridesmaids and couldn't be happier. The details are just immaculate. The quality is unmatched."
"The Heirloom Botanical Hairbrush | Personalized Rose Gold Bridal Keepsake","Mia L.",5,"2025-12-21","Absolutely stunning! I ordered this for our wedding day and couldn't be happier. The details are just immaculate. The quality is unmatched."
"The Heirloom Botanical Hairbrush | Personalized Rose Gold Bridal Keepsake","Daniel P.",5,"2025-08-27","Exquisite! I ordered this for my fiance and couldn't be happier. I'm so happy with how this turned out. The material feels very luxurious."
"The Heirloom Walnut Ring Dish | Bespoke Jewelry Tray","Sarah M.",5,"2026-04-25","Beyond expectations! I ordered this for my fiance and couldn't be happier. It added the perfect touch to our special day. The material feels very luxurious."
"The Heirloom Walnut Ring Dish | Bespoke Jewelry Tray","Olivia H.",5,"2025-09-29","Breathtaking! I ordered this for my wedding and couldn't be happier. I'm so happy with how this turned out. Customer service was so helpful too."
"The Heirloom Walnut Ring Dish | Bespoke Jewelry Tray","Charlotte R.",5,"2026-01-23","Premium quality! I ordered this for my bridesmaids and couldn't be happier. The quality is unmatched. Shipping was super fast and it was packaged perfectly."
"The Heirloom Walnut Ring Dish | Bespoke Jewelry Tray","Jessica T.",5,"2025-08-25","Fantastic! I ordered this for my bridesmaids and couldn't be happier. It looks even better in person. The customization was exactly as I requested."
"The Heirloom Walnut Ring Dish | Bespoke Jewelry Tray","Michael T.",5,"2026-02-21","Gorgeous! I ordered this for my groomsmen and couldn't be happier. The material feels very luxurious. It looks even better in person."
"The Heirloom Walnut Ring Dish | Bespoke Jewelry Tray","Amanda C.",5,"2026-04-25","Absolutely stunning! I ordered this for my bridal party and couldn't be happier. Customer service was so helpful too. It added the perfect touch to our special day."
"The Heirloom Walnut Ring Dish | Bespoke Jewelry Tray","Rachel D.",5,"2026-04-11","Absolutely stunning! I ordered this for my wedding and couldn't be happier. Everyone kept asking where I got this. It added the perfect touch to our special day."
"The Heirloom Walnut Ring Dish | Bespoke Jewelry Tray","Sydney C.",4,"2025-07-31","Breathtaking! I ordered this for my bridal party and couldn't be happier. I'm so happy with how this turned out. The details are just immaculate."
"The Heirloom Walnut Ring Dish | Bespoke Jewelry Tray","Olivia H.",5,"2025-11-01","Lovely! I ordered this for the big day and couldn't be happier. It looks even better in person. I've recommended this shop to all my engaged friends."
"The Heirloom Walnut Ring Dish | Bespoke Jewelry Tray","Kayla P.",5,"2026-03-21","Incredible! I ordered this for my groomsmen and couldn't be happier. This was my favorite purchase for the wedding. It looks even better in person."
"The Heirloom Walnut Ring Dish | Bespoke Jewelry Tray","David M.",5,"2026-01-06","Beyond expectations! I ordered this for my groomsmen and couldn't be happier. It looks even better in person. I will definitely be ordering again."
"The Heirloom Walnut Ring Dish | Bespoke Jewelry Tray","Joseph D.",4,"2025-12-24","Exquisite! I ordered this for my groomsmen and couldn't be happier. The customization was exactly as I requested. I will definitely be ordering again."
"The Heirloom Walnut Ring Dish | Bespoke Jewelry Tray","William L.",5,"2025-12-04","Perfect! I ordered this for my bachelorette party and couldn't be happier. I've recommended this shop to all my engaged friends. The details are just immaculate."
"The Heirloom Walnut Ring Dish | Bespoke Jewelry Tray","Brittany L.",5,"2026-04-16","Flawless! I ordered this for my bridal party and couldn't be happier. The details are just immaculate. The customization was exactly as I requested."
"The Heirloom Walnut Ring Dish | Bespoke Jewelry Tray","Brittany L.",5,"2025-12-21","Exquisite! I ordered this for my bridesmaids and couldn't be happier. I've recommended this shop to all my engaged friends. Customer service was so helpful too."
"The Heirloom Walnut Ring Dish | Bespoke Jewelry Tray","Amanda C.",5,"2025-07-07","Incredible! I ordered this for my groomsmen and couldn't be happier. It looks even better in person. I've recommended this shop to all my engaged friends."
"The Heirloom Walnut Ring Dish | Bespoke Jewelry Tray","Abigail P.",5,"2026-04-23","Perfect! I ordered this for my groomsmen and couldn't be happier. The customization was exactly as I requested. The material feels very luxurious."
"The Heirloom Walnut Ring Dish | Bespoke Jewelry Tray","Natalie M.",5,"2026-04-27","Breathtaking! I ordered this for my wedding and couldn't be happier. It added the perfect touch to our special day. I will definitely be ordering again."
"The Heirloom Walnut Ring Dish | Bespoke Jewelry Tray","Abigail P.",5,"2025-10-11","Perfect! I ordered this for the big day and couldn't be happier. Such a premium feel to it. The details are just immaculate."
"The Heirloom Walnut Ring Dish | Bespoke Jewelry Tray","David M.",5,"2026-01-10","Lovely! I ordered this for my groomsmen and couldn't be happier. Everyone kept asking where I got this. I'm so happy with how this turned out."
"Bespoke Gold-Gilded Agate Coaster | Heirloom Wedding Favor & Place Setting","Elizabeth V.",5,"2025-08-16","Lovely! I ordered this for my fiance and couldn't be happier. It looks even better in person. The material feels very luxurious."
"Bespoke Gold-Gilded Agate Coaster | Heirloom Wedding Favor & Place Setting","Isabella G.",5,"2026-03-22","Gorgeous! I ordered this for our rehearsal dinner and couldn't be happier. Everyone kept asking where I got this. The material feels very luxurious."
"Bespoke Gold-Gilded Agate Coaster | Heirloom Wedding Favor & Place Setting","David M.",5,"2025-12-21","Lovely! I ordered this for the big day and couldn't be happier. It added the perfect touch to our special day. I will definitely be ordering again."
"Bespoke Gold-Gilded Agate Coaster | Heirloom Wedding Favor & Place Setting","Rachel D.",5,"2026-05-02","Absolutely stunning! I ordered this for my fiance and couldn't be happier. It added the perfect touch to our special day. Such a premium feel to it."
"Bespoke Gold-Gilded Agate Coaster | Heirloom Wedding Favor & Place Setting","Isabella G.",5,"2025-06-05","Perfect! I ordered this for my bridal shower and couldn't be happier. Shipping was super fast and it was packaged perfectly. Everyone kept asking where I got this."
"Bespoke Gold-Gilded Agate Coaster | Heirloom Wedding Favor & Place Setting","Sarah M.",5,"2025-11-02","Flawless! I ordered this for our wedding day and couldn't be happier. The material feels very luxurious. I'm so happy with how this turned out."
"Bespoke Gold-Gilded Agate Coaster | Heirloom Wedding Favor & Place Setting","Nicole K.",4,"2026-04-15","Gorgeous! I ordered this for my groomsmen and couldn't be happier. Everyone kept asking where I got this. Shipping was super fast and it was packaged perfectly."
"Bespoke Gold-Gilded Agate Coaster | Heirloom Wedding Favor & Place Setting","Isabella G.",5,"2026-03-04","Breathtaking! I ordered this for my bridal shower and couldn't be happier. I've recommended this shop to all my engaged friends. The material feels very luxurious."
"Bespoke Gold-Gilded Agate Coaster | Heirloom Wedding Favor & Place Setting","Nicole K.",5,"2025-06-17","Incredible! I ordered this for our rehearsal dinner and couldn't be happier. Customer service was so helpful too. This was my favorite purchase for the wedding."
"Bespoke Gold-Gilded Agate Coaster | Heirloom Wedding Favor & Place Setting","Emma T.",5,"2025-11-02","Beyond expectations! I ordered this for my bachelorette party and couldn't be happier. It looks even better in person. The details are just immaculate."
"Bespoke Gold-Gilded Agate Coaster | Heirloom Wedding Favor & Place Setting","Joseph D.",5,"2026-05-04","Fantastic! I ordered this for my wedding and couldn't be happier. This was my favorite purchase for the wedding. The quality is unmatched."
"Bespoke Gold-Gilded Agate Coaster | Heirloom Wedding Favor & Place Setting","David M.",5,"2025-05-18","Breathtaking! I ordered this for my bridesmaids and couldn't be happier. I will definitely be ordering again. I'm so happy with how this turned out."
"Bespoke Gold-Gilded Agate Coaster | Heirloom Wedding Favor & Place Setting","Isabella G.",5,"2025-08-14","High quality! I ordered this for my groomsmen and couldn't be happier. It added the perfect touch to our special day. Customer service was so helpful too."
"Bespoke Gold-Gilded Agate Coaster | Heirloom Wedding Favor & Place Setting","David M.",5,"2025-08-04","Breathtaking! I ordered this for my bridal shower and couldn't be happier. It added the perfect touch to our special day. It looks even better in person."
"Bespoke Gold-Gilded Agate Coaster | Heirloom Wedding Favor & Place Setting","Ava S.",5,"2025-09-07","Gorgeous! I ordered this for my bridesmaids and couldn't be happier. I've recommended this shop to all my engaged friends. It looks even better in person."
"Bespoke Gold-Gilded Agate Coaster | Heirloom Wedding Favor & Place Setting","David M.",5,"2025-08-23","Gorgeous! I ordered this for my fiance and couldn't be happier. Everyone kept asking where I got this. The material feels very luxurious."
"Bespoke Gold-Gilded Agate Coaster | Heirloom Wedding Favor & Place Setting","Sydney C.",4,"2026-02-03","Perfect! I ordered this for my fiance and couldn't be happier. I'm so happy with how this turned out. It added the perfect touch to our special day."
"Bespoke Gold-Gilded Agate Coaster | Heirloom Wedding Favor & Place Setting","Amanda C.",5,"2025-06-17","Perfect! I ordered this for my bachelorette party and couldn't be happier. Everyone kept asking where I got this. The material feels very luxurious."
"Bespoke Gold-Gilded Agate Coaster | Heirloom Wedding Favor & Place Setting","Lauren H.",5,"2026-04-15","Beyond expectations! I ordered this for my groomsmen and couldn't be happier. Everyone kept asking where I got this. I'm so happy with how this turned out."
"Bespoke Gold-Gilded Agate Coaster | Heirloom Wedding Favor & Place Setting","John C.",5,"2025-08-08","Perfect! I ordered this for my bridesmaids and couldn't be happier. I'm so happy with how this turned out. Everyone kept asking where I got this."
"Bespoke Leather Golf Pouch & Tee Holder | Personalized Groomsman Keepsake","Grace B.",5,"2026-05-02","Gorgeous! I ordered this for our rehearsal dinner and couldn't be happier. I will definitely be ordering again. I'm so happy with how this turned out."
"Bespoke Leather Golf Pouch & Tee Holder | Personalized Groomsman Keepsake","Natalie M.",5,"2026-02-07","Flawless! I ordered this for a gift and couldn't be happier. It looks even better in person. This was my favorite purchase for the wedding."
"Bespoke Leather Golf Pouch & Tee Holder | Personalized Groomsman Keepsake","Ashley B.",5,"2026-01-07","Flawless! I ordered this for my fiance and couldn't be happier. I've recommended this shop to all my engaged friends. Everyone kept asking where I got this."
"Bespoke Leather Golf Pouch & Tee Holder | Personalized Groomsman Keepsake","Jessica T.",5,"2026-05-07","So elegant! I ordered this for a gift and couldn't be happier. Customer service was so helpful too. Shipping was super fast and it was packaged perfectly."
"Bespoke Leather Golf Pouch & Tee Holder | Personalized Groomsman Keepsake","Rachel D.",5,"2025-08-16","Lovely! I ordered this for a gift and couldn't be happier. Customer service was so helpful too. I will definitely be ordering again."
"Bespoke Leather Golf Pouch & Tee Holder | Personalized Groomsman Keepsake","Hannah G.",5,"2026-01-25","Incredible! I ordered this for my wedding and couldn't be happier. Such a premium feel to it. I've recommended this shop to all my engaged friends."
"Bespoke Leather Golf Pouch & Tee Holder | Personalized Groomsman Keepsake","Grace B.",4,"2025-09-27","Beautiful! I ordered this for our wedding day and couldn't be happier. The material feels very luxurious. It looks even better in person."
"Bespoke Leather Golf Pouch & Tee Holder | Personalized Groomsman Keepsake","Olivia H.",5,"2026-05-04","Gorgeous! I ordered this for my bridesmaids and couldn't be happier. Such a premium feel to it. I will definitely be ordering again."
"Bespoke Leather Golf Pouch & Tee Holder | Personalized Groomsman Keepsake","Chloe E.",5,"2025-06-28","Flawless! I ordered this for my wedding and couldn't be happier. It looks even better in person. The customization was exactly as I requested."
"Bespoke Leather Golf Pouch & Tee Holder | Personalized Groomsman Keepsake","Matthew B.",4,"2026-03-20","Beyond expectations! I ordered this for our rehearsal dinner and couldn't be happier. It looks even better in person. The material feels very luxurious."
"Bespoke Leather Golf Pouch & Tee Holder | Personalized Groomsman Keepsake","Ashley B.",5,"2025-06-16","Incredible! I ordered this for our rehearsal dinner and couldn't be happier. Such a premium feel to it. I'm so happy with how this turned out."
"Bespoke Leather Golf Pouch & Tee Holder | Personalized Groomsman Keepsake","Christopher H.",4,"2025-12-19","Incredible! I ordered this for our wedding day and couldn't be happier. I will definitely be ordering again. It added the perfect touch to our special day."
"Bespoke Leather Golf Pouch & Tee Holder | Personalized Groomsman Keepsake","Grace B.",5,"2025-06-27","High quality! I ordered this for a gift and couldn't be happier. The details are just immaculate. The material feels very luxurious."
"Bespoke Leather Golf Pouch & Tee Holder | Personalized Groomsman Keepsake","Abigail P.",5,"2026-04-14","Beautiful! I ordered this for a gift and couldn't be happier. It added the perfect touch to our special day. Customer service was so helpful too."
"Bespoke Leather Golf Pouch & Tee Holder | Personalized Groomsman Keepsake","Kayla P.",4,"2025-09-11","Premium quality! I ordered this for our rehearsal dinner and couldn't be happier. The quality is unmatched. Customer service was so helpful too."
"Bespoke Leather Golf Pouch & Tee Holder | Personalized Groomsman Keepsake","Sarah M.",5,"2025-08-06","Premium quality! I ordered this for my bridal shower and couldn't be happier. It added the perfect touch to our special day. The material feels very luxurious."
"Bespoke Leather Golf Pouch & Tee Holder | Personalized Groomsman Keepsake","Jessica T.",5,"2025-10-02","Gorgeous! I ordered this for my groomsmen and couldn't be happier. I'm so happy with how this turned out. The material feels very luxurious."
"Bespoke Leather Golf Pouch & Tee Holder | Personalized Groomsman Keepsake","Olivia H.",4,"2025-07-27","Gorgeous! I ordered this for our wedding day and couldn't be happier. The details are just immaculate. Such a premium feel to it."
"Bespoke Leather Golf Pouch & Tee Holder | Personalized Groomsman Keepsake","Elizabeth V.",5,"2025-11-26","Absolutely stunning! I ordered this for my wedding and couldn't be happier. Everyone kept asking where I got this. The material feels very luxurious."
"Bespoke Leather Golf Pouch & Tee Holder | Personalized Groomsman Keepsake","Grace B.",5,"2025-10-26","Perfect! I ordered this for my wedding and couldn't be happier. The quality is unmatched. It looks even better in person."
"Bespoke Engraved Groomsmen Pint Glass | Heirloom Wedding Drinkware","Nicole K.",5,"2026-02-22","Fantastic! I ordered this for my bridal party and couldn't be happier. It looks even better in person. Shipping was super fast and it was packaged perfectly."
"Bespoke Engraved Groomsmen Pint Glass | Heirloom Wedding Drinkware","James R.",5,"2025-12-06","Exquisite! I ordered this for the big day and couldn't be happier. I will definitely be ordering again. I'm so happy with how this turned out."
"Bespoke Engraved Groomsmen Pint Glass | Heirloom Wedding Drinkware","Ashley B.",5,"2026-03-02","Exquisite! I ordered this for my fiance and couldn't be happier. I'm so happy with how this turned out. It looks even better in person."
"Bespoke Engraved Groomsmen Pint Glass | Heirloom Wedding Drinkware","Daniel P.",5,"2026-03-31","Beyond expectations! I ordered this for my bridesmaids and couldn't be happier. The quality is unmatched. I will definitely be ordering again."
"Bespoke Engraved Groomsmen Pint Glass | Heirloom Wedding Drinkware","Chloe E.",5,"2025-09-20","Fantastic! I ordered this for the big day and couldn't be happier. Everyone kept asking where I got this. The quality is unmatched."
"Bespoke Engraved Groomsmen Pint Glass | Heirloom Wedding Drinkware","John C.",5,"2025-10-17","Absolutely stunning! I ordered this for my bridal shower and couldn't be happier. This was my favorite purchase for the wedding. The details are just immaculate."
"Bespoke Engraved Groomsmen Pint Glass | Heirloom Wedding Drinkware","Olivia H.",4,"2025-08-02","Premium quality! I ordered this for my bridesmaids and couldn't be happier. It looks even better in person. The customization was exactly as I requested."
"Bespoke Engraved Groomsmen Pint Glass | Heirloom Wedding Drinkware","Hannah G.",5,"2025-07-29","Breathtaking! I ordered this for my wedding and couldn't be happier. The details are just immaculate. Such a premium feel to it."
"Bespoke Engraved Groomsmen Pint Glass | Heirloom Wedding Drinkware","Victoria J.",5,"2025-11-16","Gorgeous! I ordered this for my bridal shower and couldn't be happier. Such a premium feel to it. Everyone kept asking where I got this."
"Bespoke Engraved Groomsmen Pint Glass | Heirloom Wedding Drinkware","Matthew B.",5,"2025-06-05","Fantastic! I ordered this for my groomsmen and couldn't be happier. I will definitely be ordering again. The details are just immaculate."
"Bespoke Engraved Groomsmen Pint Glass | Heirloom Wedding Drinkware","Natalie M.",5,"2025-08-24","Exquisite! I ordered this for our wedding day and couldn't be happier. This was my favorite purchase for the wedding. Shipping was super fast and it was packaged perfectly."
"Bespoke Engraved Groomsmen Pint Glass | Heirloom Wedding Drinkware","Emily R.",5,"2026-05-02","Perfect! I ordered this for our wedding day and couldn't be happier. Customer service was so helpful too. The quality is unmatched."
"Bespoke Engraved Groomsmen Pint Glass | Heirloom Wedding Drinkware","Nicole K.",5,"2026-05-13","Beautiful! I ordered this for a gift and couldn't be happier. Such a premium feel to it. Customer service was so helpful too."
"Bespoke Engraved Groomsmen Pint Glass | Heirloom Wedding Drinkware","Olivia H.",5,"2025-08-17","Lovely! I ordered this for my bachelorette party and couldn't be happier. I'm so happy with how this turned out. I've recommended this shop to all my engaged friends."
"Bespoke Engraved Groomsmen Pint Glass | Heirloom Wedding Drinkware","Christopher H.",5,"2025-08-28","Beautiful! I ordered this for our wedding day and couldn't be happier. I will definitely be ordering again. The material feels very luxurious."
"Bespoke Engraved Groomsmen Pint Glass | Heirloom Wedding Drinkware","Charlotte R.",5,"2025-12-23","Fantastic! I ordered this for my bridal party and couldn't be happier. It added the perfect touch to our special day. It looks even better in person."
"Bespoke Engraved Groomsmen Pint Glass | Heirloom Wedding Drinkware","Taylor F.",5,"2026-04-29","Perfect! I ordered this for my fiance and couldn't be happier. This was my favorite purchase for the wedding. It added the perfect touch to our special day."
"Bespoke Engraved Groomsmen Pint Glass | Heirloom Wedding Drinkware","James R.",5,"2025-08-14","Incredible! I ordered this for my fiance and couldn't be happier. Customer service was so helpful too. I'm so happy with how this turned out."
"Bespoke Engraved Groomsmen Pint Glass | Heirloom Wedding Drinkware","Brittany L.",5,"2025-08-15","Lovely! I ordered this for my fiance and couldn't be happier. Such a premium feel to it. This was my favorite purchase for the wedding."
"Bespoke Engraved Groomsmen Pint Glass | Heirloom Wedding Drinkware","Sophia K.",4,"2026-04-08","Breathtaking! I ordered this for my bridal shower and couldn't be happier. Customer service was so helpful too. Everyone kept asking where I got this."
"Bespoke Engraved Heirloom Bottle Opener | Artisan Wedding Favors","Olivia H.",5,"2025-12-11","Flawless! I ordered this for my wedding and couldn't be happier. It added the perfect touch to our special day. Customer service was so helpful too."
"Bespoke Engraved Heirloom Bottle Opener | Artisan Wedding Favors","Elizabeth V.",4,"2025-07-20","Gorgeous! I ordered this for my bridal party and couldn't be happier. Shipping was super fast and it was packaged perfectly. Everyone kept asking where I got this."
"Bespoke Engraved Heirloom Bottle Opener | Artisan Wedding Favors","Victoria J.",5,"2025-09-14","So elegant! I ordered this for the big day and couldn't be happier. Customer service was so helpful too. Everyone kept asking where I got this."
"Bespoke Engraved Heirloom Bottle Opener | Artisan Wedding Favors","Taylor F.",5,"2026-04-12","High quality! I ordered this for my bridal shower and couldn't be happier. The material feels very luxurious. Everyone kept asking where I got this."
"Bespoke Engraved Heirloom Bottle Opener | Artisan Wedding Favors","David M.",5,"2025-12-15","Perfect! I ordered this for my fiance and couldn't be happier. Customer service was so helpful too. The details are just immaculate."
"Bespoke Engraved Heirloom Bottle Opener | Artisan Wedding Favors","Elizabeth V.",5,"2026-03-05","Amazing! I ordered this for our rehearsal dinner and couldn't be happier. This was my favorite purchase for the wedding. It added the perfect touch to our special day."
"Bespoke Engraved Heirloom Bottle Opener | Artisan Wedding Favors","Rachel D.",5,"2025-06-29","Breathtaking! I ordered this for my fiance and couldn't be happier. It added the perfect touch to our special day. It looks even better in person."
"Bespoke Engraved Heirloom Bottle Opener | Artisan Wedding Favors","Daniel P.",5,"2026-03-16","Beyond expectations! I ordered this for our wedding day and couldn't be happier. Everyone kept asking where I got this. I'm so happy with how this turned out."
"Bespoke Engraved Heirloom Bottle Opener | Artisan Wedding Favors","Michael T.",5,"2026-03-13","Lovely! I ordered this for my bridesmaids and couldn't be happier. Everyone kept asking where I got this. It looks even better in person."
"Bespoke Engraved Heirloom Bottle Opener | Artisan Wedding Favors","John C.",4,"2025-07-24","Gorgeous! I ordered this for the big day and couldn't be happier. It added the perfect touch to our special day. This was my favorite purchase for the wedding."
"Bespoke Engraved Heirloom Bottle Opener | Artisan Wedding Favors","Sydney C.",5,"2025-07-03","Breathtaking! I ordered this for my groomsmen and couldn't be happier. I will definitely be ordering again. This was my favorite purchase for the wedding."
"Bespoke Engraved Heirloom Bottle Opener | Artisan Wedding Favors","Jessica T.",5,"2025-11-06","Gorgeous! I ordered this for my bridal party and couldn't be happier. It looks even better in person. The material feels very luxurious."
"Bespoke Engraved Heirloom Bottle Opener | Artisan Wedding Favors","Michael T.",4,"2026-03-31","So elegant! I ordered this for my bridal shower and couldn't be happier. Everyone kept asking where I got this. Such a premium feel to it."
"Bespoke Engraved Heirloom Bottle Opener | Artisan Wedding Favors","Joseph D.",5,"2025-07-19","Fantastic! I ordered this for my bridal shower and couldn't be happier. The quality is unmatched. I will definitely be ordering again."
"Bespoke Engraved Heirloom Bottle Opener | Artisan Wedding Favors","Grace B.",5,"2025-06-08","Breathtaking! I ordered this for the big day and couldn't be happier. It looks even better in person. The details are just immaculate."
"Bespoke Engraved Heirloom Bottle Opener | Artisan Wedding Favors","Daniel P.",4,"2025-06-20","Beautiful! I ordered this for my bridesmaids and couldn't be happier. The details are just immaculate. I will definitely be ordering again."
"Bespoke Engraved Heirloom Bottle Opener | Artisan Wedding Favors","Amanda C.",5,"2026-01-22","High quality! I ordered this for my bridal party and couldn't be happier. The details are just immaculate. The quality is unmatched."
"Bespoke Engraved Heirloom Bottle Opener | Artisan Wedding Favors","Abigail P.",5,"2025-06-25","Incredible! I ordered this for our rehearsal dinner and couldn't be happier. Customer service was so helpful too. Everyone kept asking where I got this."
"Bespoke Engraved Heirloom Bottle Opener | Artisan Wedding Favors","Kayla P.",5,"2025-10-18","Beyond expectations! I ordered this for my groomsmen and couldn't be happier. Such a premium feel to it. I will definitely be ordering again."
"Bespoke Engraved Heirloom Bottle Opener | Artisan Wedding Favors","Christopher H.",5,"2026-04-29","Beautiful! I ordered this for our rehearsal dinner and couldn't be happier. The material feels very luxurious. I will definitely be ordering again."
"Bespoke Engraved Guitar Capo | Heirloom Musician Keepsake","Sophia K.",5,"2025-11-14","Beautiful! I ordered this for our rehearsal dinner and couldn't be happier. Everyone kept asking where I got this. I've recommended this shop to all my engaged friends."
"Bespoke Engraved Guitar Capo | Heirloom Musician Keepsake","Olivia H.",5,"2026-02-05","Exquisite! I ordered this for my bridal party and couldn't be happier. The details are just immaculate. Shipping was super fast and it was packaged perfectly."
"Bespoke Engraved Guitar Capo | Heirloom Musician Keepsake","Abigail P.",4,"2025-06-23","Exquisite! I ordered this for the big day and couldn't be happier. Everyone kept asking where I got this. The material feels very luxurious."
"Bespoke Engraved Guitar Capo | Heirloom Musician Keepsake","Hannah G.",5,"2026-01-28","So elegant! I ordered this for my bridesmaids and couldn't be happier. I will definitely be ordering again. The customization was exactly as I requested."
"Bespoke Engraved Guitar Capo | Heirloom Musician Keepsake","Alexis N.",5,"2026-04-03","High quality! I ordered this for my bridal shower and couldn't be happier. I've recommended this shop to all my engaged friends. It looks even better in person."
"Bespoke Engraved Guitar Capo | Heirloom Musician Keepsake","Victoria J.",5,"2026-01-24","High quality! I ordered this for our rehearsal dinner and couldn't be happier. The material feels very luxurious. Such a premium feel to it."
"Bespoke Engraved Guitar Capo | Heirloom Musician Keepsake","Hannah G.",4,"2025-09-12","So elegant! I ordered this for a gift and couldn't be happier. It added the perfect touch to our special day. Customer service was so helpful too."
"Bespoke Engraved Guitar Capo | Heirloom Musician Keepsake","Rachel D.",5,"2026-02-16","Amazing! I ordered this for a gift and couldn't be happier. Everyone kept asking where I got this. Shipping was super fast and it was packaged perfectly."
"Bespoke Engraved Guitar Capo | Heirloom Musician Keepsake","Madison A.",5,"2025-09-14","Incredible! I ordered this for our wedding day and couldn't be happier. It looks even better in person. Everyone kept asking where I got this."
"Bespoke Engraved Guitar Capo | Heirloom Musician Keepsake","Elizabeth V.",5,"2025-08-19","Beyond expectations! I ordered this for my bridesmaids and couldn't be happier. Such a premium feel to it. The customization was exactly as I requested."
"Bespoke Engraved Guitar Capo | Heirloom Musician Keepsake","Alexis N.",5,"2025-11-19","Beautiful! I ordered this for our wedding day and couldn't be happier. The details are just immaculate. Such a premium feel to it."
"Bespoke Engraved Guitar Capo | Heirloom Musician Keepsake","Michael T.",5,"2025-10-25","Premium quality! I ordered this for a gift and couldn't be happier. The quality is unmatched. The material feels very luxurious."
"Bespoke Engraved Guitar Capo | Heirloom Musician Keepsake","Victoria J.",5,"2025-10-09","High quality! I ordered this for my groomsmen and couldn't be happier. It looks even better in person. I will definitely be ordering again."
"Bespoke Engraved Guitar Capo | Heirloom Musician Keepsake","Ava S.",5,"2025-11-19","Amazing! I ordered this for the big day and couldn't be happier. Shipping was super fast and it was packaged perfectly. Such a premium feel to it."
"Bespoke Engraved Guitar Capo | Heirloom Musician Keepsake","Mia L.",5,"2026-04-30","Perfect! I ordered this for my groomsmen and couldn't be happier. It added the perfect touch to our special day. The details are just immaculate."
"Bespoke Engraved Guitar Capo | Heirloom Musician Keepsake","Sarah M.",5,"2025-06-28","Perfect! I ordered this for the big day and couldn't be happier. It looks even better in person. Customer service was so helpful too."
"Bespoke Engraved Guitar Capo | Heirloom Musician Keepsake","Daniel P.",5,"2025-10-26","High quality! I ordered this for my bridesmaids and couldn't be happier. Everyone kept asking where I got this. The material feels very luxurious."
"Bespoke Engraved Guitar Capo | Heirloom Musician Keepsake","Elizabeth V.",5,"2025-10-19","Beyond expectations! I ordered this for my fiance and couldn't be happier. It added the perfect touch to our special day. This was my favorite purchase for the wedding."
"Bespoke Engraved Guitar Capo | Heirloom Musician Keepsake","Amanda C.",5,"2026-03-09","Gorgeous! I ordered this for my bridal party and couldn't be happier. I've recommended this shop to all my engaged friends. The details are just immaculate."
"Bespoke Engraved Guitar Capo | Heirloom Musician Keepsake","Christopher H.",4,"2026-03-04","Absolutely stunning! I ordered this for my bachelorette party and couldn't be happier. Shipping was super fast and it was packaged perfectly. I will definitely be ordering again."
"Bespoke Frosted Acrylic Wedding Cups | Personalized Heirloom Drinkware  14 oz ( Pack of 100)","Mia L.",5,"2026-05-02","Breathtaking! I ordered this for my bridal shower and couldn't be happier. The material feels very luxurious. The customization was exactly as I requested."
"Bespoke Frosted Acrylic Wedding Cups | Personalized Heirloom Drinkware  14 oz ( Pack of 100)","Rachel D.",5,"2025-11-21","Beyond expectations! I ordered this for my bachelorette party and couldn't be happier. Everyone kept asking where I got this. Such a premium feel to it."
"Bespoke Frosted Acrylic Wedding Cups | Personalized Heirloom Drinkware  14 oz ( Pack of 100)","Mia L.",5,"2025-07-13","Premium quality! I ordered this for my fiance and couldn't be happier. The material feels very luxurious. The customization was exactly as I requested."
"Bespoke Frosted Acrylic Wedding Cups | Personalized Heirloom Drinkware  14 oz ( Pack of 100)","Matthew B.",5,"2026-04-26","Flawless! I ordered this for my groomsmen and couldn't be happier. It looks even better in person. The material feels very luxurious."
"Bespoke Frosted Acrylic Wedding Cups | Personalized Heirloom Drinkware  14 oz ( Pack of 100)","William L.",5,"2025-10-24","So elegant! I ordered this for my groomsmen and couldn't be happier. Customer service was so helpful too. Everyone kept asking where I got this."
"Bespoke Frosted Acrylic Wedding Cups | Personalized Heirloom Drinkware  14 oz ( Pack of 100)","Charlotte R.",5,"2025-12-29","High quality! I ordered this for the big day and couldn't be happier. The material feels very luxurious. I've recommended this shop to all my engaged friends."
"Bespoke Frosted Acrylic Wedding Cups | Personalized Heirloom Drinkware  14 oz ( Pack of 100)","Christopher H.",5,"2026-01-05","Gorgeous! I ordered this for the big day and couldn't be happier. It added the perfect touch to our special day. It looks even better in person."
"Bespoke Frosted Acrylic Wedding Cups | Personalized Heirloom Drinkware  14 oz ( Pack of 100)","Rachel D.",5,"2026-03-02","High quality! I ordered this for my bridal party and couldn't be happier. The material feels very luxurious. Such a premium feel to it."
"Bespoke Frosted Acrylic Wedding Cups | Personalized Heirloom Drinkware  14 oz ( Pack of 100)","John C.",5,"2026-02-16","Incredible! I ordered this for my groomsmen and couldn't be happier. The quality is unmatched. The customization was exactly as I requested."
"Bespoke Frosted Acrylic Wedding Cups | Personalized Heirloom Drinkware  14 oz ( Pack of 100)","David M.",5,"2026-04-16","Perfect! I ordered this for my fiance and couldn't be happier. The customization was exactly as I requested. It looks even better in person."
"Bespoke Frosted Acrylic Wedding Cups | Personalized Heirloom Drinkware  14 oz ( Pack of 100)","Mia L.",5,"2025-10-26","Fantastic! I ordered this for my bridal party and couldn't be happier. Customer service was so helpful too. The details are just immaculate."
"Bespoke Frosted Acrylic Wedding Cups | Personalized Heirloom Drinkware  14 oz ( Pack of 100)","William L.",5,"2026-01-14","Amazing! I ordered this for my bridesmaids and couldn't be happier. Everyone kept asking where I got this. It added the perfect touch to our special day."
"Bespoke Frosted Acrylic Wedding Cups | Personalized Heirloom Drinkware  14 oz ( Pack of 100)","James R.",4,"2025-06-26","Fantastic! I ordered this for my bridal party and couldn't be happier. Customer service was so helpful too. It added the perfect touch to our special day."
"Bespoke Frosted Acrylic Wedding Cups | Personalized Heirloom Drinkware  14 oz ( Pack of 100)","David M.",5,"2025-10-24","Absolutely stunning! I ordered this for my bridal shower and couldn't be happier. Everyone kept asking where I got this. Customer service was so helpful too."
"Bespoke Frosted Acrylic Wedding Cups | Personalized Heirloom Drinkware  14 oz ( Pack of 100)","Madison A.",5,"2025-08-08","Absolutely stunning! I ordered this for a gift and couldn't be happier. The customization was exactly as I requested. The material feels very luxurious."
"Bespoke Frosted Acrylic Wedding Cups | Personalized Heirloom Drinkware  14 oz ( Pack of 100)","Mia L.",5,"2025-10-17","Premium quality! I ordered this for our wedding day and couldn't be happier. It added the perfect touch to our special day. Everyone kept asking where I got this."
"Bespoke Frosted Acrylic Wedding Cups | Personalized Heirloom Drinkware  14 oz ( Pack of 100)","Emma T.",5,"2026-01-08","Breathtaking! I ordered this for my bachelorette party and couldn't be happier. This was my favorite purchase for the wedding. Such a premium feel to it."
"Bespoke Frosted Acrylic Wedding Cups | Personalized Heirloom Drinkware  14 oz ( Pack of 100)","Victoria J.",5,"2025-11-17","Beyond expectations! I ordered this for my fiance and couldn't be happier. I've recommended this shop to all my engaged friends. It looks even better in person."
"Bespoke Frosted Acrylic Wedding Cups | Personalized Heirloom Drinkware  14 oz ( Pack of 100)","Kayla P.",5,"2026-03-15","Fantastic! I ordered this for a gift and couldn't be happier. The details are just immaculate. I will definitely be ordering again."
"Bespoke Frosted Acrylic Wedding Cups | Personalized Heirloom Drinkware  14 oz ( Pack of 100)","John C.",5,"2025-11-18","Beyond expectations! I ordered this for my bridal shower and couldn't be happier. The details are just immaculate. It looks even better in person."
"Bespoke Botanical Makeup Brush Portfolio | Personalized Bridesmaid Heirloom","Joseph D.",5,"2026-04-10","Perfect! I ordered this for my fiance and couldn't be happier. Shipping was super fast and it was packaged perfectly. The details are just immaculate."
"Bespoke Botanical Makeup Brush Portfolio | Personalized Bridesmaid Heirloom","Nicole K.",4,"2025-08-13","Lovely! I ordered this for my bridal party and couldn't be happier. This was my favorite purchase for the wedding. It added the perfect touch to our special day."
"Bespoke Botanical Makeup Brush Portfolio | Personalized Bridesmaid Heirloom","Ashley B.",5,"2025-07-19","Perfect! I ordered this for my bachelorette party and couldn't be happier. The material feels very luxurious. I'm so happy with how this turned out."
"Bespoke Botanical Makeup Brush Portfolio | Personalized Bridesmaid Heirloom","Charlotte R.",5,"2025-10-13","Breathtaking! I ordered this for a gift and couldn't be happier. The quality is unmatched. It added the perfect touch to our special day."
"Bespoke Botanical Makeup Brush Portfolio | Personalized Bridesmaid Heirloom","Mia L.",5,"2026-04-09","Flawless! I ordered this for our rehearsal dinner and couldn't be happier. I'm so happy with how this turned out. Everyone kept asking where I got this."
"Bespoke Botanical Makeup Brush Portfolio | Personalized Bridesmaid Heirloom","John C.",5,"2025-08-02","Lovely! I ordered this for my groomsmen and couldn't be happier. Customer service was so helpful too. The material feels very luxurious."
"Bespoke Botanical Makeup Brush Portfolio | Personalized Bridesmaid Heirloom","John C.",4,"2026-04-20","Exquisite! I ordered this for my groomsmen and couldn't be happier. It added the perfect touch to our special day. I've recommended this shop to all my engaged friends."
"Bespoke Botanical Makeup Brush Portfolio | Personalized Bridesmaid Heirloom","William L.",5,"2025-08-21","Exquisite! I ordered this for my groomsmen and couldn't be happier. The details are just immaculate. Everyone kept asking where I got this."
"Bespoke Botanical Makeup Brush Portfolio | Personalized Bridesmaid Heirloom","Matthew B.",4,"2025-07-18","Flawless! I ordered this for a gift and couldn't be happier. The material feels very luxurious. Shipping was super fast and it was packaged perfectly."
"Bespoke Botanical Makeup Brush Portfolio | Personalized Bridesmaid Heirloom","Alexis N.",5,"2025-12-20","Exquisite! I ordered this for my fiance and couldn't be happier. It added the perfect touch to our special day. The quality is unmatched."
"Bespoke Botanical Makeup Brush Portfolio | Personalized Bridesmaid Heirloom","Natalie M.",5,"2025-05-28","Absolutely stunning! I ordered this for my bachelorette party and couldn't be happier. Customer service was so helpful too. Shipping was super fast and it was packaged perfectly."
"Bespoke Botanical Makeup Brush Portfolio | Personalized Bridesmaid Heirloom","Michael T.",5,"2025-05-29","Amazing! I ordered this for my bridal shower and couldn't be happier. Such a premium feel to it. The quality is unmatched."
"Bespoke Botanical Makeup Brush Portfolio | Personalized Bridesmaid Heirloom","Megan S.",5,"2025-07-06","So elegant! I ordered this for my bridesmaids and couldn't be happier. Such a premium feel to it. The customization was exactly as I requested."
"Bespoke Botanical Makeup Brush Portfolio | Personalized Bridesmaid Heirloom","Joseph D.",5,"2025-10-27","Beyond expectations! I ordered this for my bridal shower and couldn't be happier. I'm so happy with how this turned out. The customization was exactly as I requested."
"Bespoke Botanical Makeup Brush Portfolio | Personalized Bridesmaid Heirloom","Lauren H.",4,"2025-07-10","Flawless! I ordered this for a gift and couldn't be happier. I've recommended this shop to all my engaged friends. This was my favorite purchase for the wedding."
"Bespoke Botanical Makeup Brush Portfolio | Personalized Bridesmaid Heirloom","Mia L.",5,"2026-03-23","Premium quality! I ordered this for my bridesmaids and couldn't be happier. This was my favorite purchase for the wedding. Everyone kept asking where I got this."
"Bespoke Botanical Makeup Brush Portfolio | Personalized Bridesmaid Heirloom","James R.",5,"2026-05-04","Lovely! I ordered this for my bachelorette party and couldn't be happier. The details are just immaculate. I will definitely be ordering again."
"Bespoke Botanical Makeup Brush Portfolio | Personalized Bridesmaid Heirloom","James R.",5,"2025-12-13","Flawless! I ordered this for my groomsmen and couldn't be happier. I've recommended this shop to all my engaged friends. This was my favorite purchase for the wedding."
"Bespoke Botanical Makeup Brush Portfolio | Personalized Bridesmaid Heirloom","Chloe E.",5,"2025-09-12","So elegant! I ordered this for our wedding day and couldn't be happier. I will definitely be ordering again. The customization was exactly as I requested."
"Bespoke Botanical Makeup Brush Portfolio | Personalized Bridesmaid Heirloom","David M.",5,"2026-01-23","Beyond expectations! I ordered this for our rehearsal dinner and couldn't be happier. Such a premium feel to it. The customization was exactly as I requested."
"The Heirloom Mini Velvet Jewelry Case | Bespoke Bridesmaid & Travel Box","Ashley B.",5,"2026-04-02","Exquisite! I ordered this for my wedding and couldn't be happier. It added the perfect touch to our special day. I will definitely be ordering again."
"The Heirloom Mini Velvet Jewelry Case | Bespoke Bridesmaid & Travel Box","Sophia K.",4,"2025-08-31","Flawless! I ordered this for the big day and couldn't be happier. It added the perfect touch to our special day. The material feels very luxurious."
"The Heirloom Mini Velvet Jewelry Case | Bespoke Bridesmaid & Travel Box","Mia L.",5,"2025-12-10","Exquisite! I ordered this for my fiance and couldn't be happier. Shipping was super fast and it was packaged perfectly. The details are just immaculate."
"The Heirloom Mini Velvet Jewelry Case | Bespoke Bridesmaid & Travel Box","Hannah G.",5,"2025-10-15","Beautiful! I ordered this for my bachelorette party and couldn't be happier. The material feels very luxurious. I will definitely be ordering again."
"The Heirloom Mini Velvet Jewelry Case | Bespoke Bridesmaid & Travel Box","Sydney C.",5,"2025-06-15","Flawless! I ordered this for my bridal shower and couldn't be happier. Everyone kept asking where I got this. The details are just immaculate."
"The Heirloom Mini Velvet Jewelry Case | Bespoke Bridesmaid & Travel Box","Emily R.",5,"2025-11-16","Breathtaking! I ordered this for the big day and couldn't be happier. Shipping was super fast and it was packaged perfectly. Customer service was so helpful too."
"The Heirloom Mini Velvet Jewelry Case | Bespoke Bridesmaid & Travel Box","Chloe E.",4,"2025-12-06","Amazing! I ordered this for my bridesmaids and couldn't be happier. Customer service was so helpful too. It looks even better in person."
"The Heirloom Mini Velvet Jewelry Case | Bespoke Bridesmaid & Travel Box","Abigail P.",5,"2026-05-08","So elegant! I ordered this for my groomsmen and couldn't be happier. Such a premium feel to it. It looks even better in person."
"The Heirloom Mini Velvet Jewelry Case | Bespoke Bridesmaid & Travel Box","Olivia H.",5,"2025-11-20","Lovely! I ordered this for my groomsmen and couldn't be happier. The customization was exactly as I requested. The details are just immaculate."
"The Heirloom Mini Velvet Jewelry Case | Bespoke Bridesmaid & Travel Box","Emma T.",5,"2025-08-22","High quality! I ordered this for my bridal shower and couldn't be happier. The material feels very luxurious. Such a premium feel to it."
"The Heirloom Mini Velvet Jewelry Case | Bespoke Bridesmaid & Travel Box","Emily R.",5,"2025-07-22","Fantastic! I ordered this for my fiance and couldn't be happier. The quality is unmatched. Everyone kept asking where I got this."
"The Heirloom Mini Velvet Jewelry Case | Bespoke Bridesmaid & Travel Box","Isabella G.",4,"2025-12-10","Exquisite! I ordered this for my groomsmen and couldn't be happier. This was my favorite purchase for the wedding. I'm so happy with how this turned out."
"The Heirloom Mini Velvet Jewelry Case | Bespoke Bridesmaid & Travel Box","Megan S.",5,"2025-06-12","Gorgeous! I ordered this for my bridesmaids and couldn't be happier. Shipping was super fast and it was packaged perfectly. This was my favorite purchase for the wedding."
"The Heirloom Mini Velvet Jewelry Case | Bespoke Bridesmaid & Travel Box","Abigail P.",5,"2025-09-26","High quality! I ordered this for my bachelorette party and couldn't be happier. This was my favorite purchase for the wedding. I've recommended this shop to all my engaged friends."
"The Heirloom Mini Velvet Jewelry Case | Bespoke Bridesmaid & Travel Box","Megan S.",5,"2026-05-04","Exquisite! I ordered this for a gift and couldn't be happier. The material feels very luxurious. This was my favorite purchase for the wedding."
"The Heirloom Mini Velvet Jewelry Case | Bespoke Bridesmaid & Travel Box","Alexis N.",5,"2026-01-14","Exquisite! I ordered this for my fiance and couldn't be happier. The details are just immaculate. Customer service was so helpful too."
"The Heirloom Mini Velvet Jewelry Case | Bespoke Bridesmaid & Travel Box","Ava S.",4,"2025-08-27","Amazing! I ordered this for my groomsmen and couldn't be happier. I've recommended this shop to all my engaged friends. I'm so happy with how this turned out."
"The Heirloom Mini Velvet Jewelry Case | Bespoke Bridesmaid & Travel Box","Christopher H.",5,"2025-06-26","Breathtaking! I ordered this for a gift and couldn't be happier. It added the perfect touch to our special day. I will definitely be ordering again."
"The Heirloom Mini Velvet Jewelry Case | Bespoke Bridesmaid & Travel Box","Abigail P.",5,"2025-10-01","Exquisite! I ordered this for a gift and couldn't be happier. It looks even better in person. It added the perfect touch to our special day."
"The Heirloom Mini Velvet Jewelry Case | Bespoke Bridesmaid & Travel Box","Madison A.",4,"2025-08-10","Beyond expectations! I ordered this for the big day and couldn't be happier. The details are just immaculate. This was my favorite purchase for the wedding."
"Bespoke Acrylic Cocktail Stirrers | Heirloom Wedding Bar Accessories ( Pack of 100 )","Sarah M.",5,"2025-11-18","Flawless! I ordered this for my bachelorette party and couldn't be happier. The quality is unmatched. This was my favorite purchase for the wedding."
"Bespoke Acrylic Cocktail Stirrers | Heirloom Wedding Bar Accessories ( Pack of 100 )","Taylor F.",5,"2026-01-12","So elegant! I ordered this for my bridesmaids and couldn't be happier. The details are just immaculate. Customer service was so helpful too."
"Bespoke Acrylic Cocktail Stirrers | Heirloom Wedding Bar Accessories ( Pack of 100 )","Mia L.",5,"2025-09-22","Absolutely stunning! I ordered this for my bridal party and couldn't be happier. Customer service was so helpful too. This was my favorite purchase for the wedding."
"Bespoke Acrylic Cocktail Stirrers | Heirloom Wedding Bar Accessories ( Pack of 100 )","Mia L.",4,"2026-03-06","Lovely! I ordered this for our wedding day and couldn't be happier. I'm so happy with how this turned out. I will definitely be ordering again."
"Bespoke Acrylic Cocktail Stirrers | Heirloom Wedding Bar Accessories ( Pack of 100 )","Megan S.",4,"2025-12-19","Flawless! I ordered this for the big day and couldn't be happier. Such a premium feel to it. It looks even better in person."
"Bespoke Acrylic Cocktail Stirrers | Heirloom Wedding Bar Accessories ( Pack of 100 )","Daniel P.",5,"2025-12-15","Fantastic! I ordered this for my wedding and couldn't be happier. The material feels very luxurious. I will definitely be ordering again."
"Bespoke Acrylic Cocktail Stirrers | Heirloom Wedding Bar Accessories ( Pack of 100 )","Isabella G.",5,"2025-09-13","Breathtaking! I ordered this for my bridal shower and couldn't be happier. I'm so happy with how this turned out. Everyone kept asking where I got this."
"Bespoke Acrylic Cocktail Stirrers | Heirloom Wedding Bar Accessories ( Pack of 100 )","Michael T.",5,"2025-05-27","Flawless! I ordered this for my bridesmaids and couldn't be happier. This was my favorite purchase for the wedding. The quality is unmatched."
"Bespoke Acrylic Cocktail Stirrers | Heirloom Wedding Bar Accessories ( Pack of 100 )","Isabella G.",5,"2025-09-05","Perfect! I ordered this for my groomsmen and couldn't be happier. I'm so happy with how this turned out. Everyone kept asking where I got this."
"Bespoke Acrylic Cocktail Stirrers | Heirloom Wedding Bar Accessories ( Pack of 100 )","Alexis N.",4,"2026-01-08","High quality! I ordered this for my bridesmaids and couldn't be happier. I'm so happy with how this turned out. Shipping was super fast and it was packaged perfectly."
"Bespoke Acrylic Cocktail Stirrers | Heirloom Wedding Bar Accessories ( Pack of 100 )","Mia L.",4,"2026-02-13","Absolutely stunning! I ordered this for my bridal shower and couldn't be happier. The customization was exactly as I requested. I'm so happy with how this turned out."
"Bespoke Acrylic Cocktail Stirrers | Heirloom Wedding Bar Accessories ( Pack of 100 )","Alexis N.",5,"2026-01-17","Incredible! I ordered this for the big day and couldn't be happier. It looks even better in person. The material feels very luxurious."
"Bespoke Acrylic Cocktail Stirrers | Heirloom Wedding Bar Accessories ( Pack of 100 )","Kayla P.",5,"2025-10-15","Absolutely stunning! I ordered this for the big day and couldn't be happier. The customization was exactly as I requested. I'm so happy with how this turned out."
"Bespoke Acrylic Cocktail Stirrers | Heirloom Wedding Bar Accessories ( Pack of 100 )","Sydney C.",5,"2025-06-27","Breathtaking! I ordered this for my bridal party and couldn't be happier. It added the perfect touch to our special day. The details are just immaculate."
"Bespoke Acrylic Cocktail Stirrers | Heirloom Wedding Bar Accessories ( Pack of 100 )","Emily R.",5,"2025-09-17","So elegant! I ordered this for a gift and couldn't be happier. The customization was exactly as I requested. Such a premium feel to it."
"Bespoke Acrylic Cocktail Stirrers | Heirloom Wedding Bar Accessories ( Pack of 100 )","John C.",5,"2025-07-18","Beautiful! I ordered this for a gift and couldn't be happier. I'm so happy with how this turned out. The details are just immaculate."
"Bespoke Acrylic Cocktail Stirrers | Heirloom Wedding Bar Accessories ( Pack of 100 )","Matthew B.",5,"2025-11-19","Exquisite! I ordered this for the big day and couldn't be happier. It looks even better in person. The material feels very luxurious."
"Bespoke Acrylic Cocktail Stirrers | Heirloom Wedding Bar Accessories ( Pack of 100 )","Megan S.",5,"2025-07-29","Incredible! I ordered this for a gift and couldn't be happier. The customization was exactly as I requested. Such a premium feel to it."
"Bespoke Acrylic Cocktail Stirrers | Heirloom Wedding Bar Accessories ( Pack of 100 )","Emily R.",5,"2025-12-21","Amazing! I ordered this for my groomsmen and couldn't be happier. I'm so happy with how this turned out. It looks even better in person."
"Bespoke Acrylic Cocktail Stirrers | Heirloom Wedding Bar Accessories ( Pack of 100 )","Mia L.",5,"2025-05-21","Gorgeous! I ordered this for our wedding day and couldn't be happier. Everyone kept asking where I got this. Shipping was super fast and it was packaged perfectly."
"0Bespoke Satin Place Setting Ribbons | Custom Foil Heirloom Bows ( Pack of 100","Ava S.",5,"2025-08-24","Exquisite! I ordered this for our wedding day and couldn't be happier. I've recommended this shop to all my engaged friends. I'm so happy with how this turned out."
"0Bespoke Satin Place Setting Ribbons | Custom Foil Heirloom Bows ( Pack of 100","Jessica T.",5,"2025-11-11","Flawless! I ordered this for the big day and couldn't be happier. It looks even better in person. I'm so happy with how this turned out."
"0Bespoke Satin Place Setting Ribbons | Custom Foil Heirloom Bows ( Pack of 100","Lauren H.",5,"2026-01-31","Lovely! I ordered this for my groomsmen and couldn't be happier. The customization was exactly as I requested. The quality is unmatched."
"0Bespoke Satin Place Setting Ribbons | Custom Foil Heirloom Bows ( Pack of 100","William L.",5,"2025-07-15","Perfect! I ordered this for a gift and couldn't be happier. Such a premium feel to it. The material feels very luxurious."
"0Bespoke Satin Place Setting Ribbons | Custom Foil Heirloom Bows ( Pack of 100","Charlotte R.",5,"2026-04-22","Beyond expectations! I ordered this for the big day and couldn't be happier. It added the perfect touch to our special day. The details are just immaculate."
"0Bespoke Satin Place Setting Ribbons | Custom Foil Heirloom Bows ( Pack of 100","Natalie M.",5,"2025-07-02","Fantastic! I ordered this for our wedding day and couldn't be happier. This was my favorite purchase for the wedding. Shipping was super fast and it was packaged perfectly."
"0Bespoke Satin Place Setting Ribbons | Custom Foil Heirloom Bows ( Pack of 100","Kayla P.",5,"2025-08-28","Premium quality! I ordered this for my fiance and couldn't be happier. Shipping was super fast and it was packaged perfectly. I will definitely be ordering again."
"0Bespoke Satin Place Setting Ribbons | Custom Foil Heirloom Bows ( Pack of 100","Nicole K.",5,"2025-12-21","Premium quality! I ordered this for my bachelorette party and couldn't be happier. The details are just immaculate. I'm so happy with how this turned out."
"0Bespoke Satin Place Setting Ribbons | Custom Foil Heirloom Bows ( Pack of 100","Christopher H.",5,"2025-12-29","High quality! I ordered this for our wedding day and couldn't be happier. I'm so happy with how this turned out. I will definitely be ordering again."
"0Bespoke Satin Place Setting Ribbons | Custom Foil Heirloom Bows ( Pack of 100","Victoria J.",5,"2025-11-11","Absolutely stunning! I ordered this for a gift and couldn't be happier. I've recommended this shop to all my engaged friends. Customer service was so helpful too."
"0Bespoke Satin Place Setting Ribbons | Custom Foil Heirloom Bows ( Pack of 100","Emma T.",5,"2026-04-17","Premium quality! I ordered this for my bridesmaids and couldn't be happier. It looks even better in person. This was my favorite purchase for the wedding."
"0Bespoke Satin Place Setting Ribbons | Custom Foil Heirloom Bows ( Pack of 100","Amanda C.",5,"2026-03-14","So elegant! I ordered this for my bachelorette party and couldn't be happier. I'm so happy with how this turned out. The details are just immaculate."
"0Bespoke Satin Place Setting Ribbons | Custom Foil Heirloom Bows ( Pack of 100","Mia L.",4,"2025-10-11","Perfect! I ordered this for our rehearsal dinner and couldn't be happier. Everyone kept asking where I got this. Shipping was super fast and it was packaged perfectly."
"0Bespoke Satin Place Setting Ribbons | Custom Foil Heirloom Bows ( Pack of 100","Emma T.",4,"2026-02-27","Perfect! I ordered this for our wedding day and couldn't be happier. The material feels very luxurious. The details are just immaculate."
"0Bespoke Satin Place Setting Ribbons | Custom Foil Heirloom Bows ( Pack of 100","Ashley B.",5,"2025-12-24","Fantastic! I ordered this for our wedding day and couldn't be happier. Customer service was so helpful too. I've recommended this shop to all my engaged friends."
"0Bespoke Satin Place Setting Ribbons | Custom Foil Heirloom Bows ( Pack of 100","John C.",5,"2025-06-19","Beyond expectations! I ordered this for my bridal shower and couldn't be happier. I will definitely be ordering again. I've recommended this shop to all my engaged friends."
"0Bespoke Satin Place Setting Ribbons | Custom Foil Heirloom Bows ( Pack of 100","Lauren H.",5,"2026-04-04","Beautiful! I ordered this for my fiance and couldn't be happier. Such a premium feel to it. I will definitely be ordering again."
"0Bespoke Satin Place Setting Ribbons | Custom Foil Heirloom Bows ( Pack of 100","Robert S.",4,"2026-03-01","Amazing! I ordered this for my groomsmen and couldn't be happier. It added the perfect touch to our special day. Customer service was so helpful too."
"0Bespoke Satin Place Setting Ribbons | Custom Foil Heirloom Bows ( Pack of 100","Ashley B.",5,"2025-09-16","So elegant! I ordered this for a gift and couldn't be happier. The quality is unmatched. The material feels very luxurious."
"0Bespoke Satin Place Setting Ribbons | Custom Foil Heirloom Bows ( Pack of 100","Robert S.",5,"2026-05-04","Fantastic! I ordered this for a gift and couldn't be happier. The customization was exactly as I requested. It looks even better in person."
"Bespoke Velvet Heirloom Jewelry Case | Custom Travel Box","Sophia K.",5,"2025-11-20","High quality! I ordered this for the big day and couldn't be happier. The customization was exactly as I requested. It looks even better in person."
"Bespoke Velvet Heirloom Jewelry Case | Custom Travel Box","William L.",5,"2025-12-10","Exquisite! I ordered this for our wedding day and couldn't be happier. I will definitely be ordering again. Customer service was so helpful too."
"Bespoke Velvet Heirloom Jewelry Case | Custom Travel Box","Nicole K.",5,"2025-06-24","Premium quality! I ordered this for my wedding and couldn't be happier. It looks even better in person. Such a premium feel to it."
"Bespoke Velvet Heirloom Jewelry Case | Custom Travel Box","Christopher H.",5,"2025-12-21","Fantastic! I ordered this for my bridal party and couldn't be happier. The material feels very luxurious. Shipping was super fast and it was packaged perfectly."
"Bespoke Velvet Heirloom Jewelry Case | Custom Travel Box","Robert S.",5,"2026-04-10","Fantastic! I ordered this for my fiance and couldn't be happier. The details are just immaculate. Customer service was so helpful too."
"Bespoke Velvet Heirloom Jewelry Case | Custom Travel Box","Charlotte R.",5,"2025-10-05","Beautiful! I ordered this for my bridal party and couldn't be happier. The quality is unmatched. It added the perfect touch to our special day."
"Bespoke Velvet Heirloom Jewelry Case | Custom Travel Box","Ava S.",5,"2025-09-06","Amazing! I ordered this for my bridesmaids and couldn't be happier. This was my favorite purchase for the wedding. The quality is unmatched."
"Bespoke Velvet Heirloom Jewelry Case | Custom Travel Box","Amanda C.",5,"2025-12-06","Perfect! I ordered this for my fiance and couldn't be happier. Everyone kept asking where I got this. It looks even better in person."
"Bespoke Velvet Heirloom Jewelry Case | Custom Travel Box","Natalie M.",5,"2026-02-13","Exquisite! I ordered this for the big day and couldn't be happier. The customization was exactly as I requested. I'm so happy with how this turned out."
"Bespoke Velvet Heirloom Jewelry Case | Custom Travel Box","Jessica T.",5,"2025-09-24","So elegant! I ordered this for my bridal shower and couldn't be happier. The quality is unmatched. I've recommended this shop to all my engaged friends."
"Bespoke Velvet Heirloom Jewelry Case | Custom Travel Box","Olivia H.",5,"2026-01-27","Amazing! I ordered this for my groomsmen and couldn't be happier. The customization was exactly as I requested. I'm so happy with how this turned out."
"Bespoke Velvet Heirloom Jewelry Case | Custom Travel Box","Samantha W.",5,"2026-01-21","Absolutely stunning! I ordered this for my bridal shower and couldn't be happier. I've recommended this shop to all my engaged friends. I'm so happy with how this turned out."
"Bespoke Velvet Heirloom Jewelry Case | Custom Travel Box","James R.",5,"2026-03-23","Absolutely stunning! I ordered this for my bridal shower and couldn't be happier. Shipping was super fast and it was packaged perfectly. This was my favorite purchase for the wedding."
"Bespoke Velvet Heirloom Jewelry Case | Custom Travel Box","Olivia H.",5,"2026-02-08","Premium quality! I ordered this for our rehearsal dinner and couldn't be happier. Shipping was super fast and it was packaged perfectly. The quality is unmatched."
"Bespoke Velvet Heirloom Jewelry Case | Custom Travel Box","James R.",5,"2026-03-03","Lovely! I ordered this for my wedding and couldn't be happier. Customer service was so helpful too. It added the perfect touch to our special day."
"Bespoke Velvet Heirloom Jewelry Case | Custom Travel Box","Nicole K.",5,"2025-06-27","Flawless! I ordered this for my wedding and couldn't be happier. Shipping was super fast and it was packaged perfectly. This was my favorite purchase for the wedding."
"Bespoke Velvet Heirloom Jewelry Case | Custom Travel Box","Robert S.",5,"2025-06-21","Amazing! I ordered this for our wedding day and couldn't be happier. The material feels very luxurious. This was my favorite purchase for the wedding."
"Bespoke Velvet Heirloom Jewelry Case | Custom Travel Box","Samantha W.",5,"2025-06-28","High quality! I ordered this for my groomsmen and couldn't be happier. I'm so happy with how this turned out. I've recommended this shop to all my engaged friends."
"Bespoke Velvet Heirloom Jewelry Case | Custom Travel Box","Jessica T.",5,"2025-06-14","Incredible! I ordered this for my bridesmaids and couldn't be happier. The details are just immaculate. Such a premium feel to it."
"Bespoke Velvet Heirloom Jewelry Case | Custom Travel Box","William L.",5,"2025-10-16","Perfect! I ordered this for my fiance and couldn't be happier. Everyone kept asking where I got this. The customization was exactly as I requested."
"Bespoke Engraved Wedding Cake Serving Set | Heirloom Stainless Steel","Olivia H.",5,"2025-10-24","Premium quality! I ordered this for my wedding and couldn't be happier. This was my favorite purchase for the wedding. I'm so happy with how this turned out."
"Bespoke Engraved Wedding Cake Serving Set | Heirloom Stainless Steel","Sarah M.",5,"2025-07-02","High quality! I ordered this for my wedding and couldn't be happier. Such a premium feel to it. The quality is unmatched."
"Bespoke Engraved Wedding Cake Serving Set | Heirloom Stainless Steel","Madison A.",4,"2025-10-28","Amazing! I ordered this for a gift and couldn't be happier. The material feels very luxurious. Such a premium feel to it."
"Bespoke Engraved Wedding Cake Serving Set | Heirloom Stainless Steel","David M.",5,"2025-07-10","Incredible! I ordered this for our wedding day and couldn't be happier. Customer service was so helpful too. The customization was exactly as I requested."
"Bespoke Engraved Wedding Cake Serving Set | Heirloom Stainless Steel","Sydney C.",5,"2026-03-16","Lovely! I ordered this for my bridal party and couldn't be happier. Customer service was so helpful too. Such a premium feel to it."
"Bespoke Engraved Wedding Cake Serving Set | Heirloom Stainless Steel","Charlotte R.",5,"2026-04-19","Exquisite! I ordered this for our wedding day and couldn't be happier. The details are just immaculate. The material feels very luxurious."
"Bespoke Engraved Wedding Cake Serving Set | Heirloom Stainless Steel","Amanda C.",5,"2025-09-22","Beyond expectations! I ordered this for my bridal shower and couldn't be happier. Such a premium feel to it. The material feels very luxurious."
"Bespoke Engraved Wedding Cake Serving Set | Heirloom Stainless Steel","Ava S.",5,"2025-07-14","Beautiful! I ordered this for my fiance and couldn't be happier. This was my favorite purchase for the wedding. It looks even better in person."
"Bespoke Engraved Wedding Cake Serving Set | Heirloom Stainless Steel","Amanda C.",5,"2025-06-08","Exquisite! I ordered this for our rehearsal dinner and couldn't be happier. I'm so happy with how this turned out. The customization was exactly as I requested."
"Bespoke Engraved Wedding Cake Serving Set | Heirloom Stainless Steel","Emma T.",4,"2025-08-28","High quality! I ordered this for our rehearsal dinner and couldn't be happier. The material feels very luxurious. I'm so happy with how this turned out."
"Bespoke Engraved Wedding Cake Serving Set | Heirloom Stainless Steel","Kayla P.",5,"2026-05-16","Beautiful! I ordered this for my bridesmaids and couldn't be happier. The quality is unmatched. This was my favorite purchase for the wedding."
"Bespoke Engraved Wedding Cake Serving Set | Heirloom Stainless Steel","Elizabeth V.",5,"2026-02-16","So elegant! I ordered this for my bridal party and couldn't be happier. It added the perfect touch to our special day. This was my favorite purchase for the wedding."
"Bespoke Engraved Wedding Cake Serving Set | Heirloom Stainless Steel","Emily R.",5,"2025-12-17","Flawless! I ordered this for my bridal party and couldn't be happier. I will definitely be ordering again. The details are just immaculate."
"Bespoke Engraved Wedding Cake Serving Set | Heirloom Stainless Steel","Christopher H.",5,"2025-07-01","So elegant! I ordered this for my groomsmen and couldn't be happier. The customization was exactly as I requested. It looks even better in person."
"Bespoke Engraved Wedding Cake Serving Set | Heirloom Stainless Steel","Madison A.",5,"2025-10-15","Amazing! I ordered this for my wedding and couldn't be happier. Everyone kept asking where I got this. Customer service was so helpful too."
"Bespoke Engraved Wedding Cake Serving Set | Heirloom Stainless Steel","Madison A.",5,"2025-12-27","Flawless! I ordered this for a gift and couldn't be happier. It looks even better in person. I will definitely be ordering again."
"Bespoke Engraved Wedding Cake Serving Set | Heirloom Stainless Steel","Nicole K.",5,"2025-08-25","Amazing! I ordered this for my groomsmen and couldn't be happier. Such a premium feel to it. Everyone kept asking where I got this."
"Bespoke Engraved Wedding Cake Serving Set | Heirloom Stainless Steel","Elizabeth V.",5,"2026-02-03","Gorgeous! I ordered this for my groomsmen and couldn't be happier. Shipping was super fast and it was packaged perfectly. I'm so happy with how this turned out."
"Bespoke Engraved Wedding Cake Serving Set | Heirloom Stainless Steel","Samantha W.",5,"2025-10-18","Incredible! I ordered this for a gift and couldn't be happier. Customer service was so helpful too. It added the perfect touch to our special day."
"Bespoke Engraved Wedding Cake Serving Set | Heirloom Stainless Steel","Nicole K.",5,"2025-05-21","Amazing! I ordered this for the big day and couldn't be happier. Customer service was so helpful too. This was my favorite purchase for the wedding."
"Bespoke Engraved Mini Whiskey Glass | Heirloom Groomsmen Gift","Jessica T.",5,"2025-08-24","Perfect! I ordered this for my wedding and couldn't be happier. Shipping was super fast and it was packaged perfectly. It looks even better in person."
"Bespoke Engraved Mini Whiskey Glass | Heirloom Groomsmen Gift","Joseph D.",5,"2026-01-29","Exquisite! I ordered this for my bachelorette party and couldn't be happier. The material feels very luxurious. I'm so happy with how this turned out."
"Bespoke Engraved Mini Whiskey Glass | Heirloom Groomsmen Gift","William L.",5,"2025-07-15","Amazing! I ordered this for my bridesmaids and couldn't be happier. It added the perfect touch to our special day. This was my favorite purchase for the wedding."
"Bespoke Engraved Mini Whiskey Glass | Heirloom Groomsmen Gift","Megan S.",5,"2025-09-01","Gorgeous! I ordered this for a gift and couldn't be happier. The customization was exactly as I requested. Such a premium feel to it."
"Bespoke Engraved Mini Whiskey Glass | Heirloom Groomsmen Gift","Samantha W.",5,"2025-09-28","Premium quality! I ordered this for my bridal shower and couldn't be happier. The customization was exactly as I requested. It looks even better in person."
"Bespoke Engraved Mini Whiskey Glass | Heirloom Groomsmen Gift","Daniel P.",5,"2025-08-03","Incredible! I ordered this for my fiance and couldn't be happier. The quality is unmatched. Everyone kept asking where I got this."
"Bespoke Engraved Mini Whiskey Glass | Heirloom Groomsmen Gift","Victoria J.",4,"2026-04-22","Lovely! I ordered this for my groomsmen and couldn't be happier. Shipping was super fast and it was packaged perfectly. I've recommended this shop to all my engaged friends."
"Bespoke Engraved Mini Whiskey Glass | Heirloom Groomsmen Gift","Ashley B.",5,"2026-04-03","Lovely! I ordered this for my wedding and couldn't be happier. I've recommended this shop to all my engaged friends. Such a premium feel to it."
"Bespoke Engraved Mini Whiskey Glass | Heirloom Groomsmen Gift","Rachel D.",4,"2025-06-26","Gorgeous! I ordered this for the big day and couldn't be happier. The material feels very luxurious. Shipping was super fast and it was packaged perfectly."
"Bespoke Engraved Mini Whiskey Glass | Heirloom Groomsmen Gift","James R.",5,"2026-04-29","Fantastic! I ordered this for our rehearsal dinner and couldn't be happier. Customer service was so helpful too. It looks even better in person."
"Bespoke Engraved Mini Whiskey Glass | Heirloom Groomsmen Gift","Charlotte R.",5,"2026-04-16","Exquisite! I ordered this for a gift and couldn't be happier. Such a premium feel to it. The quality is unmatched."
"Bespoke Engraved Mini Whiskey Glass | Heirloom Groomsmen Gift","Isabella G.",5,"2026-05-07","Absolutely stunning! I ordered this for my bridal shower and couldn't be happier. I will definitely be ordering again. It looks even better in person."
"Bespoke Engraved Mini Whiskey Glass | Heirloom Groomsmen Gift","Samantha W.",5,"2025-12-10","Flawless! I ordered this for my bridesmaids and couldn't be happier. It added the perfect touch to our special day. Such a premium feel to it."
"Bespoke Engraved Mini Whiskey Glass | Heirloom Groomsmen Gift","David M.",5,"2025-12-19","So elegant! I ordered this for my bachelorette party and couldn't be happier. The material feels very luxurious. I'm so happy with how this turned out."
"Bespoke Engraved Mini Whiskey Glass | Heirloom Groomsmen Gift","Ava S.",5,"2026-02-08","Amazing! I ordered this for our rehearsal dinner and couldn't be happier. I'm so happy with how this turned out. Customer service was so helpful too."
"Bespoke Engraved Mini Whiskey Glass | Heirloom Groomsmen Gift","Hannah G.",5,"2025-11-20","Incredible! I ordered this for my bridal shower and couldn't be happier. The quality is unmatched. Everyone kept asking where I got this."
"Bespoke Engraved Mini Whiskey Glass | Heirloom Groomsmen Gift","Emma T.",5,"2025-10-01","Exquisite! I ordered this for my bridal shower and couldn't be happier. Such a premium feel to it. It added the perfect touch to our special day."
"Bespoke Engraved Mini Whiskey Glass | Heirloom Groomsmen Gift","Natalie M.",5,"2026-04-09","Fantastic! I ordered this for my bridal party and couldn't be happier. The quality is unmatched. Customer service was so helpful too."
"Bespoke Engraved Mini Whiskey Glass | Heirloom Groomsmen Gift","Matthew B.",5,"2026-04-19","So elegant! I ordered this for my fiance and couldn't be happier. It looks even better in person. Customer service was so helpful too."
"Bespoke Engraved Mini Whiskey Glass | Heirloom Groomsmen Gift","Grace B.",5,"2026-02-17","Beyond expectations! I ordered this for my fiance and couldn't be happier. I'm so happy with how this turned out. It looks even better in person."
"Bespoke Satin & Lace Bridal Robe | Heirloom Getting-Ready Loungewear","Alexis N.",5,"2025-06-01","So elegant! I ordered this for my bachelorette party and couldn't be happier. Customer service was so helpful too. The quality is unmatched."
"Bespoke Satin & Lace Bridal Robe | Heirloom Getting-Ready Loungewear","William L.",5,"2025-08-26","Incredible! I ordered this for my bridal party and couldn't be happier. I will definitely be ordering again. It looks even better in person."
"Bespoke Satin & Lace Bridal Robe | Heirloom Getting-Ready Loungewear","Amanda C.",4,"2025-06-01","Beyond expectations! I ordered this for our wedding day and couldn't be happier. It added the perfect touch to our special day. I've recommended this shop to all my engaged friends."
"Bespoke Satin & Lace Bridal Robe | Heirloom Getting-Ready Loungewear","John C.",5,"2025-07-06","Absolutely stunning! I ordered this for a gift and couldn't be happier. I've recommended this shop to all my engaged friends. This was my favorite purchase for the wedding."
"Bespoke Satin & Lace Bridal Robe | Heirloom Getting-Ready Loungewear","Christopher H.",5,"2025-11-23","Absolutely stunning! I ordered this for the big day and couldn't be happier. I will definitely be ordering again. Everyone kept asking where I got this."
"Bespoke Satin & Lace Bridal Robe | Heirloom Getting-Ready Loungewear","Matthew B.",5,"2025-09-04","Fantastic! I ordered this for a gift and couldn't be happier. I've recommended this shop to all my engaged friends. Everyone kept asking where I got this."
"Bespoke Satin & Lace Bridal Robe | Heirloom Getting-Ready Loungewear","Abigail P.",5,"2026-04-25","Beautiful! I ordered this for my bachelorette party and couldn't be happier. I've recommended this shop to all my engaged friends. It looks even better in person."
"Bespoke Satin & Lace Bridal Robe | Heirloom Getting-Ready Loungewear","David M.",5,"2025-06-30","Absolutely stunning! I ordered this for a gift and couldn't be happier. The customization was exactly as I requested. I've recommended this shop to all my engaged friends."
"Bespoke Satin & Lace Bridal Robe | Heirloom Getting-Ready Loungewear","Emma T.",5,"2025-07-19","Beautiful! I ordered this for our wedding day and couldn't be happier. Shipping was super fast and it was packaged perfectly. The quality is unmatched."
"Bespoke Satin & Lace Bridal Robe | Heirloom Getting-Ready Loungewear","Jessica T.",5,"2025-08-31","So elegant! I ordered this for our rehearsal dinner and couldn't be happier. Shipping was super fast and it was packaged perfectly. This was my favorite purchase for the wedding."
"Bespoke Satin & Lace Bridal Robe | Heirloom Getting-Ready Loungewear","Daniel P.",4,"2025-09-30","Perfect! I ordered this for our rehearsal dinner and couldn't be happier. The quality is unmatched. This was my favorite purchase for the wedding."
"Bespoke Satin & Lace Bridal Robe | Heirloom Getting-Ready Loungewear","Joseph D.",5,"2026-01-11","So elegant! I ordered this for our wedding day and couldn't be happier. Such a premium feel to it. The quality is unmatched."
"Bespoke Satin & Lace Bridal Robe | Heirloom Getting-Ready Loungewear","Christopher H.",5,"2025-11-16","Fantastic! I ordered this for my groomsmen and couldn't be happier. I will definitely be ordering again. Everyone kept asking where I got this."
"Bespoke Satin & Lace Bridal Robe | Heirloom Getting-Ready Loungewear","Jessica T.",4,"2025-06-01","So elegant! I ordered this for my bridal shower and couldn't be happier. Shipping was super fast and it was packaged perfectly. I've recommended this shop to all my engaged friends."
"Bespoke Satin & Lace Bridal Robe | Heirloom Getting-Ready Loungewear","Abigail P.",5,"2026-03-04","Flawless! I ordered this for my bridesmaids and couldn't be happier. This was my favorite purchase for the wedding. I'm so happy with how this turned out."
"Bespoke Satin & Lace Bridal Robe | Heirloom Getting-Ready Loungewear","Megan S.",5,"2025-12-09","High quality! I ordered this for my bridesmaids and couldn't be happier. Shipping was super fast and it was packaged perfectly. I will definitely be ordering again."
"Bespoke Satin & Lace Bridal Robe | Heirloom Getting-Ready Loungewear","John C.",5,"2025-06-22","Breathtaking! I ordered this for my bridal shower and couldn't be happier. Such a premium feel to it. The quality is unmatched."
"Bespoke Satin & Lace Bridal Robe | Heirloom Getting-Ready Loungewear","Emma T.",5,"2026-01-23","High quality! I ordered this for our rehearsal dinner and couldn't be happier. The customization was exactly as I requested. The material feels very luxurious."
"Bespoke Satin & Lace Bridal Robe | Heirloom Getting-Ready Loungewear","Nicole K.",5,"2026-03-10","Incredible! I ordered this for my fiance and couldn't be happier. The details are just immaculate. The quality is unmatched."
"Bespoke Satin & Lace Bridal Robe | Heirloom Getting-Ready Loungewear","Amanda C.",5,"2025-10-01","Lovely! I ordered this for our rehearsal dinner and couldn't be happier. Everyone kept asking where I got this. It added the perfect touch to our special day."
"Bespoke Satin Sleep Collection | Personalized Bridesmaid Gift Set","Sarah M.",5,"2025-06-26","Exquisite! I ordered this for our wedding day and couldn't be happier. Customer service was so helpful too. I will definitely be ordering again."
"Bespoke Satin Sleep Collection | Personalized Bridesmaid Gift Set","Emma T.",5,"2025-09-23","Flawless! I ordered this for my bridal shower and couldn't be happier. Customer service was so helpful too. Everyone kept asking where I got this."
"Bespoke Satin Sleep Collection | Personalized Bridesmaid Gift Set","Sophia K.",5,"2026-01-12","High quality! I ordered this for my bridal shower and couldn't be happier. The quality is unmatched. I'm so happy with how this turned out."
"Bespoke Satin Sleep Collection | Personalized Bridesmaid Gift Set","Abigail P.",5,"2025-06-06","Lovely! I ordered this for my bridal party and couldn't be happier. Customer service was so helpful too. Everyone kept asking where I got this."
"Bespoke Satin Sleep Collection | Personalized Bridesmaid Gift Set","Chloe E.",5,"2026-01-12","Lovely! I ordered this for our wedding day and couldn't be happier. This was my favorite purchase for the wedding. Everyone kept asking where I got this."
"Bespoke Satin Sleep Collection | Personalized Bridesmaid Gift Set","Lauren H.",5,"2026-05-15","Breathtaking! I ordered this for my fiance and couldn't be happier. The customization was exactly as I requested. This was my favorite purchase for the wedding."
"Bespoke Satin Sleep Collection | Personalized Bridesmaid Gift Set","Megan S.",5,"2025-12-09","Gorgeous! I ordered this for my groomsmen and couldn't be happier. It looks even better in person. Everyone kept asking where I got this."
"Bespoke Satin Sleep Collection | Personalized Bridesmaid Gift Set","Joseph D.",5,"2025-12-02","High quality! I ordered this for my bridal party and couldn't be happier. I've recommended this shop to all my engaged friends. Everyone kept asking where I got this."
"Bespoke Satin Sleep Collection | Personalized Bridesmaid Gift Set","Olivia H.",4,"2025-12-23","Amazing! I ordered this for my bridal party and couldn't be happier. The quality is unmatched. Customer service was so helpful too."
"Bespoke Satin Sleep Collection | Personalized Bridesmaid Gift Set","James R.",4,"2025-12-16","Lovely! I ordered this for my bridesmaids and couldn't be happier. Such a premium feel to it. I'm so happy with how this turned out."
"Bespoke Satin Sleep Collection | Personalized Bridesmaid Gift Set","Matthew B.",5,"2025-07-23","Breathtaking! I ordered this for our rehearsal dinner and couldn't be happier. I will definitely be ordering again. Everyone kept asking where I got this."
"Bespoke Satin Sleep Collection | Personalized Bridesmaid Gift Set","Isabella G.",5,"2025-10-19","So elegant! I ordered this for the big day and couldn't be happier. Customer service was so helpful too. I'm so happy with how this turned out."
"Bespoke Satin Sleep Collection | Personalized Bridesmaid Gift Set","Madison A.",5,"2026-01-27","Fantastic! I ordered this for my bridal shower and couldn't be happier. I've recommended this shop to all my engaged friends. Everyone kept asking where I got this."
"Bespoke Satin Sleep Collection | Personalized Bridesmaid Gift Set","Robert S.",5,"2025-06-18","Fantastic! I ordered this for my bridal party and couldn't be happier. It added the perfect touch to our special day. Customer service was so helpful too."
"Bespoke Satin Sleep Collection | Personalized Bridesmaid Gift Set","Ava S.",5,"2026-01-15","Absolutely stunning! I ordered this for a gift and couldn't be happier. It added the perfect touch to our special day. I'm so happy with how this turned out."
"Bespoke Satin Sleep Collection | Personalized Bridesmaid Gift Set","Megan S.",5,"2025-10-28","Premium quality! I ordered this for my wedding and couldn't be happier. Such a premium feel to it. I will definitely be ordering again."
"Bespoke Satin Sleep Collection | Personalized Bridesmaid Gift Set","James R.",5,"2025-09-17","Gorgeous! I ordered this for my bridal shower and couldn't be happier. It looks even better in person. The customization was exactly as I requested."
"Bespoke Satin Sleep Collection | Personalized Bridesmaid Gift Set","Jessica T.",5,"2025-06-09","High quality! I ordered this for my wedding and couldn't be happier. I'm so happy with how this turned out. It added the perfect touch to our special day."
"Bespoke Satin Sleep Collection | Personalized Bridesmaid Gift Set","John C.",5,"2025-06-13","So elegant! I ordered this for my groomsmen and couldn't be happier. The customization was exactly as I requested. It added the perfect touch to our special day."
"Bespoke Satin Sleep Collection | Personalized Bridesmaid Gift Set","Michael T.",5,"2025-06-22","Gorgeous! I ordered this for my bridesmaids and couldn't be happier. Everyone kept asking where I got this. Shipping was super fast and it was packaged perfectly."
"Bespoke Keepsake Handheld Fan | Personalized Bridal & Wedding Guest Accessory","James R.",5,"2026-01-26","Perfect! I ordered this for my bridal shower and couldn't be happier. I will definitely be ordering again. Customer service was so helpful too."
"Bespoke Keepsake Handheld Fan | Personalized Bridal & Wedding Guest Accessory","Grace B.",5,"2025-10-23","Premium quality! I ordered this for our wedding day and couldn't be happier. It looks even better in person. The material feels very luxurious."
"Bespoke Keepsake Handheld Fan | Personalized Bridal & Wedding Guest Accessory","Isabella G.",5,"2026-05-16","Breathtaking! I ordered this for my bridal shower and couldn't be happier. The quality is unmatched. The material feels very luxurious."
"Bespoke Keepsake Handheld Fan | Personalized Bridal & Wedding Guest Accessory","Jessica T.",5,"2025-09-24","High quality! I ordered this for my wedding and couldn't be happier. The quality is unmatched. I will definitely be ordering again."
"Bespoke Keepsake Handheld Fan | Personalized Bridal & Wedding Guest Accessory","Joseph D.",4,"2025-06-30","Incredible! I ordered this for my groomsmen and couldn't be happier. It looks even better in person. I will definitely be ordering again."
"Bespoke Keepsake Handheld Fan | Personalized Bridal & Wedding Guest Accessory","Isabella G.",5,"2025-08-13","Incredible! I ordered this for our wedding day and couldn't be happier. I've recommended this shop to all my engaged friends. The customization was exactly as I requested."
"Bespoke Keepsake Handheld Fan | Personalized Bridal & Wedding Guest Accessory","Sarah M.",5,"2025-08-23","Beyond expectations! I ordered this for my wedding and couldn't be happier. The details are just immaculate. It looks even better in person."
"Bespoke Keepsake Handheld Fan | Personalized Bridal & Wedding Guest Accessory","Madison A.",5,"2025-10-27","Gorgeous! I ordered this for my fiance and couldn't be happier. The details are just immaculate. The quality is unmatched."
"Bespoke Keepsake Handheld Fan | Personalized Bridal & Wedding Guest Accessory","Christopher H.",5,"2025-08-17","Beautiful! I ordered this for my bachelorette party and couldn't be happier. Everyone kept asking where I got this. The details are just immaculate."
"Bespoke Keepsake Handheld Fan | Personalized Bridal & Wedding Guest Accessory","David M.",5,"2026-03-21","High quality! I ordered this for the big day and couldn't be happier. Everyone kept asking where I got this. Shipping was super fast and it was packaged perfectly."
"Bespoke Keepsake Handheld Fan | Personalized Bridal & Wedding Guest Accessory","Alexis N.",5,"2025-06-19","Amazing! I ordered this for a gift and couldn't be happier. I'm so happy with how this turned out. The material feels very luxurious."
"Bespoke Keepsake Handheld Fan | Personalized Bridal & Wedding Guest Accessory","John C.",4,"2026-03-23","Beautiful! I ordered this for my bridesmaids and couldn't be happier. Customer service was so helpful too. Shipping was super fast and it was packaged perfectly."
"Bespoke Keepsake Handheld Fan | Personalized Bridal & Wedding Guest Accessory","Jessica T.",5,"2026-02-23","Flawless! I ordered this for my bridal party and couldn't be happier. This was my favorite purchase for the wedding. It looks even better in person."
"Bespoke Keepsake Handheld Fan | Personalized Bridal & Wedding Guest Accessory","Rachel D.",5,"2025-09-08","So elegant! I ordered this for a gift and couldn't be happier. It added the perfect touch to our special day. I will definitely be ordering again."
"Bespoke Keepsake Handheld Fan | Personalized Bridal & Wedding Guest Accessory","Emily R.",4,"2025-08-13","Flawless! I ordered this for my groomsmen and couldn't be happier. I've recommended this shop to all my engaged friends. Customer service was so helpful too."
"Bespoke Keepsake Handheld Fan | Personalized Bridal & Wedding Guest Accessory","Ava S.",5,"2025-07-25","So elegant! I ordered this for my groomsmen and couldn't be happier. Customer service was so helpful too. It added the perfect touch to our special day."
"Bespoke Keepsake Handheld Fan | Personalized Bridal & Wedding Guest Accessory","Amanda C.",5,"2026-04-25","Perfect! I ordered this for my fiance and couldn't be happier. I've recommended this shop to all my engaged friends. Everyone kept asking where I got this."
"Bespoke Keepsake Handheld Fan | Personalized Bridal & Wedding Guest Accessory","Abigail P.",5,"2025-06-24","High quality! I ordered this for our wedding day and couldn't be happier. I've recommended this shop to all my engaged friends. It looks even better in person."
"Bespoke Keepsake Handheld Fan | Personalized Bridal & Wedding Guest Accessory","Mia L.",5,"2026-01-08","Absolutely stunning! I ordered this for my bridal shower and couldn't be happier. The customization was exactly as I requested. I will definitely be ordering again."
"Bespoke Keepsake Handheld Fan | Personalized Bridal & Wedding Guest Accessory","Jessica T.",5,"2025-08-20","Lovely! I ordered this for my fiance and couldn't be happier. The quality is unmatched. The details are just immaculate."
"Bespoke Photo Magnet Favours | Heirloom Wedding Keepsakes ( Pack of 10)","Emily R.",5,"2026-01-18","Flawless! I ordered this for my wedding and couldn't be happier. It looks even better in person. Such a premium feel to it."
"Bespoke Photo Magnet Favours | Heirloom Wedding Keepsakes ( Pack of 10)","Taylor F.",4,"2025-11-14","Absolutely stunning! I ordered this for my wedding and couldn't be happier. Customer service was so helpful too. The details are just immaculate."
"Bespoke Photo Magnet Favours | Heirloom Wedding Keepsakes ( Pack of 10)","Sophia K.",5,"2025-07-02","Incredible! I ordered this for our wedding day and couldn't be happier. The customization was exactly as I requested. It looks even better in person."
"Bespoke Photo Magnet Favours | Heirloom Wedding Keepsakes ( Pack of 10)","Natalie M.",5,"2026-04-29","Absolutely stunning! I ordered this for our rehearsal dinner and couldn't be happier. Customer service was so helpful too. Shipping was super fast and it was packaged perfectly."
"Bespoke Photo Magnet Favours | Heirloom Wedding Keepsakes ( Pack of 10)","Nicole K.",4,"2025-11-24","Fantastic! I ordered this for the big day and couldn't be happier. The material feels very luxurious. Everyone kept asking where I got this."
"Bespoke Photo Magnet Favours | Heirloom Wedding Keepsakes ( Pack of 10)","Charlotte R.",5,"2026-04-21","Beyond expectations! I ordered this for my wedding and couldn't be happier. This was my favorite purchase for the wedding. The customization was exactly as I requested."
"Bespoke Photo Magnet Favours | Heirloom Wedding Keepsakes ( Pack of 10)","Jessica T.",5,"2025-10-18","Incredible! I ordered this for our rehearsal dinner and couldn't be happier. The details are just immaculate. Everyone kept asking where I got this."
"Bespoke Photo Magnet Favours | Heirloom Wedding Keepsakes ( Pack of 10)","Abigail P.",5,"2025-07-23","Beautiful! I ordered this for my bridal shower and couldn't be happier. The customization was exactly as I requested. Shipping was super fast and it was packaged perfectly."
"Bespoke Photo Magnet Favours | Heirloom Wedding Keepsakes ( Pack of 10)","Mia L.",5,"2025-10-16","Absolutely stunning! I ordered this for my bridal shower and couldn't be happier. I'm so happy with how this turned out. The quality is unmatched."
"Bespoke Photo Magnet Favours | Heirloom Wedding Keepsakes ( Pack of 10)","Olivia H.",5,"2025-12-06","Exquisite! I ordered this for my fiance and couldn't be happier. Such a premium feel to it. The material feels very luxurious."
"Bespoke Photo Magnet Favours | Heirloom Wedding Keepsakes ( Pack of 10)","Elizabeth V.",5,"2025-05-31","Beautiful! I ordered this for my bridal shower and couldn't be happier. Such a premium feel to it. I've recommended this shop to all my engaged friends."
"Bespoke Photo Magnet Favours | Heirloom Wedding Keepsakes ( Pack of 10)","Sophia K.",4,"2025-07-15","Flawless! I ordered this for my bachelorette party and couldn't be happier. It looks even better in person. Customer service was so helpful too."
"Bespoke Photo Magnet Favours | Heirloom Wedding Keepsakes ( Pack of 10)","Abigail P.",5,"2025-07-11","High quality! I ordered this for my bachelorette party and couldn't be happier. This was my favorite purchase for the wedding. I'm so happy with how this turned out."
"Bespoke Photo Magnet Favours | Heirloom Wedding Keepsakes ( Pack of 10)","Kayla P.",5,"2025-10-31","Fantastic! I ordered this for a gift and couldn't be happier. I'm so happy with how this turned out. Customer service was so helpful too."
"Bespoke Photo Magnet Favours | Heirloom Wedding Keepsakes ( Pack of 10)","Sophia K.",5,"2025-10-08","Amazing! I ordered this for a gift and couldn't be happier. I will definitely be ordering again. Everyone kept asking where I got this."
"Bespoke Photo Magnet Favours | Heirloom Wedding Keepsakes ( Pack of 10)","Taylor F.",5,"2026-02-09","Exquisite! I ordered this for a gift and couldn't be happier. Everyone kept asking where I got this. I've recommended this shop to all my engaged friends."
"Bespoke Photo Magnet Favours | Heirloom Wedding Keepsakes ( Pack of 10)","William L.",5,"2025-10-31","Beautiful! I ordered this for my bridesmaids and couldn't be happier. It looks even better in person. The material feels very luxurious."
"Bespoke Photo Magnet Favours | Heirloom Wedding Keepsakes ( Pack of 10)","Elizabeth V.",5,"2025-11-21","Premium quality! I ordered this for my bridal shower and couldn't be happier. The details are just immaculate. It added the perfect touch to our special day."
"Bespoke Photo Magnet Favours | Heirloom Wedding Keepsakes ( Pack of 10)","William L.",5,"2025-12-12","Premium quality! I ordered this for my fiance and couldn't be happier. Everyone kept asking where I got this. It added the perfect touch to our special day."
"Bespoke Photo Magnet Favours | Heirloom Wedding Keepsakes ( Pack of 10)","Joseph D.",4,"2026-03-12","So elegant! I ordered this for a gift and couldn't be happier. I've recommended this shop to all my engaged friends. It added the perfect touch to our special day."
"Bespoke Canvas & Burlap Tote | Heirloom Bridesmaid Gift Bag","Ashley B.",5,"2025-11-08","Flawless! I ordered this for my wedding and couldn't be happier. Such a premium feel to it. It looks even better in person."
"Bespoke Canvas & Burlap Tote | Heirloom Bridesmaid Gift Bag","Daniel P.",5,"2026-05-01","High quality! I ordered this for my bridal party and couldn't be happier. It looks even better in person. I'm so happy with how this turned out."
"Bespoke Canvas & Burlap Tote | Heirloom Bridesmaid Gift Bag","Jessica T.",5,"2025-06-01","Lovely! I ordered this for my bridal party and couldn't be happier. The material feels very luxurious. Customer service was so helpful too."
"Bespoke Canvas & Burlap Tote | Heirloom Bridesmaid Gift Bag","Madison A.",5,"2026-02-13","So elegant! I ordered this for my wedding and couldn't be happier. I will definitely be ordering again. The customization was exactly as I requested."
"Bespoke Canvas & Burlap Tote | Heirloom Bridesmaid Gift Bag","Daniel P.",5,"2025-08-15","Amazing! I ordered this for a gift and couldn't be happier. It looks even better in person. I'm so happy with how this turned out."
"Bespoke Canvas & Burlap Tote | Heirloom Bridesmaid Gift Bag","Lauren H.",5,"2026-02-11","Premium quality! I ordered this for my bridal party and couldn't be happier. Such a premium feel to it. Shipping was super fast and it was packaged perfectly."
"Bespoke Canvas & Burlap Tote | Heirloom Bridesmaid Gift Bag","Brittany L.",4,"2025-09-09","Lovely! I ordered this for our rehearsal dinner and couldn't be happier. The quality is unmatched. It added the perfect touch to our special day."
"Bespoke Canvas & Burlap Tote | Heirloom Bridesmaid Gift Bag","Kayla P.",5,"2025-06-27","Breathtaking! I ordered this for our wedding day and couldn't be happier. The customization was exactly as I requested. I'm so happy with how this turned out."
"Bespoke Canvas & Burlap Tote | Heirloom Bridesmaid Gift Bag","Charlotte R.",5,"2025-07-13","Amazing! I ordered this for our rehearsal dinner and couldn't be happier. Such a premium feel to it. I will definitely be ordering again."
"Bespoke Canvas & Burlap Tote | Heirloom Bridesmaid Gift Bag","Amanda C.",5,"2025-08-09","Incredible! I ordered this for my wedding and couldn't be happier. I've recommended this shop to all my engaged friends. The material feels very luxurious."
"Bespoke Canvas & Burlap Tote | Heirloom Bridesmaid Gift Bag","Michael T.",4,"2025-06-05","Fantastic! I ordered this for our rehearsal dinner and couldn't be happier. It looks even better in person. I'm so happy with how this turned out."
"Bespoke Canvas & Burlap Tote | Heirloom Bridesmaid Gift Bag","Natalie M.",5,"2025-06-06","High quality! I ordered this for a gift and couldn't be happier. The quality is unmatched. It looks even better in person."
"Bespoke Canvas & Burlap Tote | Heirloom Bridesmaid Gift Bag","Alexis N.",5,"2025-08-05","Beyond expectations! I ordered this for our rehearsal dinner and couldn't be happier. It looks even better in person. The material feels very luxurious."
"Bespoke Canvas & Burlap Tote | Heirloom Bridesmaid Gift Bag","Brittany L.",5,"2025-12-11","So elegant! I ordered this for my bachelorette party and couldn't be happier. It added the perfect touch to our special day. I've recommended this shop to all my engaged friends."
"Bespoke Canvas & Burlap Tote | Heirloom Bridesmaid Gift Bag","James R.",5,"2025-12-02","Premium quality! I ordered this for my bridal shower and couldn't be happier. The customization was exactly as I requested. Shipping was super fast and it was packaged perfectly."
"Bespoke Canvas & Burlap Tote | Heirloom Bridesmaid Gift Bag","Christopher H.",5,"2026-05-07","Incredible! I ordered this for the big day and couldn't be happier. Shipping was super fast and it was packaged perfectly. The quality is unmatched."
"Bespoke Canvas & Burlap Tote | Heirloom Bridesmaid Gift Bag","Ashley B.",4,"2025-11-10","So elegant! I ordered this for my wedding and couldn't be happier. The customization was exactly as I requested. Customer service was so helpful too."
"Bespoke Canvas & Burlap Tote | Heirloom Bridesmaid Gift Bag","Michael T.",5,"2025-09-18","Breathtaking! I ordered this for my bridesmaids and couldn't be happier. It looks even better in person. I'm so happy with how this turned out."
"Bespoke Canvas & Burlap Tote | Heirloom Bridesmaid Gift Bag","Matthew B.",5,"2025-06-10","Amazing! I ordered this for my bridal shower and couldn't be happier. The material feels very luxurious. I've recommended this shop to all my engaged friends."
"Bespoke Canvas & Burlap Tote | Heirloom Bridesmaid Gift Bag","Charlotte R.",4,"2025-09-07","Incredible! I ordered this for a gift and couldn't be happier. Shipping was super fast and it was packaged perfectly. Everyone kept asking where I got this."
"Bespoke Heirloom Photo Block Puzzle | Custom Wedding Keepsake","Chloe E.",5,"2026-05-01","Exquisite! I ordered this for the big day and couldn't be happier. This was my favorite purchase for the wedding. I will definitely be ordering again."
"Bespoke Heirloom Photo Block Puzzle | Custom Wedding Keepsake","Nicole K.",4,"2025-10-11","High quality! I ordered this for my bachelorette party and couldn't be happier. The material feels very luxurious. Shipping was super fast and it was packaged perfectly."
"Bespoke Heirloom Photo Block Puzzle | Custom Wedding Keepsake","Michael T.",5,"2025-11-25","High quality! I ordered this for my bridal shower and couldn't be happier. I've recommended this shop to all my engaged friends. It added the perfect touch to our special day."
"Bespoke Heirloom Photo Block Puzzle | Custom Wedding Keepsake","Rachel D.",5,"2025-07-27","Amazing! I ordered this for my groomsmen and couldn't be happier. The material feels very luxurious. It added the perfect touch to our special day."
"Bespoke Heirloom Photo Block Puzzle | Custom Wedding Keepsake","Brittany L.",5,"2025-11-17","Breathtaking! I ordered this for a gift and couldn't be happier. Shipping was super fast and it was packaged perfectly. I will definitely be ordering again."
"Bespoke Heirloom Photo Block Puzzle | Custom Wedding Keepsake","Charlotte R.",5,"2025-09-20","High quality! I ordered this for my bridal party and couldn't be happier. I will definitely be ordering again. It added the perfect touch to our special day."
"Bespoke Heirloom Photo Block Puzzle | Custom Wedding Keepsake","Michael T.",5,"2025-07-12","Beautiful! I ordered this for the big day and couldn't be happier. The material feels very luxurious. The details are just immaculate."
"Bespoke Heirloom Photo Block Puzzle | Custom Wedding Keepsake","Sydney C.",5,"2025-10-15","Lovely! I ordered this for our wedding day and couldn't be happier. I've recommended this shop to all my engaged friends. Shipping was super fast and it was packaged perfectly."
"Bespoke Heirloom Photo Block Puzzle | Custom Wedding Keepsake","Robert S.",5,"2026-02-24","Absolutely stunning! I ordered this for my wedding and couldn't be happier. The material feels very luxurious. The customization was exactly as I requested."
"Bespoke Heirloom Photo Block Puzzle | Custom Wedding Keepsake","Michael T.",5,"2025-09-08","Flawless! I ordered this for my bridesmaids and couldn't be happier. The details are just immaculate. I've recommended this shop to all my engaged friends."
"Bespoke Heirloom Photo Block Puzzle | Custom Wedding Keepsake","James R.",5,"2026-05-07","Absolutely stunning! I ordered this for my bridesmaids and couldn't be happier. This was my favorite purchase for the wedding. I'm so happy with how this turned out."
"Bespoke Heirloom Photo Block Puzzle | Custom Wedding Keepsake","Robert S.",5,"2026-02-26","Incredible! I ordered this for our rehearsal dinner and couldn't be happier. The material feels very luxurious. This was my favorite purchase for the wedding."
"Bespoke Heirloom Photo Block Puzzle | Custom Wedding Keepsake","Natalie M.",5,"2025-09-24","Absolutely stunning! I ordered this for my groomsmen and couldn't be happier. I'm so happy with how this turned out. Shipping was super fast and it was packaged perfectly."
"Bespoke Heirloom Photo Block Puzzle | Custom Wedding Keepsake","Charlotte R.",4,"2025-06-13","Incredible! I ordered this for my bridal party and couldn't be happier. This was my favorite purchase for the wedding. I've recommended this shop to all my engaged friends."
"Bespoke Heirloom Photo Block Puzzle | Custom Wedding Keepsake","Lauren H.",5,"2025-07-05","Incredible! I ordered this for my wedding and couldn't be happier. The material feels very luxurious. It added the perfect touch to our special day."
"Bespoke Heirloom Photo Block Puzzle | Custom Wedding Keepsake","James R.",5,"2026-04-16","Beyond expectations! I ordered this for our rehearsal dinner and couldn't be happier. The customization was exactly as I requested. I've recommended this shop to all my engaged friends."
"Bespoke Heirloom Photo Block Puzzle | Custom Wedding Keepsake","Rachel D.",5,"2025-06-11","Flawless! I ordered this for a gift and couldn't be happier. This was my favorite purchase for the wedding. Shipping was super fast and it was packaged perfectly."
"Bespoke Heirloom Photo Block Puzzle | Custom Wedding Keepsake","James R.",5,"2025-06-26","Breathtaking! I ordered this for my bridal shower and couldn't be happier. The material feels very luxurious. The quality is unmatched."
"Bespoke Heirloom Photo Block Puzzle | Custom Wedding Keepsake","Emma T.",5,"2025-11-17","Perfect! I ordered this for my bachelorette party and couldn't be happier. It added the perfect touch to our special day. The customization was exactly as I requested."
"Bespoke Heirloom Photo Block Puzzle | Custom Wedding Keepsake","Ashley B.",5,"2026-04-01","Flawless! I ordered this for my bridesmaids and couldn't be happier. The quality is unmatched. The customization was exactly as I requested."
"Personlaized Wine glass | Custom Wine glass Wedding Favor ","Matthew B.",5,"2026-03-25","Beautiful! I ordered this for a gift and couldn't be happier. I will definitely be ordering again. Everyone kept asking where I got this."
"Personlaized Wine glass | Custom Wine glass Wedding Favor ","Taylor F.",5,"2025-10-31","Incredible! I ordered this for a gift and couldn't be happier. I'm so happy with how this turned out. The material feels very luxurious."
"Personlaized Wine glass | Custom Wine glass Wedding Favor ","Amanda C.",5,"2026-04-18","Flawless! I ordered this for our wedding day and couldn't be happier. The quality is unmatched. Customer service was so helpful too."
"Personlaized Wine glass | Custom Wine glass Wedding Favor ","Emma T.",5,"2025-07-18","Beautiful! I ordered this for our rehearsal dinner and couldn't be happier. The quality is unmatched. The customization was exactly as I requested."
"Personlaized Wine glass | Custom Wine glass Wedding Favor ","Olivia H.",5,"2026-01-12","Absolutely stunning! I ordered this for my bachelorette party and couldn't be happier. Everyone kept asking where I got this. I will definitely be ordering again."
"Personlaized Wine glass | Custom Wine glass Wedding Favor ","Charlotte R.",5,"2025-11-19","Exquisite! I ordered this for the big day and couldn't be happier. I'm so happy with how this turned out. It looks even better in person."
"Personlaized Wine glass | Custom Wine glass Wedding Favor ","James R.",5,"2026-01-15","Fantastic! I ordered this for our wedding day and couldn't be happier. This was my favorite purchase for the wedding. The details are just immaculate."
"Personlaized Wine glass | Custom Wine glass Wedding Favor ","Nicole K.",5,"2026-02-03","Amazing! I ordered this for a gift and couldn't be happier. I will definitely be ordering again. Everyone kept asking where I got this."
"Personlaized Wine glass | Custom Wine glass Wedding Favor ","Mia L.",4,"2025-09-18","Fantastic! I ordered this for our rehearsal dinner and couldn't be happier. Everyone kept asking where I got this. I will definitely be ordering again."
"Personlaized Wine glass | Custom Wine glass Wedding Favor ","Megan S.",5,"2025-12-12","Lovely! I ordered this for our rehearsal dinner and couldn't be happier. The material feels very luxurious. Customer service was so helpful too."
"Personlaized Wine glass | Custom Wine glass Wedding Favor ","Alexis N.",5,"2025-05-28","Amazing! I ordered this for my fiance and couldn't be happier. I will definitely be ordering again. I'm so happy with how this turned out."
"Personlaized Wine glass | Custom Wine glass Wedding Favor ","Elizabeth V.",5,"2025-10-14","Amazing! I ordered this for the big day and couldn't be happier. I'm so happy with how this turned out. The material feels very luxurious."
"Personlaized Wine glass | Custom Wine glass Wedding Favor ","Nicole K.",5,"2026-02-10","Amazing! I ordered this for a gift and couldn't be happier. The customization was exactly as I requested. The quality is unmatched."
"Personlaized Wine glass | Custom Wine glass Wedding Favor ","Samantha W.",4,"2025-07-08","Beyond expectations! I ordered this for our rehearsal dinner and couldn't be happier. The material feels very luxurious. I've recommended this shop to all my engaged friends."
"Personlaized Wine glass | Custom Wine glass Wedding Favor ","Olivia H.",5,"2025-11-29","Breathtaking! I ordered this for my bridal shower and couldn't be happier. The material feels very luxurious. The details are just immaculate."
"Personlaized Wine glass | Custom Wine glass Wedding Favor ","James R.",5,"2025-11-11","Fantastic! I ordered this for a gift and couldn't be happier. The quality is unmatched. Everyone kept asking where I got this."
"Personlaized Wine glass | Custom Wine glass Wedding Favor ","Sydney C.",5,"2026-01-22","High quality! I ordered this for my bridal party and couldn't be happier. Everyone kept asking where I got this. The details are just immaculate."
"Personlaized Wine glass | Custom Wine glass Wedding Favor ","James R.",5,"2026-02-21","Breathtaking! I ordered this for my bridesmaids and couldn't be happier. I've recommended this shop to all my engaged friends. Such a premium feel to it."
"Personlaized Wine glass | Custom Wine glass Wedding Favor ","Jessica T.",5,"2025-09-27","Incredible! I ordered this for my bridal party and couldn't be happier. The details are just immaculate. Customer service was so helpful too."
"Personlaized Wine glass | Custom Wine glass Wedding Favor ","Ashley B.",5,"2026-02-25","Flawless! I ordered this for my wedding and couldn't be happier. Customer service was so helpful too. The customization was exactly as I requested."
"Custom Cream Cosmetic Pouch | Personalized Bridal Party Gift ","Amanda C.",4,"2025-12-14","So elegant! I ordered this for my groomsmen and couldn't be happier. The details are just immaculate. The material feels very luxurious."
"Custom Cream Cosmetic Pouch | Personalized Bridal Party Gift ","Joseph D.",5,"2025-09-30","High quality! I ordered this for my fiance and couldn't be happier. Customer service was so helpful too. I will definitely be ordering again."
"Custom Cream Cosmetic Pouch | Personalized Bridal Party Gift ","Mia L.",5,"2025-12-05","Breathtaking! I ordered this for a gift and couldn't be happier. Shipping was super fast and it was packaged perfectly. It added the perfect touch to our special day."
"Custom Cream Cosmetic Pouch | Personalized Bridal Party Gift ","Sophia K.",5,"2025-10-30","So elegant! I ordered this for my bridesmaids and couldn't be happier. I will definitely be ordering again. Such a premium feel to it."
"Custom Cream Cosmetic Pouch | Personalized Bridal Party Gift ","Robert S.",5,"2026-04-29","Gorgeous! I ordered this for my bridesmaids and couldn't be happier. It added the perfect touch to our special day. It looks even better in person."
"Custom Cream Cosmetic Pouch | Personalized Bridal Party Gift ","Samantha W.",5,"2026-04-06","Beautiful! I ordered this for my bridesmaids and couldn't be happier. I will definitely be ordering again. Shipping was super fast and it was packaged perfectly."
"Custom Cream Cosmetic Pouch | Personalized Bridal Party Gift ","Rachel D.",5,"2026-03-02","Flawless! I ordered this for our rehearsal dinner and couldn't be happier. I'm so happy with how this turned out. Shipping was super fast and it was packaged perfectly."
"Custom Cream Cosmetic Pouch | Personalized Bridal Party Gift ","Mia L.",5,"2026-02-15","Gorgeous! I ordered this for my groomsmen and couldn't be happier. The quality is unmatched. I will definitely be ordering again."
"Custom Cream Cosmetic Pouch | Personalized Bridal Party Gift ","Ashley B.",5,"2025-11-27","Incredible! I ordered this for a gift and couldn't be happier. This was my favorite purchase for the wedding. Customer service was so helpful too."
"Custom Cream Cosmetic Pouch | Personalized Bridal Party Gift ","John C.",5,"2026-04-06","Exquisite! I ordered this for my fiance and couldn't be happier. I've recommended this shop to all my engaged friends. Shipping was super fast and it was packaged perfectly."
"Custom Cream Cosmetic Pouch | Personalized Bridal Party Gift ","Elizabeth V.",5,"2025-10-04","Exquisite! I ordered this for my bachelorette party and couldn't be happier. Such a premium feel to it. I've recommended this shop to all my engaged friends."
"Custom Cream Cosmetic Pouch | Personalized Bridal Party Gift ","Joseph D.",4,"2026-04-25","Flawless! I ordered this for our rehearsal dinner and couldn't be happier. The details are just immaculate. I've recommended this shop to all my engaged friends."
"Custom Cream Cosmetic Pouch | Personalized Bridal Party Gift ","Nicole K.",5,"2026-04-21","Absolutely stunning! I ordered this for my groomsmen and couldn't be happier. I've recommended this shop to all my engaged friends. Such a premium feel to it."
"Custom Cream Cosmetic Pouch | Personalized Bridal Party Gift ","Rachel D.",5,"2025-08-05","Absolutely stunning! I ordered this for my bachelorette party and couldn't be happier. Shipping was super fast and it was packaged perfectly. Customer service was so helpful too."
"Custom Cream Cosmetic Pouch | Personalized Bridal Party Gift ","David M.",5,"2025-10-24","Amazing! I ordered this for my bridal party and couldn't be happier. It looks even better in person. Everyone kept asking where I got this."
"Custom Cream Cosmetic Pouch | Personalized Bridal Party Gift ","Kayla P.",5,"2025-11-14","Breathtaking! I ordered this for my bridesmaids and couldn't be happier. The material feels very luxurious. It added the perfect touch to our special day."
"Custom Cream Cosmetic Pouch | Personalized Bridal Party Gift ","Brittany L.",5,"2025-07-18","Flawless! I ordered this for my bachelorette party and couldn't be happier. It added the perfect touch to our special day. This was my favorite purchase for the wedding."
"Custom Cream Cosmetic Pouch | Personalized Bridal Party Gift ","Ava S.",5,"2025-11-30","Lovely! I ordered this for my wedding and couldn't be happier. Shipping was super fast and it was packaged perfectly. I've recommended this shop to all my engaged friends."
"Custom Cream Cosmetic Pouch | Personalized Bridal Party Gift ","Michael T.",5,"2026-05-09","Gorgeous! I ordered this for my bachelorette party and couldn't be happier. This was my favorite purchase for the wedding. It looks even better in person."
"Custom Cream Cosmetic Pouch | Personalized Bridal Party Gift ","Madison A.",5,"2025-11-13","Gorgeous! I ordered this for my groomsmen and couldn't be happier. I'm so happy with how this turned out. Such a premium feel to it."
"Personlaized champagne glass | Custom champagne glass Wedding Favor","Lauren H.",4,"2025-09-04","Premium quality! I ordered this for my bridal party and couldn't be happier. Such a premium feel to it. The quality is unmatched."
"Personlaized champagne glass | Custom champagne glass Wedding Favor","Sydney C.",5,"2025-09-28","Perfect! I ordered this for our rehearsal dinner and couldn't be happier. The details are just immaculate. I'm so happy with how this turned out."
"Personlaized champagne glass | Custom champagne glass Wedding Favor","Elizabeth V.",5,"2025-10-17","Fantastic! I ordered this for my wedding and couldn't be happier. I've recommended this shop to all my engaged friends. The details are just immaculate."
"Personlaized champagne glass | Custom champagne glass Wedding Favor","Matthew B.",4,"2025-12-04","Beautiful! I ordered this for my bridesmaids and couldn't be happier. Shipping was super fast and it was packaged perfectly. Everyone kept asking where I got this."
"Personlaized champagne glass | Custom champagne glass Wedding Favor","Amanda C.",5,"2025-07-29","Incredible! I ordered this for my bridal shower and couldn't be happier. It looks even better in person. It added the perfect touch to our special day."
"Personlaized champagne glass | Custom champagne glass Wedding Favor","Emma T.",5,"2025-08-15","Flawless! I ordered this for my wedding and couldn't be happier. The customization was exactly as I requested. I will definitely be ordering again."
"Personlaized champagne glass | Custom champagne glass Wedding Favor","Lauren H.",5,"2025-09-29","Premium quality! I ordered this for the big day and couldn't be happier. It added the perfect touch to our special day. This was my favorite purchase for the wedding."
"Personlaized champagne glass | Custom champagne glass Wedding Favor","Alexis N.",5,"2025-10-26","Gorgeous! I ordered this for my fiance and couldn't be happier. The material feels very luxurious. Such a premium feel to it."
"Personlaized champagne glass | Custom champagne glass Wedding Favor","Mia L.",5,"2025-09-03","Breathtaking! I ordered this for my bachelorette party and couldn't be happier. The quality is unmatched. The customization was exactly as I requested."
"Personlaized champagne glass | Custom champagne glass Wedding Favor","Grace B.",5,"2025-12-29","Amazing! I ordered this for my wedding and couldn't be happier. This was my favorite purchase for the wedding. It added the perfect touch to our special day."
"Personlaized champagne glass | Custom champagne glass Wedding Favor","Natalie M.",4,"2026-04-12","Beyond expectations! I ordered this for my groomsmen and couldn't be happier. I'm so happy with how this turned out. Everyone kept asking where I got this."
"Personlaized champagne glass | Custom champagne glass Wedding Favor","Samantha W.",5,"2026-02-27","Fantastic! I ordered this for my bachelorette party and couldn't be happier. The quality is unmatched. Shipping was super fast and it was packaged perfectly."
"Personlaized champagne glass | Custom champagne glass Wedding Favor","Sarah M.",5,"2025-05-26","Breathtaking! I ordered this for my wedding and couldn't be happier. It looks even better in person. Everyone kept asking where I got this."
"Personlaized champagne glass | Custom champagne glass Wedding Favor","Megan S.",5,"2025-11-21","Perfect! I ordered this for my bridesmaids and couldn't be happier. The quality is unmatched. The customization was exactly as I requested."
"Personlaized champagne glass | Custom champagne glass Wedding Favor","Grace B.",5,"2025-09-14","Perfect! I ordered this for a gift and couldn't be happier. The customization was exactly as I requested. I will definitely be ordering again."
"Personlaized champagne glass | Custom champagne glass Wedding Favor","Madison A.",5,"2026-04-16","Incredible! I ordered this for my bridesmaids and couldn't be happier. I've recommended this shop to all my engaged friends. I will definitely be ordering again."
"Personlaized champagne glass | Custom champagne glass Wedding Favor","Emma T.",5,"2025-07-10","Lovely! I ordered this for my bachelorette party and couldn't be happier. Shipping was super fast and it was packaged perfectly. It added the perfect touch to our special day."
"Personlaized champagne glass | Custom champagne glass Wedding Favor","Isabella G.",5,"2025-08-18","Lovely! I ordered this for my bridal shower and couldn't be happier. The material feels very luxurious. Everyone kept asking where I got this."
"Personlaized champagne glass | Custom champagne glass Wedding Favor","Daniel P.",5,"2025-11-24","Lovely! I ordered this for our wedding day and couldn't be happier. Everyone kept asking where I got this. Shipping was super fast and it was packaged perfectly."
"Personlaized champagne glass | Custom champagne glass Wedding Favor","Megan S.",5,"2026-01-30","Perfect! I ordered this for a gift and couldn't be happier. Everyone kept asking where I got this. Customer service was so helpful too."
"Custom 16oz Acrylic Tumbler | Personalized Bridal Party & Wedding Favor","Ashley B.",5,"2025-11-30","Flawless! I ordered this for my bridal shower and couldn't be happier. Everyone kept asking where I got this. I've recommended this shop to all my engaged friends."
"Custom 16oz Acrylic Tumbler | Personalized Bridal Party & Wedding Favor","Emily R.",5,"2026-04-13","Breathtaking! I ordered this for a gift and couldn't be happier. The details are just immaculate. This was my favorite purchase for the wedding."
"Custom 16oz Acrylic Tumbler | Personalized Bridal Party & Wedding Favor","William L.",5,"2025-07-11","Fantastic! I ordered this for my wedding and couldn't be happier. I will definitely be ordering again. Such a premium feel to it."
"Custom 16oz Acrylic Tumbler | Personalized Bridal Party & Wedding Favor","Ashley B.",5,"2026-04-21","Premium quality! I ordered this for our wedding day and couldn't be happier. It added the perfect touch to our special day. The material feels very luxurious."
"Custom 16oz Acrylic Tumbler | Personalized Bridal Party & Wedding Favor","Amanda C.",5,"2026-04-26","So elegant! I ordered this for my bridal party and couldn't be happier. Customer service was so helpful too. The material feels very luxurious."
"Custom 16oz Acrylic Tumbler | Personalized Bridal Party & Wedding Favor","Emma T.",5,"2025-07-09","Perfect! I ordered this for my fiance and couldn't be happier. I will definitely be ordering again. The details are just immaculate."
"Custom 16oz Acrylic Tumbler | Personalized Bridal Party & Wedding Favor","Lauren H.",5,"2025-11-12","Exquisite! I ordered this for my bridal shower and couldn't be happier. Customer service was so helpful too. The details are just immaculate."
"Custom 16oz Acrylic Tumbler | Personalized Bridal Party & Wedding Favor","Emma T.",5,"2026-04-17","Exquisite! I ordered this for my bridesmaids and couldn't be happier. Customer service was so helpful too. Such a premium feel to it."
"Custom 16oz Acrylic Tumbler | Personalized Bridal Party & Wedding Favor","Elizabeth V.",4,"2026-03-09","Beautiful! I ordered this for a gift and couldn't be happier. Customer service was so helpful too. The details are just immaculate."
"Custom 16oz Acrylic Tumbler | Personalized Bridal Party & Wedding Favor","Daniel P.",5,"2026-04-18","Beautiful! I ordered this for a gift and couldn't be happier. It added the perfect touch to our special day. The material feels very luxurious."
"Custom 16oz Acrylic Tumbler | Personalized Bridal Party & Wedding Favor","Natalie M.",5,"2026-05-02","So elegant! I ordered this for my wedding and couldn't be happier. Such a premium feel to it. Customer service was so helpful too."
"Custom 16oz Acrylic Tumbler | Personalized Bridal Party & Wedding Favor","Taylor F.",5,"2025-07-10","Breathtaking! I ordered this for my bachelorette party and couldn't be happier. Customer service was so helpful too. It looks even better in person."
"Custom 16oz Acrylic Tumbler | Personalized Bridal Party & Wedding Favor","Christopher H.",4,"2025-09-03","Beautiful! I ordered this for a gift and couldn't be happier. Everyone kept asking where I got this. The material feels very luxurious."
"Custom 16oz Acrylic Tumbler | Personalized Bridal Party & Wedding Favor","Madison A.",5,"2025-06-03","Lovely! I ordered this for my bachelorette party and couldn't be happier. Shipping was super fast and it was packaged perfectly. I'm so happy with how this turned out."
"Custom 16oz Acrylic Tumbler | Personalized Bridal Party & Wedding Favor","Charlotte R.",5,"2026-05-16","Breathtaking! I ordered this for the big day and couldn't be happier. It looks even better in person. Shipping was super fast and it was packaged perfectly."
"Custom 16oz Acrylic Tumbler | Personalized Bridal Party & Wedding Favor","Natalie M.",5,"2025-07-30","Beautiful! I ordered this for the big day and couldn't be happier. The details are just immaculate. I will definitely be ordering again."
"Custom 16oz Acrylic Tumbler | Personalized Bridal Party & Wedding Favor","Joseph D.",5,"2025-10-01","Lovely! I ordered this for my bachelorette party and couldn't be happier. It added the perfect touch to our special day. I will definitely be ordering again."
"Custom 16oz Acrylic Tumbler | Personalized Bridal Party & Wedding Favor","Mia L.",5,"2025-09-30","Gorgeous! I ordered this for our wedding day and couldn't be happier. It looks even better in person. This was my favorite purchase for the wedding."
"Custom 16oz Acrylic Tumbler | Personalized Bridal Party & Wedding Favor","Joseph D.",5,"2025-10-30","Beautiful! I ordered this for my wedding and couldn't be happier. This was my favorite purchase for the wedding. The details are just immaculate."
"Custom 16oz Acrylic Tumbler | Personalized Bridal Party & Wedding Favor","Rachel D.",5,"2026-03-10","Breathtaking! I ordered this for my bridal party and couldn't be happier. The details are just immaculate. It added the perfect touch to our special day."
"Personalized White Beach Towel | Bespoke Bridal Party Gift & Wedding Favor ","Ashley B.",5,"2025-06-26","Exquisite! I ordered this for my bachelorette party and couldn't be happier. It added the perfect touch to our special day. I will definitely be ordering again."
"Personalized White Beach Towel | Bespoke Bridal Party Gift & Wedding Favor ","Nicole K.",5,"2025-09-13","Amazing! I ordered this for my bridal shower and couldn't be happier. I've recommended this shop to all my engaged friends. I'm so happy with how this turned out."
"Personalized White Beach Towel | Bespoke Bridal Party Gift & Wedding Favor ","Nicole K.",5,"2025-11-12","Premium quality! I ordered this for my bridal party and couldn't be happier. The material feels very luxurious. Shipping was super fast and it was packaged perfectly."
"Personalized White Beach Towel | Bespoke Bridal Party Gift & Wedding Favor ","Samantha W.",4,"2026-01-02","Fantastic! I ordered this for my groomsmen and couldn't be happier. The quality is unmatched. This was my favorite purchase for the wedding."
"Personalized White Beach Towel | Bespoke Bridal Party Gift & Wedding Favor ","Victoria J.",5,"2025-11-25","Premium quality! I ordered this for my bachelorette party and couldn't be happier. The details are just immaculate. This was my favorite purchase for the wedding."
"Personalized White Beach Towel | Bespoke Bridal Party Gift & Wedding Favor ","Sarah M.",5,"2025-11-20","Gorgeous! I ordered this for our wedding day and couldn't be happier. Shipping was super fast and it was packaged perfectly. I'm so happy with how this turned out."
"Personalized White Beach Towel | Bespoke Bridal Party Gift & Wedding Favor ","David M.",5,"2025-12-20","Beautiful! I ordered this for our rehearsal dinner and couldn't be happier. It added the perfect touch to our special day. Customer service was so helpful too."
"Personalized White Beach Towel | Bespoke Bridal Party Gift & Wedding Favor ","Abigail P.",5,"2025-09-22","Beyond expectations! I ordered this for our rehearsal dinner and couldn't be happier. It looks even better in person. I'm so happy with how this turned out."
"Personalized White Beach Towel | Bespoke Bridal Party Gift & Wedding Favor ","Sarah M.",5,"2026-01-22","Flawless! I ordered this for my groomsmen and couldn't be happier. Such a premium feel to it. Customer service was so helpful too."
"Personalized White Beach Towel | Bespoke Bridal Party Gift & Wedding Favor ","Kayla P.",5,"2025-12-28","Beyond expectations! I ordered this for our wedding day and couldn't be happier. Customer service was so helpful too. The quality is unmatched."
"Personalized White Beach Towel | Bespoke Bridal Party Gift & Wedding Favor ","Ashley B.",5,"2025-06-16","Gorgeous! I ordered this for my bachelorette party and couldn't be happier. It looks even better in person. It added the perfect touch to our special day."
"Personalized White Beach Towel | Bespoke Bridal Party Gift & Wedding Favor ","Isabella G.",5,"2025-08-20","Exquisite! I ordered this for our wedding day and couldn't be happier. The quality is unmatched. It added the perfect touch to our special day."
"Personalized White Beach Towel | Bespoke Bridal Party Gift & Wedding Favor ","Robert S.",5,"2025-12-06","Incredible! I ordered this for my fiance and couldn't be happier. It looks even better in person. The customization was exactly as I requested."
"Personalized White Beach Towel | Bespoke Bridal Party Gift & Wedding Favor ","Isabella G.",5,"2025-07-30","Amazing! I ordered this for my groomsmen and couldn't be happier. Customer service was so helpful too. This was my favorite purchase for the wedding."
"Personalized White Beach Towel | Bespoke Bridal Party Gift & Wedding Favor ","James R.",4,"2026-03-15","So elegant! I ordered this for a gift and couldn't be happier. It added the perfect touch to our special day. The quality is unmatched."
"Personalized White Beach Towel | Bespoke Bridal Party Gift & Wedding Favor ","Matthew B.",5,"2025-10-18","Beautiful! I ordered this for my wedding and couldn't be happier. It added the perfect touch to our special day. The customization was exactly as I requested."
"Personalized White Beach Towel | Bespoke Bridal Party Gift & Wedding Favor ","Emily R.",5,"2026-03-01","Beyond expectations! I ordered this for our rehearsal dinner and couldn't be happier. Everyone kept asking where I got this. Shipping was super fast and it was packaged perfectly."
"Personalized White Beach Towel | Bespoke Bridal Party Gift & Wedding Favor ","Natalie M.",5,"2025-08-15","Perfect! I ordered this for my bachelorette party and couldn't be happier. Everyone kept asking where I got this. Shipping was super fast and it was packaged perfectly."
"Personalized White Beach Towel | Bespoke Bridal Party Gift & Wedding Favor ","Ava S.",4,"2025-08-14","Fantastic! I ordered this for my bridal party and couldn't be happier. The quality is unmatched. The details are just immaculate."
"Personalized White Beach Towel | Bespoke Bridal Party Gift & Wedding Favor ","Taylor F.",5,"2025-08-31","Flawless! I ordered this for my groomsmen and couldn't be happier. It looks even better in person. I will definitely be ordering again."
"Custom Ceramic Ring Dish | Personalized Heirloom Trinket Tray","John C.",5,"2025-08-13","Beyond expectations! I ordered this for my groomsmen and couldn't be happier. Such a premium feel to it. Customer service was so helpful too."
"Custom Ceramic Ring Dish | Personalized Heirloom Trinket Tray","Jessica T.",5,"2025-07-02","Fantastic! I ordered this for a gift and couldn't be happier. It looks even better in person. Such a premium feel to it."
"Custom Ceramic Ring Dish | Personalized Heirloom Trinket Tray","Victoria J.",5,"2025-12-04","Incredible! I ordered this for my wedding and couldn't be happier. Such a premium feel to it. The material feels very luxurious."
"Custom Ceramic Ring Dish | Personalized Heirloom Trinket Tray","Isabella G.",5,"2026-01-26","Exquisite! I ordered this for our wedding day and couldn't be happier. Shipping was super fast and it was packaged perfectly. Customer service was so helpful too."
"Custom Ceramic Ring Dish | Personalized Heirloom Trinket Tray","John C.",5,"2026-02-19","Amazing! I ordered this for my bachelorette party and couldn't be happier. It added the perfect touch to our special day. I'm so happy with how this turned out."
"Custom Ceramic Ring Dish | Personalized Heirloom Trinket Tray","Christopher H.",5,"2025-05-23","Flawless! I ordered this for the big day and couldn't be happier. It added the perfect touch to our special day. I've recommended this shop to all my engaged friends."
"Custom Ceramic Ring Dish | Personalized Heirloom Trinket Tray","Ava S.",5,"2026-01-17","Beyond expectations! I ordered this for our wedding day and couldn't be happier. The material feels very luxurious. I've recommended this shop to all my engaged friends."
"Custom Ceramic Ring Dish | Personalized Heirloom Trinket Tray","Jessica T.",5,"2026-04-14","Breathtaking! I ordered this for my bachelorette party and couldn't be happier. Such a premium feel to it. It looks even better in person."
"Custom Ceramic Ring Dish | Personalized Heirloom Trinket Tray","William L.",4,"2025-05-21","So elegant! I ordered this for our wedding day and couldn't be happier. Such a premium feel to it. The quality is unmatched."
"Custom Ceramic Ring Dish | Personalized Heirloom Trinket Tray","Natalie M.",4,"2026-02-28","High quality! I ordered this for my fiance and couldn't be happier. The material feels very luxurious. It added the perfect touch to our special day."
"Custom Ceramic Ring Dish | Personalized Heirloom Trinket Tray","Grace B.",4,"2025-08-23","Beyond expectations! I ordered this for my fiance and couldn't be happier. I've recommended this shop to all my engaged friends. It added the perfect touch to our special day."
"Custom Ceramic Ring Dish | Personalized Heirloom Trinket Tray","Emily R.",4,"2025-09-20","Absolutely stunning! I ordered this for my fiance and couldn't be happier. The details are just immaculate. Customer service was so helpful too."
"Custom Ceramic Ring Dish | Personalized Heirloom Trinket Tray","Mia L.",5,"2025-05-26","Beautiful! I ordered this for our wedding day and couldn't be happier. Shipping was super fast and it was packaged perfectly. Such a premium feel to it."
"Custom Ceramic Ring Dish | Personalized Heirloom Trinket Tray","Abigail P.",5,"2026-01-25","Beyond expectations! I ordered this for my bridesmaids and couldn't be happier. The details are just immaculate. Shipping was super fast and it was packaged perfectly."
"Custom Ceramic Ring Dish | Personalized Heirloom Trinket Tray","Megan S.",4,"2025-12-12","Lovely! I ordered this for our rehearsal dinner and couldn't be happier. The material feels very luxurious. Everyone kept asking where I got this."
"Custom Ceramic Ring Dish | Personalized Heirloom Trinket Tray","David M.",5,"2025-10-14","Absolutely stunning! I ordered this for my bridal shower and couldn't be happier. Everyone kept asking where I got this. It looks even better in person."
"Custom Ceramic Ring Dish | Personalized Heirloom Trinket Tray","Daniel P.",4,"2025-11-27","Perfect! I ordered this for my groomsmen and couldn't be happier. Such a premium feel to it. Everyone kept asking where I got this."
"Custom Ceramic Ring Dish | Personalized Heirloom Trinket Tray","Jessica T.",5,"2025-06-01","Amazing! I ordered this for my fiance and couldn't be happier. I'm so happy with how this turned out. Everyone kept asking where I got this."
"Custom Ceramic Ring Dish | Personalized Heirloom Trinket Tray","Mia L.",4,"2026-05-16","Perfect! I ordered this for my wedding and couldn't be happier. I've recommended this shop to all my engaged friends. The details are just immaculate."
"Custom Ceramic Ring Dish | Personalized Heirloom Trinket Tray","Samantha W.",5,"2025-07-05","So elegant! I ordered this for my bridal shower and couldn't be happier. The material feels very luxurious. Customer service was so helpful too."
"Personalized Compact Mirror | Custom Heirloom Bridal Gift ","Madison A.",5,"2025-11-19","Amazing! I ordered this for our rehearsal dinner and couldn't be happier. Customer service was so helpful too. The customization was exactly as I requested."
"Personalized Compact Mirror | Custom Heirloom Bridal Gift ","Chloe E.",4,"2025-08-22","Absolutely stunning! I ordered this for my groomsmen and couldn't be happier. I will definitely be ordering again. Customer service was so helpful too."
"Personalized Compact Mirror | Custom Heirloom Bridal Gift ","James R.",5,"2026-03-30","High quality! I ordered this for our rehearsal dinner and couldn't be happier. Customer service was so helpful too. The customization was exactly as I requested."
"Personalized Compact Mirror | Custom Heirloom Bridal Gift ","Matthew B.",5,"2025-05-30","Premium quality! I ordered this for my bridesmaids and couldn't be happier. Such a premium feel to it. The quality is unmatched."
"Personalized Compact Mirror | Custom Heirloom Bridal Gift ","John C.",5,"2026-02-13","Incredible! I ordered this for a gift and couldn't be happier. I will definitely be ordering again. Everyone kept asking where I got this."
"Personalized Compact Mirror | Custom Heirloom Bridal Gift ","Charlotte R.",5,"2025-08-19","Gorgeous! I ordered this for our rehearsal dinner and couldn't be happier. The details are just immaculate. It added the perfect touch to our special day."
"Personalized Compact Mirror | Custom Heirloom Bridal Gift ","Robert S.",5,"2026-04-04","Flawless! I ordered this for our wedding day and couldn't be happier. The details are just immaculate. The material feels very luxurious."
"Personalized Compact Mirror | Custom Heirloom Bridal Gift ","Lauren H.",5,"2026-02-11","Absolutely stunning! I ordered this for my wedding and couldn't be happier. The material feels very luxurious. The details are just immaculate."
"Personalized Compact Mirror | Custom Heirloom Bridal Gift ","Abigail P.",5,"2026-05-12","Flawless! I ordered this for my groomsmen and couldn't be happier. I will definitely be ordering again. The details are just immaculate."
"Personalized Compact Mirror | Custom Heirloom Bridal Gift ","Emma T.",5,"2025-09-04","Beautiful! I ordered this for our wedding day and couldn't be happier. It added the perfect touch to our special day. The details are just immaculate."
"Personalized Compact Mirror | Custom Heirloom Bridal Gift ","Matthew B.",5,"2025-10-27","Exquisite! I ordered this for my fiance and couldn't be happier. The quality is unmatched. I will definitely be ordering again."
"Personalized Compact Mirror | Custom Heirloom Bridal Gift ","Natalie M.",5,"2025-10-11","Incredible! I ordered this for my bachelorette party and couldn't be happier. It added the perfect touch to our special day. This was my favorite purchase for the wedding."
"Personalized Compact Mirror | Custom Heirloom Bridal Gift ","Charlotte R.",5,"2025-06-11","Fantastic! I ordered this for my bridesmaids and couldn't be happier. The customization was exactly as I requested. Customer service was so helpful too."
"Personalized Compact Mirror | Custom Heirloom Bridal Gift ","Sarah M.",5,"2026-02-08","Lovely! I ordered this for my fiance and couldn't be happier. I will definitely be ordering again. The details are just immaculate."
"Personalized Compact Mirror | Custom Heirloom Bridal Gift ","James R.",4,"2025-07-17","High quality! I ordered this for my bridesmaids and couldn't be happier. Such a premium feel to it. Everyone kept asking where I got this."
"Personalized Compact Mirror | Custom Heirloom Bridal Gift ","Ashley B.",5,"2026-04-16","Incredible! I ordered this for a gift and couldn't be happier. This was my favorite purchase for the wedding. I'm so happy with how this turned out."
"Personalized Compact Mirror | Custom Heirloom Bridal Gift ","Joseph D.",5,"2025-08-24","Perfect! I ordered this for my bachelorette party and couldn't be happier. I'm so happy with how this turned out. This was my favorite purchase for the wedding."
"Personalized Compact Mirror | Custom Heirloom Bridal Gift ","Samantha W.",5,"2025-06-28","Incredible! I ordered this for my fiance and couldn't be happier. Everyone kept asking where I got this. Such a premium feel to it."
"Personalized Compact Mirror | Custom Heirloom Bridal Gift ","Sarah M.",5,"2026-04-12","Beautiful! I ordered this for our wedding day and couldn't be happier. I've recommended this shop to all my engaged friends. It looks even better in person."
"Personalized Compact Mirror | Custom Heirloom Bridal Gift ","Rachel D.",5,"2025-05-20","Absolutely stunning! I ordered this for my bridal party and couldn't be happier. I've recommended this shop to all my engaged friends. Shipping was super fast and it was packaged perfectly."
"Personalized Hand-Crocheted Bridal Tote | Beach Bag","Rachel D.",5,"2025-07-17","Premium quality! I ordered this for the big day and couldn't be happier. Customer service was so helpful too. It added the perfect touch to our special day."
"Personalized Hand-Crocheted Bridal Tote | Beach Bag","Madison A.",4,"2026-05-02","Amazing! I ordered this for my bridal party and couldn't be happier. The customization was exactly as I requested. I'm so happy with how this turned out."
"Personalized Hand-Crocheted Bridal Tote | Beach Bag","Rachel D.",4,"2025-12-30","So elegant! I ordered this for my fiance and couldn't be happier. This was my favorite purchase for the wedding. The quality is unmatched."
"Personalized Hand-Crocheted Bridal Tote | Beach Bag","Matthew B.",5,"2026-01-17","Premium quality! I ordered this for a gift and couldn't be happier. The material feels very luxurious. I'm so happy with how this turned out."
"Personalized Hand-Crocheted Bridal Tote | Beach Bag","Emma T.",5,"2025-08-02","Absolutely stunning! I ordered this for my fiance and couldn't be happier. I'm so happy with how this turned out. It added the perfect touch to our special day."
"Personalized Hand-Crocheted Bridal Tote | Beach Bag","Joseph D.",5,"2025-08-25","Premium quality! I ordered this for my fiance and couldn't be happier. This was my favorite purchase for the wedding. Such a premium feel to it."
"Personalized Hand-Crocheted Bridal Tote | Beach Bag","Michael T.",4,"2026-03-22","Gorgeous! I ordered this for my fiance and couldn't be happier. This was my favorite purchase for the wedding. Such a premium feel to it."
"Personalized Hand-Crocheted Bridal Tote | Beach Bag","Alexis N.",5,"2026-03-14","So elegant! I ordered this for the big day and couldn't be happier. It looks even better in person. This was my favorite purchase for the wedding."
"Personalized Hand-Crocheted Bridal Tote | Beach Bag","Emily R.",4,"2025-07-03","Breathtaking! I ordered this for our rehearsal dinner and couldn't be happier. The material feels very luxurious. I will definitely be ordering again."
"Personalized Hand-Crocheted Bridal Tote | Beach Bag","Alexis N.",5,"2025-11-21","Breathtaking! I ordered this for my groomsmen and couldn't be happier. Everyone kept asking where I got this. The material feels very luxurious."
"Personalized Hand-Crocheted Bridal Tote | Beach Bag","Chloe E.",5,"2025-10-15","Lovely! I ordered this for my bridesmaids and couldn't be happier. This was my favorite purchase for the wedding. The details are just immaculate."
"Personalized Hand-Crocheted Bridal Tote | Beach Bag","Sarah M.",5,"2026-01-02","Gorgeous! I ordered this for my bridesmaids and couldn't be happier. I've recommended this shop to all my engaged friends. Customer service was so helpful too."
"Personalized Hand-Crocheted Bridal Tote | Beach Bag","Christopher H.",5,"2025-08-21","Amazing! I ordered this for my fiance and couldn't be happier. It added the perfect touch to our special day. Shipping was super fast and it was packaged perfectly."
"Personalized Hand-Crocheted Bridal Tote | Beach Bag","Christopher H.",5,"2025-10-09","Premium quality! I ordered this for the big day and couldn't be happier. It added the perfect touch to our special day. The customization was exactly as I requested."
"Personalized Hand-Crocheted Bridal Tote | Beach Bag","John C.",5,"2026-02-16","Perfect! I ordered this for our wedding day and couldn't be happier. I've recommended this shop to all my engaged friends. It added the perfect touch to our special day."
"Personalized Hand-Crocheted Bridal Tote | Beach Bag","Megan S.",4,"2025-07-23","Amazing! I ordered this for my bridesmaids and couldn't be happier. The quality is unmatched. I've recommended this shop to all my engaged friends."
"Personalized Hand-Crocheted Bridal Tote | Beach Bag","Robert S.",4,"2026-03-05","Amazing! I ordered this for my groomsmen and couldn't be happier. The details are just immaculate. Such a premium feel to it."
"Personalized Hand-Crocheted Bridal Tote | Beach Bag","Grace B.",5,"2025-12-09","Amazing! I ordered this for my wedding and couldn't be happier. I've recommended this shop to all my engaged friends. I'm so happy with how this turned out."
"Personalized Hand-Crocheted Bridal Tote | Beach Bag","Megan S.",5,"2026-05-14","Lovely! I ordered this for the big day and couldn't be happier. The material feels very luxurious. The details are just immaculate."
"Personalized Hand-Crocheted Bridal Tote | Beach Bag","Olivia H.",4,"2025-10-23","Incredible! I ordered this for my fiance and couldn't be happier. It added the perfect touch to our special day. I'm so happy with how this turned out."
"Personalized Embroidered Canvas Tote | Custom Bridal Party Gift ","Hannah G.",4,"2026-04-01","Beautiful! I ordered this for our rehearsal dinner and couldn't be happier. It looks even better in person. I've recommended this shop to all my engaged friends."
"Personalized Embroidered Canvas Tote | Custom Bridal Party Gift ","Ava S.",5,"2026-02-09","High quality! I ordered this for my fiance and couldn't be happier. Everyone kept asking where I got this. Shipping was super fast and it was packaged perfectly."
"Personalized Embroidered Canvas Tote | Custom Bridal Party Gift ","Megan S.",5,"2026-01-21","Beautiful! I ordered this for my groomsmen and couldn't be happier. It added the perfect touch to our special day. I've recommended this shop to all my engaged friends."
"Personalized Embroidered Canvas Tote | Custom Bridal Party Gift ","Daniel P.",4,"2026-05-16","Incredible! I ordered this for my groomsmen and couldn't be happier. I will definitely be ordering again. Everyone kept asking where I got this."
"Personalized Embroidered Canvas Tote | Custom Bridal Party Gift ","Michael T.",5,"2025-06-18","Gorgeous! I ordered this for my bachelorette party and couldn't be happier. This was my favorite purchase for the wedding. Everyone kept asking where I got this."
"Personalized Embroidered Canvas Tote | Custom Bridal Party Gift ","William L.",4,"2025-08-02","Absolutely stunning! I ordered this for our wedding day and couldn't be happier. The details are just immaculate. Customer service was so helpful too."
"Personalized Embroidered Canvas Tote | Custom Bridal Party Gift ","Rachel D.",5,"2026-04-04","Premium quality! I ordered this for my fiance and couldn't be happier. It looks even better in person. Shipping was super fast and it was packaged perfectly."
"Personalized Embroidered Canvas Tote | Custom Bridal Party Gift ","Olivia H.",5,"2025-08-18","Premium quality! I ordered this for our rehearsal dinner and couldn't be happier. Everyone kept asking where I got this. This was my favorite purchase for the wedding."
"Personalized Embroidered Canvas Tote | Custom Bridal Party Gift ","William L.",5,"2026-02-22","Exquisite! I ordered this for my bachelorette party and couldn't be happier. This was my favorite purchase for the wedding. It looks even better in person."
"Personalized Embroidered Canvas Tote | Custom Bridal Party Gift ","Sophia K.",5,"2025-12-03","Beyond expectations! I ordered this for my groomsmen and couldn't be happier. Everyone kept asking where I got this. I'm so happy with how this turned out."
"Personalized Embroidered Canvas Tote | Custom Bridal Party Gift ","Daniel P.",5,"2025-11-23","Gorgeous! I ordered this for our rehearsal dinner and couldn't be happier. It added the perfect touch to our special day. Shipping was super fast and it was packaged perfectly."
"Personalized Embroidered Canvas Tote | Custom Bridal Party Gift ","Matthew B.",5,"2025-08-19","Beyond expectations! I ordered this for my fiance and couldn't be happier. This was my favorite purchase for the wedding. The material feels very luxurious."
"Personalized Embroidered Canvas Tote | Custom Bridal Party Gift ","Kayla P.",5,"2025-09-16","High quality! I ordered this for the big day and couldn't be happier. It added the perfect touch to our special day. The material feels very luxurious."
"Personalized Embroidered Canvas Tote | Custom Bridal Party Gift ","Samantha W.",5,"2026-01-03","Fantastic! I ordered this for a gift and couldn't be happier. Customer service was so helpful too. Everyone kept asking where I got this."
"Personalized Embroidered Canvas Tote | Custom Bridal Party Gift ","Olivia H.",5,"2025-06-24","Lovely! I ordered this for my fiance and couldn't be happier. This was my favorite purchase for the wedding. Everyone kept asking where I got this."
"Personalized Embroidered Canvas Tote | Custom Bridal Party Gift ","Emily R.",5,"2026-01-21","So elegant! I ordered this for a gift and couldn't be happier. Shipping was super fast and it was packaged perfectly. This was my favorite purchase for the wedding."
"Personalized Embroidered Canvas Tote | Custom Bridal Party Gift ","Grace B.",5,"2026-04-18","Beyond expectations! I ordered this for a gift and couldn't be happier. Everyone kept asking where I got this. I've recommended this shop to all my engaged friends."
"Personalized Embroidered Canvas Tote | Custom Bridal Party Gift ","Lauren H.",5,"2025-08-13","Breathtaking! I ordered this for our rehearsal dinner and couldn't be happier. I'm so happy with how this turned out. It looks even better in person."
"Personalized Embroidered Canvas Tote | Custom Bridal Party Gift ","David M.",5,"2025-07-10","High quality! I ordered this for a gift and couldn't be happier. I'm so happy with how this turned out. I will definitely be ordering again."
"Personalized Embroidered Canvas Tote | Custom Bridal Party Gift ","Chloe E.",4,"2025-08-23","Absolutely stunning! I ordered this for my wedding and couldn't be happier. It added the perfect touch to our special day. I'm so happy with how this turned out."
"Bespoke Heirloom Photo Whiskey Glass | Father of the Bride & Groom Gift","William L.",4,"2025-10-02","Flawless! I ordered this for my bridal shower and couldn't be happier. Customer service was so helpful too. The details are just immaculate."
"Bespoke Heirloom Photo Whiskey Glass | Father of the Bride & Groom Gift","Brittany L.",5,"2026-04-22","Lovely! I ordered this for our rehearsal dinner and couldn't be happier. The material feels very luxurious. I've recommended this shop to all my engaged friends."
"Bespoke Heirloom Photo Whiskey Glass | Father of the Bride & Groom Gift","Kayla P.",5,"2025-10-21","Beautiful! I ordered this for my wedding and couldn't be happier. The customization was exactly as I requested. I will definitely be ordering again."
"Bespoke Heirloom Photo Whiskey Glass | Father of the Bride & Groom Gift","Emma T.",5,"2026-02-21","Amazing! I ordered this for my bridesmaids and couldn't be happier. I've recommended this shop to all my engaged friends. The quality is unmatched."
"Bespoke Heirloom Photo Whiskey Glass | Father of the Bride & Groom Gift","Robert S.",5,"2025-06-20","High quality! I ordered this for my bachelorette party and couldn't be happier. Everyone kept asking where I got this. The material feels very luxurious."
"Bespoke Heirloom Photo Whiskey Glass | Father of the Bride & Groom Gift","Charlotte R.",5,"2026-03-07","High quality! I ordered this for our rehearsal dinner and couldn't be happier. The material feels very luxurious. I'm so happy with how this turned out."
"Bespoke Heirloom Photo Whiskey Glass | Father of the Bride & Groom Gift","Matthew B.",5,"2025-08-16","Beyond expectations! I ordered this for the big day and couldn't be happier. Such a premium feel to it. I will definitely be ordering again."
"Bespoke Heirloom Photo Whiskey Glass | Father of the Bride & Groom Gift","Charlotte R.",4,"2025-11-14","High quality! I ordered this for my groomsmen and couldn't be happier. Such a premium feel to it. Everyone kept asking where I got this."
"Bespoke Heirloom Photo Whiskey Glass | Father of the Bride & Groom Gift","William L.",5,"2025-09-22","Gorgeous! I ordered this for my bachelorette party and couldn't be happier. It added the perfect touch to our special day. The quality is unmatched."
"Bespoke Heirloom Photo Whiskey Glass | Father of the Bride & Groom Gift","Olivia H.",5,"2025-07-07","Absolutely stunning! I ordered this for my bridal party and couldn't be happier. I'm so happy with how this turned out. Such a premium feel to it."
"Bespoke Heirloom Photo Whiskey Glass | Father of the Bride & Groom Gift","Isabella G.",5,"2025-10-06","Breathtaking! I ordered this for my wedding and couldn't be happier. Such a premium feel to it. The details are just immaculate."
"Bespoke Heirloom Photo Whiskey Glass | Father of the Bride & Groom Gift","John C.",5,"2025-12-18","Perfect! I ordered this for my groomsmen and couldn't be happier. Everyone kept asking where I got this. It looks even better in person."
"Bespoke Heirloom Photo Whiskey Glass | Father of the Bride & Groom Gift","Emma T.",5,"2025-10-03","Exquisite! I ordered this for our wedding day and couldn't be happier. Such a premium feel to it. Shipping was super fast and it was packaged perfectly."
"Bespoke Heirloom Photo Whiskey Glass | Father of the Bride & Groom Gift","Hannah G.",4,"2025-11-18","Absolutely stunning! I ordered this for my bridal shower and couldn't be happier. Everyone kept asking where I got this. Shipping was super fast and it was packaged perfectly."
"Bespoke Heirloom Photo Whiskey Glass | Father of the Bride & Groom Gift","Ashley B.",5,"2026-02-16","So elegant! I ordered this for my groomsmen and couldn't be happier. It added the perfect touch to our special day. I'm so happy with how this turned out."
"Bespoke Heirloom Photo Whiskey Glass | Father of the Bride & Groom Gift","Robert S.",4,"2025-08-29","Gorgeous! I ordered this for the big day and couldn't be happier. The quality is unmatched. I've recommended this shop to all my engaged friends."
"Bespoke Heirloom Photo Whiskey Glass | Father of the Bride & Groom Gift","Matthew B.",5,"2025-12-20","Absolutely stunning! I ordered this for our rehearsal dinner and couldn't be happier. Such a premium feel to it. It added the perfect touch to our special day."
"Bespoke Heirloom Photo Whiskey Glass | Father of the Bride & Groom Gift","Matthew B.",5,"2025-11-09","So elegant! I ordered this for our wedding day and couldn't be happier. The quality is unmatched. The details are just immaculate."
"Bespoke Heirloom Photo Whiskey Glass | Father of the Bride & Groom Gift","Olivia H.",5,"2025-10-11","High quality! I ordered this for my bridal party and couldn't be happier. I'm so happy with how this turned out. Such a premium feel to it."
"Bespoke Heirloom Photo Whiskey Glass | Father of the Bride & Groom Gift","Hannah G.",5,"2025-05-25","Absolutely stunning! I ordered this for a gift and couldn't be happier. Such a premium feel to it. The material feels very luxurious."
"Bespoke Diamond gold Name Necklace | Heirloom Script Pendant","Natalie M.",5,"2026-01-08","Fantastic! I ordered this for my fiance and couldn't be happier. I will definitely be ordering again. I'm so happy with how this turned out."
"Bespoke Diamond gold Name Necklace | Heirloom Script Pendant","Joseph D.",5,"2026-01-21","Flawless! I ordered this for my fiance and couldn't be happier. Everyone kept asking where I got this. Customer service was so helpful too."
"Bespoke Diamond gold Name Necklace | Heirloom Script Pendant","John C.",5,"2025-10-02","Breathtaking! I ordered this for my wedding and couldn't be happier. Customer service was so helpful too. Everyone kept asking where I got this."
"Bespoke Diamond gold Name Necklace | Heirloom Script Pendant","Isabella G.",5,"2026-01-29","Gorgeous! I ordered this for my bridesmaids and couldn't be happier. The quality is unmatched. Everyone kept asking where I got this."
"Bespoke Diamond gold Name Necklace | Heirloom Script Pendant","Abigail P.",4,"2025-08-05","Amazing! I ordered this for my bridal party and couldn't be happier. It added the perfect touch to our special day. The customization was exactly as I requested."
"Bespoke Diamond gold Name Necklace | Heirloom Script Pendant","Natalie M.",5,"2025-11-18","Perfect! I ordered this for my wedding and couldn't be happier. Such a premium feel to it. Everyone kept asking where I got this."
"Bespoke Diamond gold Name Necklace | Heirloom Script Pendant","William L.",5,"2026-01-03","Exquisite! I ordered this for our rehearsal dinner and couldn't be happier. The details are just immaculate. Such a premium feel to it."
"Bespoke Diamond gold Name Necklace | Heirloom Script Pendant","Matthew B.",5,"2025-11-22","Fantastic! I ordered this for my fiance and couldn't be happier. It looks even better in person. The quality is unmatched."
"Bespoke Diamond gold Name Necklace | Heirloom Script Pendant","Samantha W.",5,"2025-11-24","Gorgeous! I ordered this for a gift and couldn't be happier. It looks even better in person. I'm so happy with how this turned out."
"Bespoke Diamond gold Name Necklace | Heirloom Script Pendant","William L.",5,"2025-06-19","So elegant! I ordered this for the big day and couldn't be happier. Customer service was so helpful too. The customization was exactly as I requested."
"Bespoke Diamond gold Name Necklace | Heirloom Script Pendant","Taylor F.",5,"2026-01-02","Gorgeous! I ordered this for my bridal party and couldn't be happier. It added the perfect touch to our special day. The details are just immaculate."
"Bespoke Diamond gold Name Necklace | Heirloom Script Pendant","Ashley B.",5,"2026-05-11","Amazing! I ordered this for our rehearsal dinner and couldn't be happier. The customization was exactly as I requested. Customer service was so helpful too."
"Bespoke Diamond gold Name Necklace | Heirloom Script Pendant","Victoria J.",5,"2025-09-24","Beautiful! I ordered this for my fiance and couldn't be happier. The material feels very luxurious. It looks even better in person."
"Bespoke Diamond gold Name Necklace | Heirloom Script Pendant","Sophia K.",5,"2025-10-03","Beautiful! I ordered this for my bridesmaids and couldn't be happier. The quality is unmatched. Customer service was so helpful too."
"Bespoke Diamond gold Name Necklace | Heirloom Script Pendant","Madison A.",5,"2025-09-07","Breathtaking! I ordered this for my wedding and couldn't be happier. This was my favorite purchase for the wedding. Such a premium feel to it."
"Bespoke Diamond gold Name Necklace | Heirloom Script Pendant","James R.",5,"2025-09-27","Perfect! I ordered this for my fiance and couldn't be happier. Everyone kept asking where I got this. The material feels very luxurious."
"Bespoke Diamond gold Name Necklace | Heirloom Script Pendant","Samantha W.",5,"2026-03-27","Lovely! I ordered this for the big day and couldn't be happier. I've recommended this shop to all my engaged friends. Customer service was so helpful too."
"Bespoke Diamond gold Name Necklace | Heirloom Script Pendant","Natalie M.",5,"2025-06-17","So elegant! I ordered this for our rehearsal dinner and couldn't be happier. Customer service was so helpful too. I will definitely be ordering again."
"Bespoke Diamond gold Name Necklace | Heirloom Script Pendant","Taylor F.",4,"2026-02-10","Amazing! I ordered this for our wedding day and couldn't be happier. Such a premium feel to it. I will definitely be ordering again."
"Bespoke Diamond gold Name Necklace | Heirloom Script Pendant","Hannah G.",5,"2025-12-03","High quality! I ordered this for my bachelorette party and couldn't be happier. The customization was exactly as I requested. The details are just immaculate."
"Bespoke Engraved Crystal Whiskey Glass","Emily R.",5,"2025-12-10","Incredible! I ordered this for my wedding and couldn't be happier. It added the perfect touch to our special day. I've recommended this shop to all my engaged friends."
"Bespoke Engraved Crystal Whiskey Glass","Megan S.",5,"2026-01-19","Absolutely stunning! I ordered this for my wedding and couldn't be happier. It added the perfect touch to our special day. Shipping was super fast and it was packaged perfectly."
"Bespoke Engraved Crystal Whiskey Glass","Abigail P.",5,"2025-08-23","Breathtaking! I ordered this for my wedding and couldn't be happier. It added the perfect touch to our special day. Customer service was so helpful too."
"Bespoke Engraved Crystal Whiskey Glass","Chloe E.",5,"2025-12-08","Fantastic! I ordered this for a gift and couldn't be happier. This was my favorite purchase for the wedding. Such a premium feel to it."
"Bespoke Engraved Crystal Whiskey Glass","Michael T.",5,"2026-03-26","Flawless! I ordered this for the big day and couldn't be happier. The material feels very luxurious. I will definitely be ordering again."
"Bespoke Engraved Crystal Whiskey Glass","Grace B.",5,"2026-03-10","Incredible! I ordered this for my bridal party and couldn't be happier. The customization was exactly as I requested. This was my favorite purchase for the wedding."
"Bespoke Engraved Crystal Whiskey Glass","Mia L.",5,"2025-07-09","Premium quality! I ordered this for my bachelorette party and couldn't be happier. I've recommended this shop to all my engaged friends. Such a premium feel to it."
"Bespoke Engraved Crystal Whiskey Glass","Megan S.",5,"2025-09-10","High quality! I ordered this for my bridesmaids and couldn't be happier. The details are just immaculate. Everyone kept asking where I got this."
"Bespoke Engraved Crystal Whiskey Glass","Ava S.",5,"2026-03-02","Breathtaking! I ordered this for my bridal party and couldn't be happier. It added the perfect touch to our special day. The customization was exactly as I requested."
"Bespoke Engraved Crystal Whiskey Glass","Brittany L.",5,"2025-10-10","High quality! I ordered this for my bachelorette party and couldn't be happier. Everyone kept asking where I got this. I'm so happy with how this turned out."
"Bespoke Engraved Crystal Whiskey Glass","Isabella G.",5,"2026-01-04","Beautiful! I ordered this for a gift and couldn't be happier. This was my favorite purchase for the wedding. Everyone kept asking where I got this."
"Bespoke Engraved Crystal Whiskey Glass","Sophia K.",5,"2026-02-19","Gorgeous! I ordered this for my wedding and couldn't be happier. Such a premium feel to it. The material feels very luxurious."
"Bespoke Engraved Crystal Whiskey Glass","Samantha W.",4,"2026-04-25","High quality! I ordered this for my bachelorette party and couldn't be happier. The details are just immaculate. Customer service was so helpful too."
"Bespoke Engraved Crystal Whiskey Glass","John C.",5,"2025-11-29","Perfect! I ordered this for our rehearsal dinner and couldn't be happier. I'm so happy with how this turned out. Such a premium feel to it."
"Bespoke Engraved Crystal Whiskey Glass","Isabella G.",5,"2025-10-12","Absolutely stunning! I ordered this for our wedding day and couldn't be happier. I will definitely be ordering again. The quality is unmatched."
"Bespoke Engraved Crystal Whiskey Glass","Isabella G.",5,"2026-02-26","So elegant! I ordered this for my fiance and couldn't be happier. Customer service was so helpful too. It looks even better in person."
"Bespoke Engraved Crystal Whiskey Glass","Hannah G.",5,"2025-06-06","Fantastic! I ordered this for our wedding day and couldn't be happier. It added the perfect touch to our special day. I've recommended this shop to all my engaged friends."
"Bespoke Engraved Crystal Whiskey Glass","Alexis N.",5,"2025-10-30","So elegant! I ordered this for my fiance and couldn't be happier. It added the perfect touch to our special day. It looks even better in person."
"Bespoke Engraved Crystal Whiskey Glass","Sarah M.",5,"2026-05-16","Premium quality! I ordered this for my bridesmaids and couldn't be happier. Such a premium feel to it. Everyone kept asking where I got this."
"Bespoke Engraved Crystal Whiskey Glass","Madison A.",5,"2026-02-21","Gorgeous! I ordered this for my wedding and couldn't be happier. This was my favorite purchase for the wedding. Shipping was super fast and it was packaged perfectly."
"Travel-Size Sleek Lint Roller | Matte Black","Daniel P.",5,"2025-10-16","Fantastic! I ordered this for our wedding day and couldn't be happier. The customization was exactly as I requested. Shipping was super fast and it was packaged perfectly."
"Travel-Size Sleek Lint Roller | Matte Black","Sophia K.",5,"2025-09-05","Gorgeous! I ordered this for my bridal shower and couldn't be happier. The quality is unmatched. I've recommended this shop to all my engaged friends."
"Travel-Size Sleek Lint Roller | Matte Black","David M.",5,"2026-01-01","Exquisite! I ordered this for our rehearsal dinner and couldn't be happier. It added the perfect touch to our special day. It looks even better in person."
"Travel-Size Sleek Lint Roller | Matte Black","Rachel D.",5,"2026-03-08","Fantastic! I ordered this for my bachelorette party and couldn't be happier. Such a premium feel to it. The material feels very luxurious."
"Travel-Size Sleek Lint Roller | Matte Black","William L.",5,"2025-10-18","Amazing! I ordered this for my fiance and couldn't be happier. Everyone kept asking where I got this. Such a premium feel to it."
"Travel-Size Sleek Lint Roller | Matte Black","Taylor F.",5,"2025-10-10","Gorgeous! I ordered this for a gift and couldn't be happier. It added the perfect touch to our special day. I'm so happy with how this turned out."
"Travel-Size Sleek Lint Roller | Matte Black","Amanda C.",5,"2026-03-24","Beautiful! I ordered this for my bridal shower and couldn't be happier. I'm so happy with how this turned out. The material feels very luxurious."
"Travel-Size Sleek Lint Roller | Matte Black","Mia L.",5,"2026-01-23","Beautiful! I ordered this for my bridal shower and couldn't be happier. The quality is unmatched. It looks even better in person."
"Travel-Size Sleek Lint Roller | Matte Black","Matthew B.",5,"2026-04-09","High quality! I ordered this for my groomsmen and couldn't be happier. It added the perfect touch to our special day. I'm so happy with how this turned out."
"Travel-Size Sleek Lint Roller | Matte Black","John C.",4,"2025-08-14","So elegant! I ordered this for the big day and couldn't be happier. Everyone kept asking where I got this. The details are just immaculate."
"Travel-Size Sleek Lint Roller | Matte Black","Kayla P.",5,"2026-03-08","Beautiful! I ordered this for my bachelorette party and couldn't be happier. The customization was exactly as I requested. Everyone kept asking where I got this."
"Travel-Size Sleek Lint Roller | Matte Black","James R.",5,"2026-02-03","Beautiful! I ordered this for our rehearsal dinner and couldn't be happier. It looks even better in person. This was my favorite purchase for the wedding."
"Travel-Size Sleek Lint Roller | Matte Black","William L.",5,"2025-06-14","Exquisite! I ordered this for my bridal party and couldn't be happier. It looks even better in person. Shipping was super fast and it was packaged perfectly."
"Travel-Size Sleek Lint Roller | Matte Black","Michael T.",5,"2025-09-06","Perfect! I ordered this for our rehearsal dinner and couldn't be happier. Such a premium feel to it. It added the perfect touch to our special day."
"Travel-Size Sleek Lint Roller | Matte Black","Matthew B.",5,"2025-08-26","Exquisite! I ordered this for the big day and couldn't be happier. I'm so happy with how this turned out. The customization was exactly as I requested."
"Travel-Size Sleek Lint Roller | Matte Black","Natalie M.",5,"2026-02-09","Premium quality! I ordered this for the big day and couldn't be happier. Such a premium feel to it. It looks even better in person."
"Travel-Size Sleek Lint Roller | Matte Black","Amanda C.",5,"2025-11-09","Lovely! I ordered this for my bachelorette party and couldn't be happier. The material feels very luxurious. The details are just immaculate."
"Travel-Size Sleek Lint Roller | Matte Black","Ava S.",5,"2026-02-19","Flawless! I ordered this for my bridesmaids and couldn't be happier. Customer service was so helpful too. I will definitely be ordering again."
"Travel-Size Sleek Lint Roller | Matte Black","Madison A.",5,"2026-04-30","Beyond expectations! I ordered this for my bridal shower and couldn't be happier. I will definitely be ordering again. The quality is unmatched."
"Travel-Size Sleek Lint Roller | Matte Black","Daniel P.",5,"2025-12-02","Gorgeous! I ordered this for my wedding and couldn't be happier. I'm so happy with how this turned out. I will definitely be ordering again."
"Premium Oversized Matchbox | Black & Gold Foil","Ava S.",5,"2025-07-24","Exquisite! I ordered this for my bridal shower and couldn't be happier. Such a premium feel to it. The customization was exactly as I requested."
"Premium Oversized Matchbox | Black & Gold Foil","Emma T.",5,"2026-04-14","Fantastic! I ordered this for my bridesmaids and couldn't be happier. The material feels very luxurious. I'm so happy with how this turned out."
"Premium Oversized Matchbox | Black & Gold Foil","Grace B.",5,"2025-08-31","Incredible! I ordered this for the big day and couldn't be happier. I've recommended this shop to all my engaged friends. Everyone kept asking where I got this."
"Premium Oversized Matchbox | Black & Gold Foil","Charlotte R.",4,"2026-04-28","Breathtaking! I ordered this for my groomsmen and couldn't be happier. It looks even better in person. Such a premium feel to it."
"Premium Oversized Matchbox | Black & Gold Foil","Grace B.",5,"2025-10-13","High quality! I ordered this for my bridal party and couldn't be happier. The details are just immaculate. I'm so happy with how this turned out."
"Premium Oversized Matchbox | Black & Gold Foil","Lauren H.",5,"2026-02-15","Absolutely stunning! I ordered this for my bridesmaids and couldn't be happier. The customization was exactly as I requested. It looks even better in person."
"Premium Oversized Matchbox | Black & Gold Foil","Charlotte R.",5,"2025-09-11","Perfect! I ordered this for my bachelorette party and couldn't be happier. It added the perfect touch to our special day. Shipping was super fast and it was packaged perfectly."
"Premium Oversized Matchbox | Black & Gold Foil","Daniel P.",5,"2025-07-27","Perfect! I ordered this for our wedding day and couldn't be happier. I've recommended this shop to all my engaged friends. The material feels very luxurious."
"Premium Oversized Matchbox | Black & Gold Foil","Michael T.",5,"2026-01-15","Amazing! I ordered this for a gift and couldn't be happier. I'm so happy with how this turned out. I will definitely be ordering again."
"Premium Oversized Matchbox | Black & Gold Foil","Robert S.",4,"2025-11-22","Absolutely stunning! I ordered this for my fiance and couldn't be happier. The details are just immaculate. Everyone kept asking where I got this."
"Premium Oversized Matchbox | Black & Gold Foil","Megan S.",5,"2025-06-05","Gorgeous! I ordered this for the big day and couldn't be happier. Shipping was super fast and it was packaged perfectly. Everyone kept asking where I got this."
"Premium Oversized Matchbox | Black & Gold Foil","Grace B.",5,"2025-12-29","Fantastic! I ordered this for my fiance and couldn't be happier. This was my favorite purchase for the wedding. I've recommended this shop to all my engaged friends."
"Premium Oversized Matchbox | Black & Gold Foil","Nicole K.",4,"2026-04-17","Premium quality! I ordered this for my groomsmen and couldn't be happier. The material feels very luxurious. Shipping was super fast and it was packaged perfectly."
"Premium Oversized Matchbox | Black & Gold Foil","Michael T.",5,"2025-07-16","So elegant! I ordered this for my wedding and couldn't be happier. The material feels very luxurious. Everyone kept asking where I got this."
"Premium Oversized Matchbox | Black & Gold Foil","Amanda C.",4,"2026-05-13","Exquisite! I ordered this for my wedding and couldn't be happier. The customization was exactly as I requested. The material feels very luxurious."
"Premium Oversized Matchbox | Black & Gold Foil","James R.",5,"2025-12-16","Lovely! I ordered this for our rehearsal dinner and couldn't be happier. It looks even better in person. It added the perfect touch to our special day."
"Premium Oversized Matchbox | Black & Gold Foil","Christopher H.",5,"2026-02-27","High quality! I ordered this for the big day and couldn't be happier. It looks even better in person. It added the perfect touch to our special day."
"Premium Oversized Matchbox | Black & Gold Foil","Brittany L.",4,"2025-11-08","Amazing! I ordered this for our rehearsal dinner and couldn't be happier. The customization was exactly as I requested. This was my favorite purchase for the wedding."
"Premium Oversized Matchbox | Black & Gold Foil","Christopher H.",5,"2025-10-01","Flawless! I ordered this for my bachelorette party and couldn't be happier. The customization was exactly as I requested. I'm so happy with how this turned out."
"Premium Oversized Matchbox | Black & Gold Foil","Ashley B.",5,"2025-09-20","Fantastic! I ordered this for my bridesmaids and couldn't be happier. Everyone kept asking where I got this. It added the perfect touch to our special day."
"Cedar Wood Shoe Deodorizer Balls | Set of 6","James R.",5,"2026-01-06","Premium quality! I ordered this for my bridesmaids and couldn't be happier. It added the perfect touch to our special day. Shipping was super fast and it was packaged perfectly."
"Cedar Wood Shoe Deodorizer Balls | Set of 6","Rachel D.",5,"2026-01-31","Gorgeous! I ordered this for the big day and couldn't be happier. Such a premium feel to it. The customization was exactly as I requested."
"Cedar Wood Shoe Deodorizer Balls | Set of 6","Ava S.",4,"2026-01-25","Premium quality! I ordered this for our rehearsal dinner and couldn't be happier. Shipping was super fast and it was packaged perfectly. I'm so happy with how this turned out."
"Cedar Wood Shoe Deodorizer Balls | Set of 6","Charlotte R.",4,"2026-04-25","Breathtaking! I ordered this for my bridal shower and couldn't be happier. The quality is unmatched. I've recommended this shop to all my engaged friends."
"Cedar Wood Shoe Deodorizer Balls | Set of 6","Hannah G.",5,"2025-08-05","High quality! I ordered this for my bridal shower and couldn't be happier. I'm so happy with how this turned out. This was my favorite purchase for the wedding."
"Cedar Wood Shoe Deodorizer Balls | Set of 6","Taylor F.",5,"2026-02-07","Lovely! I ordered this for my bridal party and couldn't be happier. I've recommended this shop to all my engaged friends. I'm so happy with how this turned out."
"Cedar Wood Shoe Deodorizer Balls | Set of 6","John C.",5,"2025-10-25","Beyond expectations! I ordered this for my bridal party and couldn't be happier. I will definitely be ordering again. The quality is unmatched."
"Cedar Wood Shoe Deodorizer Balls | Set of 6","Natalie M.",5,"2025-11-04","Exquisite! I ordered this for my wedding and couldn't be happier. I will definitely be ordering again. This was my favorite purchase for the wedding."
"Cedar Wood Shoe Deodorizer Balls | Set of 6","Natalie M.",5,"2025-06-15","Fantastic! I ordered this for the big day and couldn't be happier. Everyone kept asking where I got this. This was my favorite purchase for the wedding."
"Cedar Wood Shoe Deodorizer Balls | Set of 6","Victoria J.",5,"2025-06-03","Exquisite! I ordered this for my groomsmen and couldn't be happier. The details are just immaculate. The material feels very luxurious."
"Cedar Wood Shoe Deodorizer Balls | Set of 6","John C.",5,"2025-10-13","Lovely! I ordered this for my bridesmaids and couldn't be happier. Everyone kept asking where I got this. Such a premium feel to it."
"Cedar Wood Shoe Deodorizer Balls | Set of 6","John C.",5,"2025-05-31","Flawless! I ordered this for our wedding day and couldn't be happier. It added the perfect touch to our special day. I will definitely be ordering again."
"Cedar Wood Shoe Deodorizer Balls | Set of 6","William L.",4,"2025-07-29","Incredible! I ordered this for our rehearsal dinner and couldn't be happier. The quality is unmatched. Everyone kept asking where I got this."
"Cedar Wood Shoe Deodorizer Balls | Set of 6","Nicole K.",5,"2025-12-02","So elegant! I ordered this for my bridal shower and couldn't be happier. I will definitely be ordering again. I've recommended this shop to all my engaged friends."
"Cedar Wood Shoe Deodorizer Balls | Set of 6","Daniel P.",5,"2026-04-09","Amazing! I ordered this for my wedding and couldn't be happier. Customer service was so helpful too. Shipping was super fast and it was packaged perfectly."
"Cedar Wood Shoe Deodorizer Balls | Set of 6","Sarah M.",5,"2026-01-12","Lovely! I ordered this for my fiance and couldn't be happier. The quality is unmatched. The customization was exactly as I requested."
"Cedar Wood Shoe Deodorizer Balls | Set of 6","Abigail P.",4,"2025-06-17","Fantastic! I ordered this for our wedding day and couldn't be happier. I've recommended this shop to all my engaged friends. The quality is unmatched."
"Cedar Wood Shoe Deodorizer Balls | Set of 6","Taylor F.",5,"2025-07-29","Beyond expectations! I ordered this for our rehearsal dinner and couldn't be happier. The quality is unmatched. I've recommended this shop to all my engaged friends."
"Cedar Wood Shoe Deodorizer Balls | Set of 6","Joseph D.",5,"2026-05-08","Fantastic! I ordered this for my groomsmen and couldn't be happier. I've recommended this shop to all my engaged friends. The material feels very luxurious."
"Cedar Wood Shoe Deodorizer Balls | Set of 6","Hannah G.",5,"2026-04-01","Fantastic! I ordered this for my bridesmaids and couldn't be happier. Such a premium feel to it. The quality is unmatched."
"Woven Shoe Shine Cloth | Travel Detailing","Hannah G.",5,"2025-10-13","High quality! I ordered this for my wedding and couldn't be happier. This was my favorite purchase for the wedding. The customization was exactly as I requested."
"Woven Shoe Shine Cloth | Travel Detailing","Nicole K.",5,"2026-02-21","Absolutely stunning! I ordered this for my bridesmaids and couldn't be happier. It added the perfect touch to our special day. This was my favorite purchase for the wedding."
"Woven Shoe Shine Cloth | Travel Detailing","Michael T.",5,"2025-07-23","Fantastic! I ordered this for our rehearsal dinner and couldn't be happier. The material feels very luxurious. Everyone kept asking where I got this."
"Woven Shoe Shine Cloth | Travel Detailing","William L.",5,"2025-07-29","Premium quality! I ordered this for our rehearsal dinner and couldn't be happier. The quality is unmatched. This was my favorite purchase for the wedding."
"Woven Shoe Shine Cloth | Travel Detailing","Elizabeth V.",4,"2026-02-12","Breathtaking! I ordered this for my fiance and couldn't be happier. It looks even better in person. I'm so happy with how this turned out."
"Woven Shoe Shine Cloth | Travel Detailing","Jessica T.",4,"2025-11-19","Perfect! I ordered this for my wedding and couldn't be happier. The material feels very luxurious. It looks even better in person."
"Woven Shoe Shine Cloth | Travel Detailing","David M.",5,"2025-07-21","Amazing! I ordered this for our rehearsal dinner and couldn't be happier. It looks even better in person. Such a premium feel to it."
"Woven Shoe Shine Cloth | Travel Detailing","Charlotte R.",5,"2025-06-23","Flawless! I ordered this for my fiance and couldn't be happier. Shipping was super fast and it was packaged perfectly. The material feels very luxurious."
"Woven Shoe Shine Cloth | Travel Detailing","Emma T.",5,"2025-07-09","Breathtaking! I ordered this for my bridal shower and couldn't be happier. I'm so happy with how this turned out. It added the perfect touch to our special day."
"Woven Shoe Shine Cloth | Travel Detailing","Samantha W.",5,"2025-08-20","Exquisite! I ordered this for my wedding and couldn't be happier. Everyone kept asking where I got this. The customization was exactly as I requested."
"Woven Shoe Shine Cloth | Travel Detailing","Mia L.",4,"2025-12-24","Breathtaking! I ordered this for our wedding day and couldn't be happier. The material feels very luxurious. The customization was exactly as I requested."
"Woven Shoe Shine Cloth | Travel Detailing","Rachel D.",5,"2025-12-07","Amazing! I ordered this for my bridal shower and couldn't be happier. The customization was exactly as I requested. This was my favorite purchase for the wedding."
"Woven Shoe Shine Cloth | Travel Detailing","Victoria J.",5,"2025-12-21","Flawless! I ordered this for our wedding day and couldn't be happier. Shipping was super fast and it was packaged perfectly. I've recommended this shop to all my engaged friends."
"Woven Shoe Shine Cloth | Travel Detailing","Sophia K.",4,"2026-02-10","Fantastic! I ordered this for my groomsmen and couldn't be happier. I will definitely be ordering again. The material feels very luxurious."
"Woven Shoe Shine Cloth | Travel Detailing","Emma T.",5,"2026-01-11","Breathtaking! I ordered this for my bridal party and couldn't be happier. It added the perfect touch to our special day. The details are just immaculate."
"Woven Shoe Shine Cloth | Travel Detailing","Samantha W.",5,"2025-08-07","Perfect! I ordered this for a gift and couldn't be happier. I'm so happy with how this turned out. I will definitely be ordering again."
"Woven Shoe Shine Cloth | Travel Detailing","Elizabeth V.",4,"2026-04-26","Beautiful! I ordered this for my bridesmaids and couldn't be happier. The customization was exactly as I requested. The quality is unmatched."
"Woven Shoe Shine Cloth | Travel Detailing","Sydney C.",5,"2025-12-12","Gorgeous! I ordered this for my bridesmaids and couldn't be happier. Everyone kept asking where I got this. This was my favorite purchase for the wedding."
"Woven Shoe Shine Cloth | Travel Detailing","Rachel D.",5,"2025-06-01","High quality! I ordered this for my bridesmaids and couldn't be happier. The customization was exactly as I requested. The quality is unmatched."
"Woven Shoe Shine Cloth | Travel Detailing","Robert S.",4,"2025-10-25","Breathtaking! I ordered this for my wedding and couldn't be happier. Everyone kept asking where I got this. It added the perfect touch to our special day."
"Single Cigar Travel Tube | Matte Black Aluminum","James R.",5,"2026-04-05","High quality! I ordered this for my fiance and couldn't be happier. It added the perfect touch to our special day. Such a premium feel to it."
"Single Cigar Travel Tube | Matte Black Aluminum","Mia L.",5,"2025-07-15","Beyond expectations! I ordered this for my groomsmen and couldn't be happier. Customer service was so helpful too. The material feels very luxurious."
"Single Cigar Travel Tube | Matte Black Aluminum","David M.",4,"2026-01-31","Lovely! I ordered this for my wedding and couldn't be happier. Such a premium feel to it. Shipping was super fast and it was packaged perfectly."
"Single Cigar Travel Tube | Matte Black Aluminum","Matthew B.",5,"2025-07-03","Fantastic! I ordered this for our wedding day and couldn't be happier. This was my favorite purchase for the wedding. The material feels very luxurious."
"Single Cigar Travel Tube | Matte Black Aluminum","Chloe E.",4,"2026-02-09","High quality! I ordered this for our wedding day and couldn't be happier. Shipping was super fast and it was packaged perfectly. I've recommended this shop to all my engaged friends."
"Single Cigar Travel Tube | Matte Black Aluminum","Rachel D.",5,"2025-11-30","Lovely! I ordered this for our rehearsal dinner and couldn't be happier. The customization was exactly as I requested. It looks even better in person."
"Single Cigar Travel Tube | Matte Black Aluminum","Emma T.",5,"2026-01-24","Breathtaking! I ordered this for my bachelorette party and couldn't be happier. Customer service was so helpful too. The customization was exactly as I requested."
"Single Cigar Travel Tube | Matte Black Aluminum","Michael T.",5,"2025-12-29","Lovely! I ordered this for my bridesmaids and couldn't be happier. I've recommended this shop to all my engaged friends. Everyone kept asking where I got this."
"Single Cigar Travel Tube | Matte Black Aluminum","Olivia H.",5,"2026-01-28","Flawless! I ordered this for my groomsmen and couldn't be happier. This was my favorite purchase for the wedding. It added the perfect touch to our special day."
"Single Cigar Travel Tube | Matte Black Aluminum","James R.",5,"2026-02-16","High quality! I ordered this for my groomsmen and couldn't be happier. The customization was exactly as I requested. I've recommended this shop to all my engaged friends."
"Single Cigar Travel Tube | Matte Black Aluminum","James R.",5,"2026-03-08","So elegant! I ordered this for a gift and couldn't be happier. Everyone kept asking where I got this. Shipping was super fast and it was packaged perfectly."
"Single Cigar Travel Tube | Matte Black Aluminum","Sydney C.",5,"2025-10-03","Incredible! I ordered this for my bachelorette party and couldn't be happier. Such a premium feel to it. I will definitely be ordering again."
"Single Cigar Travel Tube | Matte Black Aluminum","Hannah G.",4,"2026-02-27","Beyond expectations! I ordered this for a gift and couldn't be happier. I've recommended this shop to all my engaged friends. The customization was exactly as I requested."
"Single Cigar Travel Tube | Matte Black Aluminum","Rachel D.",4,"2025-06-18","So elegant! I ordered this for my wedding and couldn't be happier. Everyone kept asking where I got this. The quality is unmatched."
"Single Cigar Travel Tube | Matte Black Aluminum","Sarah M.",5,"2025-09-21","Gorgeous! I ordered this for my bridal party and couldn't be happier. Shipping was super fast and it was packaged perfectly. Customer service was so helpful too."
"Single Cigar Travel Tube | Matte Black Aluminum","Jessica T.",5,"2025-10-31","Exquisite! I ordered this for my bridal shower and couldn't be happier. I will definitely be ordering again. It looks even better in person."
"Single Cigar Travel Tube | Matte Black Aluminum","Olivia H.",5,"2026-02-04","Beyond expectations! I ordered this for my fiance and couldn't be happier. The quality is unmatched. I'm so happy with how this turned out."
"Single Cigar Travel Tube | Matte Black Aluminum","Michael T.",4,"2026-04-11","So elegant! I ordered this for my groomsmen and couldn't be happier. Shipping was super fast and it was packaged perfectly. This was my favorite purchase for the wedding."
"Single Cigar Travel Tube | Matte Black Aluminum","Chloe E.",5,"2026-02-01","Perfect! I ordered this for my bridal party and couldn't be happier. I'm so happy with how this turned out. Shipping was super fast and it was packaged perfectly."
"Single Cigar Travel Tube | Matte Black Aluminum","Natalie M.",5,"2025-12-06","Gorgeous! I ordered this for my wedding and couldn't be happier. It added the perfect touch to our special day. Everyone kept asking where I got this."
"Zip Recovery Pouch | Sleek Matte Black","Jessica T.",5,"2025-06-02","Lovely! I ordered this for my bridesmaids and couldn't be happier. It added the perfect touch to our special day. This was my favorite purchase for the wedding."
"Zip Recovery Pouch | Sleek Matte Black","Rachel D.",5,"2026-05-10","Perfect! I ordered this for my bridesmaids and couldn't be happier. I'm so happy with how this turned out. I will definitely be ordering again."
"Zip Recovery Pouch | Sleek Matte Black","Nicole K.",5,"2025-09-04","Beautiful! I ordered this for my bridesmaids and couldn't be happier. Shipping was super fast and it was packaged perfectly. Such a premium feel to it."
"Zip Recovery Pouch | Sleek Matte Black","Christopher H.",5,"2025-06-07","Fantastic! I ordered this for my bridal shower and couldn't be happier. I'm so happy with how this turned out. The material feels very luxurious."
"Zip Recovery Pouch | Sleek Matte Black","Sarah M.",5,"2026-02-15","Fantastic! I ordered this for my wedding and couldn't be happier. Shipping was super fast and it was packaged perfectly. I've recommended this shop to all my engaged friends."
"Zip Recovery Pouch | Sleek Matte Black","Natalie M.",5,"2025-10-01","Exquisite! I ordered this for my bridal shower and couldn't be happier. It added the perfect touch to our special day. I will definitely be ordering again."
"Zip Recovery Pouch | Sleek Matte Black","Rachel D.",5,"2025-07-09","Beyond expectations! I ordered this for my bachelorette party and couldn't be happier. Customer service was so helpful too. I will definitely be ordering again."
"Zip Recovery Pouch | Sleek Matte Black","Mia L.",5,"2025-06-20","Exquisite! I ordered this for a gift and couldn't be happier. Shipping was super fast and it was packaged perfectly. This was my favorite purchase for the wedding."
"Zip Recovery Pouch | Sleek Matte Black","Nicole K.",5,"2025-12-24","Lovely! I ordered this for my bridal shower and couldn't be happier. The details are just immaculate. Customer service was so helpful too."
"Zip Recovery Pouch | Sleek Matte Black","Hannah G.",5,"2026-03-19","Absolutely stunning! I ordered this for my bridesmaids and couldn't be happier. This was my favorite purchase for the wedding. The quality is unmatched."
"Zip Recovery Pouch | Sleek Matte Black","Amanda C.",5,"2026-02-09","Perfect! I ordered this for my fiance and couldn't be happier. This was my favorite purchase for the wedding. It looks even better in person."
"Zip Recovery Pouch | Sleek Matte Black","Abigail P.",4,"2025-05-30","Fantastic! I ordered this for the big day and couldn't be happier. It added the perfect touch to our special day. This was my favorite purchase for the wedding."
"Zip Recovery Pouch | Sleek Matte Black","Ashley B.",5,"2025-06-25","Perfect! I ordered this for my wedding and couldn't be happier. The details are just immaculate. This was my favorite purchase for the wedding."
"Zip Recovery Pouch | Sleek Matte Black","Ava S.",5,"2025-10-24","Premium quality! I ordered this for my groomsmen and couldn't be happier. It looks even better in person. Shipping was super fast and it was packaged perfectly."
"Zip Recovery Pouch | Sleek Matte Black","Sophia K.",5,"2026-02-06","Fantastic! I ordered this for my bachelorette party and couldn't be happier. The material feels very luxurious. The details are just immaculate."
"Zip Recovery Pouch | Sleek Matte Black","Ava S.",5,"2026-04-08","Incredible! I ordered this for the big day and couldn't be happier. It added the perfect touch to our special day. It looks even better in person."
"Zip Recovery Pouch | Sleek Matte Black","Ashley B.",5,"2025-12-24","Flawless! I ordered this for my bridal shower and couldn't be happier. Shipping was super fast and it was packaged perfectly. The details are just immaculate."
"Zip Recovery Pouch | Sleek Matte Black","Grace B.",5,"2026-03-26","Beyond expectations! I ordered this for our rehearsal dinner and couldn't be happier. I will definitely be ordering again. Shipping was super fast and it was packaged perfectly."
"Zip Recovery Pouch | Sleek Matte Black","Olivia H.",5,"2025-08-26","Beautiful! I ordered this for my bridesmaids and couldn't be happier. It looks even better in person. The quality is unmatched."
"Zip Recovery Pouch | Sleek Matte Black","Victoria J.",5,"2026-01-24","High quality! I ordered this for a gift and couldn't be happier. I'm so happy with how this turned out. The material feels very luxurious."
"Personalized Leather Cord & Cable Organizer | Espresso Brown","Sarah M.",5,"2026-05-02","Incredible! I ordered this for my wedding and couldn't be happier. The customization was exactly as I requested. The quality is unmatched."
"Personalized Leather Cord & Cable Organizer | Espresso Brown","Megan S.",5,"2025-06-03","Premium quality! I ordered this for our wedding day and couldn't be happier. It added the perfect touch to our special day. This was my favorite purchase for the wedding."
"Personalized Leather Cord & Cable Organizer | Espresso Brown","Samantha W.",5,"2025-08-13","Perfect! I ordered this for our rehearsal dinner and couldn't be happier. The material feels very luxurious. I've recommended this shop to all my engaged friends."
"Personalized Leather Cord & Cable Organizer | Espresso Brown","Christopher H.",5,"2026-02-23","So elegant! I ordered this for a gift and couldn't be happier. The material feels very luxurious. Everyone kept asking where I got this."
"Personalized Leather Cord & Cable Organizer | Espresso Brown","Nicole K.",4,"2025-10-26","High quality! I ordered this for my bridal party and couldn't be happier. I've recommended this shop to all my engaged friends. This was my favorite purchase for the wedding."
"Personalized Leather Cord & Cable Organizer | Espresso Brown","Jessica T.",5,"2026-01-05","Lovely! I ordered this for my wedding and couldn't be happier. I'm so happy with how this turned out. It added the perfect touch to our special day."
"Personalized Leather Cord & Cable Organizer | Espresso Brown","Samantha W.",4,"2026-03-16","Beyond expectations! I ordered this for my bridal party and couldn't be happier. Everyone kept asking where I got this. I'm so happy with how this turned out."
"Personalized Leather Cord & Cable Organizer | Espresso Brown","Sarah M.",5,"2025-09-25","Perfect! I ordered this for our wedding day and couldn't be happier. Everyone kept asking where I got this. It looks even better in person."
"Personalized Leather Cord & Cable Organizer | Espresso Brown","Jessica T.",5,"2025-12-12","Incredible! I ordered this for my bachelorette party and couldn't be happier. I've recommended this shop to all my engaged friends. It added the perfect touch to our special day."
"Personalized Leather Cord & Cable Organizer | Espresso Brown","Kayla P.",5,"2025-10-28","Incredible! I ordered this for my bridal shower and couldn't be happier. This was my favorite purchase for the wedding. Shipping was super fast and it was packaged perfectly."
"Personalized Leather Cord & Cable Organizer | Espresso Brown","Ava S.",5,"2025-07-05","Gorgeous! I ordered this for our rehearsal dinner and couldn't be happier. This was my favorite purchase for the wedding. I've recommended this shop to all my engaged friends."
"Personalized Leather Cord & Cable Organizer | Espresso Brown","Natalie M.",4,"2026-05-12","Breathtaking! I ordered this for our rehearsal dinner and couldn't be happier. I will definitely be ordering again. Shipping was super fast and it was packaged perfectly."
"Personalized Leather Cord & Cable Organizer | Espresso Brown","Amanda C.",5,"2025-12-19","Breathtaking! I ordered this for my bridesmaids and couldn't be happier. Customer service was so helpful too. Such a premium feel to it."
"Personalized Leather Cord & Cable Organizer | Espresso Brown","Abigail P.",4,"2025-10-22","Fantastic! I ordered this for my bachelorette party and couldn't be happier. I will definitely be ordering again. Everyone kept asking where I got this."
"Personalized Leather Cord & Cable Organizer | Espresso Brown","Ashley B.",5,"2026-01-05","Incredible! I ordered this for the big day and couldn't be happier. The details are just immaculate. It looks even better in person."
"Personalized Leather Cord & Cable Organizer | Espresso Brown","Michael T.",5,"2025-06-15","Flawless! I ordered this for my bridal party and couldn't be happier. This was my favorite purchase for the wedding. Such a premium feel to it."
"Personalized Leather Cord & Cable Organizer | Espresso Brown","Emily R.",5,"2026-01-24","Exquisite! I ordered this for my wedding and couldn't be happier. I've recommended this shop to all my engaged friends. Customer service was so helpful too."
"Personalized Leather Cord & Cable Organizer | Espresso Brown","Elizabeth V.",5,"2025-09-28","Premium quality! I ordered this for my bridesmaids and couldn't be happier. It added the perfect touch to our special day. The material feels very luxurious."
"Personalized Leather Cord & Cable Organizer | Espresso Brown","Olivia H.",5,"2026-02-14","Beyond expectations! I ordered this for our rehearsal dinner and couldn't be happier. Everyone kept asking where I got this. I'm so happy with how this turned out."
"Personalized Leather Cord & Cable Organizer | Espresso Brown","Kayla P.",5,"2026-04-10","Flawless! I ordered this for my bridal party and couldn't be happier. The customization was exactly as I requested. The material feels very luxurious."
"Aromatic Cocktail Bitters | Classic Old Fashioned Blend","Alexis N.",4,"2025-10-16","Fantastic! I ordered this for my bachelorette party and couldn't be happier. Customer service was so helpful too. The details are just immaculate."
"Aromatic Cocktail Bitters | Classic Old Fashioned Blend","Natalie M.",4,"2025-10-10","High quality! I ordered this for our wedding day and couldn't be happier. The quality is unmatched. The material feels very luxurious."
"Aromatic Cocktail Bitters | Classic Old Fashioned Blend","Joseph D.",5,"2026-01-16","Gorgeous! I ordered this for my bridal shower and couldn't be happier. The details are just immaculate. The customization was exactly as I requested."
"Aromatic Cocktail Bitters | Classic Old Fashioned Blend","Alexis N.",5,"2025-07-16","So elegant! I ordered this for my groomsmen and couldn't be happier. Everyone kept asking where I got this. The material feels very luxurious."
"Aromatic Cocktail Bitters | Classic Old Fashioned Blend","Brittany L.",5,"2025-09-22","Incredible! I ordered this for the big day and couldn't be happier. Everyone kept asking where I got this. This was my favorite purchase for the wedding."
"Aromatic Cocktail Bitters | Classic Old Fashioned Blend","Matthew B.",5,"2026-05-07","Premium quality! I ordered this for our rehearsal dinner and couldn't be happier. It added the perfect touch to our special day. Everyone kept asking where I got this."
"Aromatic Cocktail Bitters | Classic Old Fashioned Blend","James R.",5,"2025-06-03","Gorgeous! I ordered this for the big day and couldn't be happier. This was my favorite purchase for the wedding. The quality is unmatched."
"Aromatic Cocktail Bitters | Classic Old Fashioned Blend","Amanda C.",5,"2026-02-16","Gorgeous! I ordered this for our wedding day and couldn't be happier. The details are just immaculate. Everyone kept asking where I got this."
"Aromatic Cocktail Bitters | Classic Old Fashioned Blend","Ava S.",5,"2026-02-20","Flawless! I ordered this for my bachelorette party and couldn't be happier. I'm so happy with how this turned out. The material feels very luxurious."
"Aromatic Cocktail Bitters | Classic Old Fashioned Blend","Madison A.",5,"2025-07-29","Gorgeous! I ordered this for my bridesmaids and couldn't be happier. Such a premium feel to it. It added the perfect touch to our special day."
"Aromatic Cocktail Bitters | Classic Old Fashioned Blend","Robert S.",5,"2026-05-01","Gorgeous! I ordered this for my bridal party and couldn't be happier. I've recommended this shop to all my engaged friends. Shipping was super fast and it was packaged perfectly."
"Aromatic Cocktail Bitters | Classic Old Fashioned Blend","Grace B.",5,"2026-04-01","Gorgeous! I ordered this for my groomsmen and couldn't be happier. The details are just immaculate. It added the perfect touch to our special day."
"Aromatic Cocktail Bitters | Classic Old Fashioned Blend","Daniel P.",5,"2025-08-03","High quality! I ordered this for my wedding and couldn't be happier. The material feels very luxurious. The customization was exactly as I requested."
"Aromatic Cocktail Bitters | Classic Old Fashioned Blend","Victoria J.",5,"2025-07-24","High quality! I ordered this for my bridal shower and couldn't be happier. Customer service was so helpful too. The material feels very luxurious."
"Aromatic Cocktail Bitters | Classic Old Fashioned Blend","Matthew B.",4,"2025-07-30","Incredible! I ordered this for the big day and couldn't be happier. Customer service was so helpful too. I will definitely be ordering again."
"Aromatic Cocktail Bitters | Classic Old Fashioned Blend","Megan S.",5,"2025-10-04","Beautiful! I ordered this for my bridal party and couldn't be happier. The quality is unmatched. It added the perfect touch to our special day."
"Aromatic Cocktail Bitters | Classic Old Fashioned Blend","Joseph D.",5,"2026-03-22","Lovely! I ordered this for my bridesmaids and couldn't be happier. The material feels very luxurious. I'm so happy with how this turned out."
"Aromatic Cocktail Bitters | Classic Old Fashioned Blend","Robert S.",5,"2025-07-15","Exquisite! I ordered this for my bridal shower and couldn't be happier. I'm so happy with how this turned out. The quality is unmatched."
"Aromatic Cocktail Bitters | Classic Old Fashioned Blend","Isabella G.",5,"2025-10-07","Lovely! I ordered this for my bridal party and couldn't be happier. Everyone kept asking where I got this. The material feels very luxurious."
"Aromatic Cocktail Bitters | Classic Old Fashioned Blend","Ava S.",5,"2025-11-06","Fantastic! I ordered this for our rehearsal dinner and couldn't be happier. Shipping was super fast and it was packaged perfectly. Customer service was so helpful too."
"""The Morning After"" Espresso Roast | Craft Coffee Beans","David M.",5,"2026-01-20","Beyond expectations! I ordered this for my bridesmaids and couldn't be happier. This was my favorite purchase for the wedding. The quality is unmatched."
"""The Morning After"" Espresso Roast | Craft Coffee Beans","Robert S.",5,"2025-10-27","High quality! I ordered this for my bridal shower and couldn't be happier. Shipping was super fast and it was packaged perfectly. The quality is unmatched."
"""The Morning After"" Espresso Roast | Craft Coffee Beans","Victoria J.",4,"2025-06-10","Absolutely stunning! I ordered this for my groomsmen and couldn't be happier. I'm so happy with how this turned out. The quality is unmatched."
"""The Morning After"" Espresso Roast | Craft Coffee Beans","Sarah M.",5,"2025-10-23","Exquisite! I ordered this for our wedding day and couldn't be happier. It looks even better in person. I'm so happy with how this turned out."
"""The Morning After"" Espresso Roast | Craft Coffee Beans","Daniel P.",5,"2026-05-17","Exquisite! I ordered this for my bachelorette party and couldn't be happier. It looks even better in person. Customer service was so helpful too."
"""The Morning After"" Espresso Roast | Craft Coffee Beans","Sydney C.",5,"2025-10-17","Fantastic! I ordered this for my wedding and couldn't be happier. It added the perfect touch to our special day. Customer service was so helpful too."
"""The Morning After"" Espresso Roast | Craft Coffee Beans","Kayla P.",5,"2025-06-30","Fantastic! I ordered this for my groomsmen and couldn't be happier. I'm so happy with how this turned out. This was my favorite purchase for the wedding."
"""The Morning After"" Espresso Roast | Craft Coffee Beans","Charlotte R.",5,"2026-01-23","Beautiful! I ordered this for my bridal shower and couldn't be happier. It added the perfect touch to our special day. I'm so happy with how this turned out."
"""The Morning After"" Espresso Roast | Craft Coffee Beans","Nicole K.",4,"2026-02-25","Amazing! I ordered this for my fiance and couldn't be happier. The details are just immaculate. This was my favorite purchase for the wedding."
"""The Morning After"" Espresso Roast | Craft Coffee Beans","Natalie M.",5,"2025-08-26","So elegant! I ordered this for my bridesmaids and couldn't be happier. I'm so happy with how this turned out. The customization was exactly as I requested."
"""The Morning After"" Espresso Roast | Craft Coffee Beans","Emma T.",5,"2026-04-30","Lovely! I ordered this for my groomsmen and couldn't be happier. Customer service was so helpful too. It added the perfect touch to our special day."
"""The Morning After"" Espresso Roast | Craft Coffee Beans","Madison A.",5,"2025-09-07","Lovely! I ordered this for our rehearsal dinner and couldn't be happier. The material feels very luxurious. I've recommended this shop to all my engaged friends."
"""The Morning After"" Espresso Roast | Craft Coffee Beans","Elizabeth V.",5,"2025-07-07","Perfect! I ordered this for my bridesmaids and couldn't be happier. I will definitely be ordering again. Such a premium feel to it."
"""The Morning After"" Espresso Roast | Craft Coffee Beans","Brittany L.",5,"2025-07-02","Amazing! I ordered this for my groomsmen and couldn't be happier. Shipping was super fast and it was packaged perfectly. I've recommended this shop to all my engaged friends."
"""The Morning After"" Espresso Roast | Craft Coffee Beans","Robert S.",5,"2026-01-23","Beyond expectations! I ordered this for our rehearsal dinner and couldn't be happier. It looks even better in person. This was my favorite purchase for the wedding."
"""The Morning After"" Espresso Roast | Craft Coffee Beans","William L.",5,"2025-10-10","Beautiful! I ordered this for my fiance and couldn't be happier. It added the perfect touch to our special day. It looks even better in person."
"""The Morning After"" Espresso Roast | Craft Coffee Beans","Rachel D.",5,"2025-05-28","Breathtaking! I ordered this for our wedding day and couldn't be happier. The material feels very luxurious. The quality is unmatched."
"""The Morning After"" Espresso Roast | Craft Coffee Beans","Megan S.",5,"2025-11-07","Absolutely stunning! I ordered this for my wedding and couldn't be happier. I've recommended this shop to all my engaged friends. Shipping was super fast and it was packaged perfectly."
"""The Morning After"" Espresso Roast | Craft Coffee Beans","Grace B.",5,"2025-05-20","Beyond expectations! I ordered this for my bridesmaids and couldn't be happier. The material feels very luxurious. I've recommended this shop to all my engaged friends."
"""The Morning After"" Espresso Roast | Craft Coffee Beans","Madison A.",5,"2025-10-17","Beautiful! I ordered this for a gift and couldn't be happier. It added the perfect touch to our special day. Everyone kept asking where I got this."
"Heavy-Duty Bartender's Bottle Opener | Matte Black","Matthew B.",5,"2025-10-07","Incredible! I ordered this for our rehearsal dinner and couldn't be happier. Everyone kept asking where I got this. The details are just immaculate."
"Heavy-Duty Bartender's Bottle Opener | Matte Black","David M.",5,"2025-08-31","Gorgeous! I ordered this for the big day and couldn't be happier. I've recommended this shop to all my engaged friends. It added the perfect touch to our special day."
"Heavy-Duty Bartender's Bottle Opener | Matte Black","David M.",4,"2026-05-14","High quality! I ordered this for my bachelorette party and couldn't be happier. It added the perfect touch to our special day. The details are just immaculate."
"Heavy-Duty Bartender's Bottle Opener | Matte Black","Lauren H.",4,"2026-01-19","High quality! I ordered this for the big day and couldn't be happier. Such a premium feel to it. Everyone kept asking where I got this."
"Heavy-Duty Bartender's Bottle Opener | Matte Black","William L.",5,"2025-07-23","Absolutely stunning! I ordered this for my groomsmen and couldn't be happier. Everyone kept asking where I got this. The quality is unmatched."
"Heavy-Duty Bartender's Bottle Opener | Matte Black","Robert S.",5,"2026-01-14","Lovely! I ordered this for a gift and couldn't be happier. This was my favorite purchase for the wedding. Customer service was so helpful too."
"Heavy-Duty Bartender's Bottle Opener | Matte Black","Chloe E.",5,"2025-10-30","Absolutely stunning! I ordered this for our wedding day and couldn't be happier. Customer service was so helpful too. The quality is unmatched."
"Heavy-Duty Bartender's Bottle Opener | Matte Black","Sophia K.",5,"2026-03-13","High quality! I ordered this for my bridal shower and couldn't be happier. This was my favorite purchase for the wedding. Such a premium feel to it."
"Heavy-Duty Bartender's Bottle Opener | Matte Black","Hannah G.",5,"2025-05-19","Beautiful! I ordered this for a gift and couldn't be happier. I've recommended this shop to all my engaged friends. Customer service was so helpful too."
"Heavy-Duty Bartender's Bottle Opener | Matte Black","Charlotte R.",5,"2026-04-24","Beautiful! I ordered this for my fiance and couldn't be happier. Shipping was super fast and it was packaged perfectly. The details are just immaculate."
"Heavy-Duty Bartender's Bottle Opener | Matte Black","Chloe E.",5,"2025-12-19","So elegant! I ordered this for my bachelorette party and couldn't be happier. Shipping was super fast and it was packaged perfectly. I've recommended this shop to all my engaged friends."
"Heavy-Duty Bartender's Bottle Opener | Matte Black","William L.",4,"2025-05-21","Flawless! I ordered this for our rehearsal dinner and couldn't be happier. The material feels very luxurious. I will definitely be ordering again."
"Heavy-Duty Bartender's Bottle Opener | Matte Black","William L.",5,"2026-01-05","Lovely! I ordered this for our wedding day and couldn't be happier. I'm so happy with how this turned out. Customer service was so helpful too."
"Heavy-Duty Bartender's Bottle Opener | Matte Black","Kayla P.",5,"2025-09-29","Lovely! I ordered this for our wedding day and couldn't be happier. The quality is unmatched. It added the perfect touch to our special day."
"Heavy-Duty Bartender's Bottle Opener | Matte Black","Brittany L.",4,"2026-02-27","Absolutely stunning! I ordered this for my groomsmen and couldn't be happier. Customer service was so helpful too. It looks even better in person."
"Heavy-Duty Bartender's Bottle Opener | Matte Black","Sydney C.",5,"2025-12-19","Amazing! I ordered this for our wedding day and couldn't be happier. I will definitely be ordering again. The details are just immaculate."
"Heavy-Duty Bartender's Bottle Opener | Matte Black","William L.",5,"2025-12-26","Incredible! I ordered this for our rehearsal dinner and couldn't be happier. Such a premium feel to it. The details are just immaculate."
"Heavy-Duty Bartender's Bottle Opener | Matte Black","Ava S.",5,"2026-05-13","Fantastic! I ordered this for my bridal shower and couldn't be happier. Everyone kept asking where I got this. I will definitely be ordering again."
"Heavy-Duty Bartender's Bottle Opener | Matte Black","John C.",5,"2025-09-29","Gorgeous! I ordered this for our wedding day and couldn't be happier. It added the perfect touch to our special day. Such a premium feel to it."
"Heavy-Duty Bartender's Bottle Opener | Matte Black","John C.",5,"2026-05-16","Lovely! I ordered this for my wedding and couldn't be happier. The quality is unmatched. It added the perfect touch to our special day."
"Minimalist Magnetic Money Clip | Matte Black","Lauren H.",5,"2025-10-20","Lovely! I ordered this for my groomsmen and couldn't be happier. Shipping was super fast and it was packaged perfectly. I've recommended this shop to all my engaged friends."
"Minimalist Magnetic Money Clip | Matte Black","Victoria J.",4,"2025-08-02","Lovely! I ordered this for the big day and couldn't be happier. I'm so happy with how this turned out. It added the perfect touch to our special day."
"Minimalist Magnetic Money Clip | Matte Black","James R.",5,"2025-09-05","Absolutely stunning! I ordered this for the big day and couldn't be happier. It added the perfect touch to our special day. This was my favorite purchase for the wedding."
"Minimalist Magnetic Money Clip | Matte Black","Natalie M.",5,"2025-11-29","Incredible! I ordered this for my bachelorette party and couldn't be happier. I will definitely be ordering again. This was my favorite purchase for the wedding."
"Minimalist Magnetic Money Clip | Matte Black","Nicole K.",5,"2026-04-13","Beautiful! I ordered this for a gift and couldn't be happier. I'm so happy with how this turned out. This was my favorite purchase for the wedding."
"Minimalist Magnetic Money Clip | Matte Black","Joseph D.",5,"2025-10-13","Perfect! I ordered this for a gift and couldn't be happier. The details are just immaculate. It added the perfect touch to our special day."
"Minimalist Magnetic Money Clip | Matte Black","Elizabeth V.",5,"2025-10-15","Breathtaking! I ordered this for the big day and couldn't be happier. Customer service was so helpful too. The quality is unmatched."
"Minimalist Magnetic Money Clip | Matte Black","Alexis N.",5,"2026-05-09","Lovely! I ordered this for a gift and couldn't be happier. I'm so happy with how this turned out. The details are just immaculate."
"Minimalist Magnetic Money Clip | Matte Black","Jessica T.",5,"2026-01-25","So elegant! I ordered this for my fiance and couldn't be happier. It added the perfect touch to our special day. I'm so happy with how this turned out."
"Minimalist Magnetic Money Clip | Matte Black","Chloe E.",5,"2025-12-28","Absolutely stunning! I ordered this for my bridesmaids and couldn't be happier. Such a premium feel to it. This was my favorite purchase for the wedding."
"Minimalist Magnetic Money Clip | Matte Black","Nicole K.",5,"2025-10-05","Premium quality! I ordered this for a gift and couldn't be happier. The quality is unmatched. I'm so happy with how this turned out."
"Minimalist Magnetic Money Clip | Matte Black","Alexis N.",4,"2025-08-29","Breathtaking! I ordered this for the big day and couldn't be happier. Shipping was super fast and it was packaged perfectly. The details are just immaculate."
"Minimalist Magnetic Money Clip | Matte Black","Abigail P.",5,"2025-05-19","Fantastic! I ordered this for the big day and couldn't be happier. It added the perfect touch to our special day. The quality is unmatched."
"Minimalist Magnetic Money Clip | Matte Black","John C.",5,"2026-02-02","Fantastic! I ordered this for my bridal shower and couldn't be happier. I'm so happy with how this turned out. I will definitely be ordering again."
"Minimalist Magnetic Money Clip | Matte Black","Brittany L.",5,"2025-12-24","High quality! I ordered this for my bridal shower and couldn't be happier. The quality is unmatched. It looks even better in person."
"Minimalist Magnetic Money Clip | Matte Black","Sarah M.",5,"2025-06-02","Incredible! I ordered this for my bridal shower and couldn't be happier. Such a premium feel to it. I'm so happy with how this turned out."
"Minimalist Magnetic Money Clip | Matte Black","Chloe E.",5,"2025-12-05","Fantastic! I ordered this for my bridal shower and couldn't be happier. It added the perfect touch to our special day. Everyone kept asking where I got this."
"Minimalist Magnetic Money Clip | Matte Black","Rachel D.",5,"2025-08-14","Breathtaking! I ordered this for our rehearsal dinner and couldn't be happier. This was my favorite purchase for the wedding. The customization was exactly as I requested."
"Minimalist Magnetic Money Clip | Matte Black","Victoria J.",5,"2026-02-10","Beautiful! I ordered this for our rehearsal dinner and couldn't be happier. I will definitely be ordering again. It looks even better in person."
"Minimalist Magnetic Money Clip | Matte Black","Samantha W.",4,"2025-12-18","Lovely! I ordered this for our rehearsal dinner and couldn't be happier. Customer service was so helpful too. The details are just immaculate."
"Premium Sandalwood Pocket Comb","Amanda C.",5,"2025-08-14","Beyond expectations! I ordered this for my bridal shower and couldn't be happier. The material feels very luxurious. The quality is unmatched."
"Premium Sandalwood Pocket Comb","Sydney C.",5,"2025-09-05","Exquisite! I ordered this for my wedding and couldn't be happier. It looks even better in person. Such a premium feel to it."
"Premium Sandalwood Pocket Comb","Robert S.",4,"2025-08-16","Incredible! I ordered this for my bachelorette party and couldn't be happier. The material feels very luxurious. Shipping was super fast and it was packaged perfectly."
"Premium Sandalwood Pocket Comb","Kayla P.",5,"2026-04-17","Gorgeous! I ordered this for my wedding and couldn't be happier. It looks even better in person. Such a premium feel to it."
"Premium Sandalwood Pocket Comb","Victoria J.",4,"2026-04-11","Exquisite! I ordered this for my bridal shower and couldn't be happier. The material feels very luxurious. I've recommended this shop to all my engaged friends."
"Premium Sandalwood Pocket Comb","Emma T.",5,"2025-09-19","Beyond expectations! I ordered this for my bridal shower and couldn't be happier. The quality is unmatched. Everyone kept asking where I got this."
"Premium Sandalwood Pocket Comb","Joseph D.",5,"2025-08-05","Beyond expectations! I ordered this for my fiance and couldn't be happier. The customization was exactly as I requested. Customer service was so helpful too."
"Premium Sandalwood Pocket Comb","Emma T.",5,"2025-08-06","Gorgeous! I ordered this for my bachelorette party and couldn't be happier. It added the perfect touch to our special day. Such a premium feel to it."
"Premium Sandalwood Pocket Comb","Samantha W.",5,"2025-11-03","Premium quality! I ordered this for my bachelorette party and couldn't be happier. I'm so happy with how this turned out. The details are just immaculate."
"Premium Sandalwood Pocket Comb","Kayla P.",5,"2025-10-18","Incredible! I ordered this for my fiance and couldn't be happier. Customer service was so helpful too. The quality is unmatched."
"Premium Sandalwood Pocket Comb","Mia L.",5,"2025-08-16","Fantastic! I ordered this for our wedding day and couldn't be happier. It looks even better in person. This was my favorite purchase for the wedding."
"Premium Sandalwood Pocket Comb","Abigail P.",5,"2026-04-08","Fantastic! I ordered this for my bachelorette party and couldn't be happier. The details are just immaculate. The customization was exactly as I requested."
"Premium Sandalwood Pocket Comb","Mia L.",5,"2025-06-28","Beautiful! I ordered this for my bachelorette party and couldn't be happier. The customization was exactly as I requested. It looks even better in person."
"Premium Sandalwood Pocket Comb","James R.",5,"2026-01-19","So elegant! I ordered this for my bridal shower and couldn't be happier. Shipping was super fast and it was packaged perfectly. I'm so happy with how this turned out."
"Premium Sandalwood Pocket Comb","Sophia K.",4,"2025-10-21","Flawless! I ordered this for our wedding day and couldn't be happier. Everyone kept asking where I got this. I'm so happy with how this turned out."
"Premium Sandalwood Pocket Comb","Amanda C.",5,"2025-12-05","Perfect! I ordered this for my bridal party and couldn't be happier. Customer service was so helpful too. The material feels very luxurious."
"Premium Sandalwood Pocket Comb","Madison A.",4,"2026-04-29","Breathtaking! I ordered this for the big day and couldn't be happier. The details are just immaculate. The material feels very luxurious."
"Premium Sandalwood Pocket Comb","Kayla P.",5,"2025-10-03","Perfect! I ordered this for my bridal party and couldn't be happier. I will definitely be ordering again. Shipping was super fast and it was packaged perfectly."
"Premium Sandalwood Pocket Comb","Lauren H.",5,"2025-12-11","Lovely! I ordered this for our rehearsal dinner and couldn't be happier. I will definitely be ordering again. I've recommended this shop to all my engaged friends."
"Premium Sandalwood Pocket Comb","Taylor F.",5,"2025-12-18","Lovely! I ordered this for my bridal party and couldn't be happier. I'm so happy with how this turned out. It looks even better in person."
"Artisan Solid Cologne | Tobacco & Cedar Wood","William L.",5,"2025-06-18","Perfect! I ordered this for our wedding day and couldn't be happier. Everyone kept asking where I got this. The material feels very luxurious."
"Artisan Solid Cologne | Tobacco & Cedar Wood","Amanda C.",5,"2026-03-08","Beautiful! I ordered this for my wedding and couldn't be happier. The material feels very luxurious. The details are just immaculate."
"Artisan Solid Cologne | Tobacco & Cedar Wood","Sydney C.",5,"2025-07-10","Breathtaking! I ordered this for our wedding day and couldn't be happier. The quality is unmatched. The customization was exactly as I requested."
"Artisan Solid Cologne | Tobacco & Cedar Wood","Alexis N.",4,"2025-11-12","So elegant! I ordered this for my bachelorette party and couldn't be happier. I've recommended this shop to all my engaged friends. Such a premium feel to it."
"Artisan Solid Cologne | Tobacco & Cedar Wood","John C.",5,"2025-07-12","Incredible! I ordered this for my bridal shower and couldn't be happier. Customer service was so helpful too. I will definitely be ordering again."
"Artisan Solid Cologne | Tobacco & Cedar Wood","Daniel P.",5,"2026-03-14","Beautiful! I ordered this for my groomsmen and couldn't be happier. Shipping was super fast and it was packaged perfectly. The customization was exactly as I requested."
"Artisan Solid Cologne | Tobacco & Cedar Wood","Emily R.",5,"2025-07-26","High quality! I ordered this for a gift and couldn't be happier. Everyone kept asking where I got this. Shipping was super fast and it was packaged perfectly."
"Artisan Solid Cologne | Tobacco & Cedar Wood","Jessica T.",4,"2025-12-25","Gorgeous! I ordered this for our rehearsal dinner and couldn't be happier. This was my favorite purchase for the wedding. The details are just immaculate."
"Artisan Solid Cologne | Tobacco & Cedar Wood","James R.",4,"2026-01-31","Exquisite! I ordered this for my bridal shower and couldn't be happier. Everyone kept asking where I got this. Shipping was super fast and it was packaged perfectly."
"Artisan Solid Cologne | Tobacco & Cedar Wood","Nicole K.",5,"2026-02-03","Lovely! I ordered this for my wedding and couldn't be happier. I will definitely be ordering again. Shipping was super fast and it was packaged perfectly."
"Artisan Solid Cologne | Tobacco & Cedar Wood","John C.",5,"2025-12-20","Beyond expectations! I ordered this for the big day and couldn't be happier. I will definitely be ordering again. Customer service was so helpful too."
"Artisan Solid Cologne | Tobacco & Cedar Wood","Sophia K.",5,"2025-06-13","Exquisite! I ordered this for my bachelorette party and couldn't be happier. The quality is unmatched. I'm so happy with how this turned out."
"Artisan Solid Cologne | Tobacco & Cedar Wood","Ava S.",5,"2025-08-19","Breathtaking! I ordered this for the big day and couldn't be happier. The material feels very luxurious. It added the perfect touch to our special day."
"Artisan Solid Cologne | Tobacco & Cedar Wood","Robert S.",5,"2025-12-21","Incredible! I ordered this for a gift and couldn't be happier. I've recommended this shop to all my engaged friends. The material feels very luxurious."
"Artisan Solid Cologne | Tobacco & Cedar Wood","Matthew B.",5,"2025-08-06","Perfect! I ordered this for my bridesmaids and couldn't be happier. The quality is unmatched. I will definitely be ordering again."
"Artisan Solid Cologne | Tobacco & Cedar Wood","Daniel P.",5,"2025-10-15","Breathtaking! I ordered this for our rehearsal dinner and couldn't be happier. Customer service was so helpful too. This was my favorite purchase for the wedding."
"Artisan Solid Cologne | Tobacco & Cedar Wood","Charlotte R.",4,"2025-12-31","Incredible! I ordered this for my groomsmen and couldn't be happier. I will definitely be ordering again. The material feels very luxurious."
"Artisan Solid Cologne | Tobacco & Cedar Wood","Elizabeth V.",5,"2026-03-04","Beyond expectations! I ordered this for my wedding and couldn't be happier. I've recommended this shop to all my engaged friends. Such a premium feel to it."
"Artisan Solid Cologne | Tobacco & Cedar Wood","Sarah M.",5,"2025-10-15","So elegant! I ordered this for the big day and couldn't be happier. It looks even better in person. Shipping was super fast and it was packaged perfectly."
"Artisan Solid Cologne | Tobacco & Cedar Wood","Joseph D.",5,"2025-11-17","Amazing! I ordered this for my wedding and couldn't be happier. Customer service was so helpful too. This was my favorite purchase for the wedding."
"Silk Pocket Square | Solid Espresso Brown","Kayla P.",5,"2026-01-03","Fantastic! I ordered this for my wedding and couldn't be happier. Shipping was super fast and it was packaged perfectly. It added the perfect touch to our special day."
"Silk Pocket Square | Solid Espresso Brown","Olivia H.",5,"2025-08-10","Breathtaking! I ordered this for my bridal party and couldn't be happier. Everyone kept asking where I got this. Such a premium feel to it."
"Silk Pocket Square | Solid Espresso Brown","Alexis N.",5,"2025-06-23","Incredible! I ordered this for my bridal shower and couldn't be happier. It added the perfect touch to our special day. The quality is unmatched."
"Silk Pocket Square | Solid Espresso Brown","Robert S.",5,"2026-04-22","Beyond expectations! I ordered this for my bridal shower and couldn't be happier. The details are just immaculate. This was my favorite purchase for the wedding."
"Silk Pocket Square | Solid Espresso Brown","Alexis N.",5,"2025-10-27","High quality! I ordered this for my bridal party and couldn't be happier. It added the perfect touch to our special day. I've recommended this shop to all my engaged friends."
"Silk Pocket Square | Solid Espresso Brown","Abigail P.",5,"2026-04-11","Breathtaking! I ordered this for the big day and couldn't be happier. Everyone kept asking where I got this. I've recommended this shop to all my engaged friends."
"Silk Pocket Square | Solid Espresso Brown","Sarah M.",5,"2026-01-30","Incredible! I ordered this for my bridal party and couldn't be happier. This was my favorite purchase for the wedding. It looks even better in person."
"Silk Pocket Square | Solid Espresso Brown","William L.",5,"2025-09-20","Perfect! I ordered this for my groomsmen and couldn't be happier. It looks even better in person. I've recommended this shop to all my engaged friends."
"Silk Pocket Square | Solid Espresso Brown","Robert S.",5,"2025-11-02","Premium quality! I ordered this for my wedding and couldn't be happier. It added the perfect touch to our special day. I'm so happy with how this turned out."
"Silk Pocket Square | Solid Espresso Brown","Ava S.",5,"2025-09-02","Exquisite! I ordered this for our rehearsal dinner and couldn't be happier. Everyone kept asking where I got this. This was my favorite purchase for the wedding."
"Silk Pocket Square | Solid Espresso Brown","John C.",5,"2025-08-30","Breathtaking! I ordered this for my bridal shower and couldn't be happier. The customization was exactly as I requested. Customer service was so helpful too."
"Silk Pocket Square | Solid Espresso Brown","Alexis N.",5,"2025-10-15","Incredible! I ordered this for my wedding and couldn't be happier. This was my favorite purchase for the wedding. It added the perfect touch to our special day."
"Silk Pocket Square | Solid Espresso Brown","Emma T.",5,"2025-08-18","So elegant! I ordered this for my bachelorette party and couldn't be happier. Everyone kept asking where I got this. It looks even better in person."
"Silk Pocket Square | Solid Espresso Brown","Madison A.",5,"2026-04-11","Beautiful! I ordered this for the big day and couldn't be happier. Such a premium feel to it. The details are just immaculate."
"Silk Pocket Square | Solid Espresso Brown","William L.",5,"2025-06-17","Beyond expectations! I ordered this for our wedding day and couldn't be happier. Everyone kept asking where I got this. Such a premium feel to it."
"Silk Pocket Square | Solid Espresso Brown","Lauren H.",5,"2025-11-25","Flawless! I ordered this for our wedding day and couldn't be happier. This was my favorite purchase for the wedding. It added the perfect touch to our special day."
"Silk Pocket Square | Solid Espresso Brown","Grace B.",5,"2026-02-04","Fantastic! I ordered this for our wedding day and couldn't be happier. I've recommended this shop to all my engaged friends. I'm so happy with how this turned out."
"Silk Pocket Square | Solid Espresso Brown","Isabella G.",5,"2025-10-19","Exquisite! I ordered this for a gift and couldn't be happier. It added the perfect touch to our special day. I've recommended this shop to all my engaged friends."
"Silk Pocket Square | Solid Espresso Brown","Grace B.",5,"2025-12-29","Incredible! I ordered this for the big day and couldn't be happier. Shipping was super fast and it was packaged perfectly. The quality is unmatched."
"Silk Pocket Square | Solid Espresso Brown","Emily R.",4,"2025-09-11","Breathtaking! I ordered this for our wedding day and couldn't be happier. The customization was exactly as I requested. Everyone kept asking where I got this."
"Solid Brass Collar Stays | Matte Black Travel Tin","Lauren H.",5,"2025-06-21","Exquisite! I ordered this for a gift and couldn't be happier. The details are just immaculate. This was my favorite purchase for the wedding."
"Solid Brass Collar Stays | Matte Black Travel Tin","Amanda C.",4,"2025-06-18","Incredible! I ordered this for my bridesmaids and couldn't be happier. I've recommended this shop to all my engaged friends. It looks even better in person."
"Solid Brass Collar Stays | Matte Black Travel Tin","Robert S.",5,"2026-01-05","Perfect! I ordered this for my bridal party and couldn't be happier. This was my favorite purchase for the wedding. It added the perfect touch to our special day."
"Solid Brass Collar Stays | Matte Black Travel Tin","Nicole K.",5,"2025-05-21","Amazing! I ordered this for our rehearsal dinner and couldn't be happier. The details are just immaculate. The quality is unmatched."
"Solid Brass Collar Stays | Matte Black Travel Tin","Ashley B.",5,"2026-03-03","Beyond expectations! I ordered this for our wedding day and couldn't be happier. I will definitely be ordering again. Shipping was super fast and it was packaged perfectly."
"Solid Brass Collar Stays | Matte Black Travel Tin","Brittany L.",5,"2026-03-11","Beautiful! I ordered this for my fiance and couldn't be happier. It added the perfect touch to our special day. The details are just immaculate."
"Solid Brass Collar Stays | Matte Black Travel Tin","Brittany L.",5,"2025-09-03","Gorgeous! I ordered this for our rehearsal dinner and couldn't be happier. The customization was exactly as I requested. Everyone kept asking where I got this."
"Solid Brass Collar Stays | Matte Black Travel Tin","Amanda C.",4,"2026-03-12","Breathtaking! I ordered this for my bachelorette party and couldn't be happier. Everyone kept asking where I got this. It added the perfect touch to our special day."
"Solid Brass Collar Stays | Matte Black Travel Tin","Alexis N.",5,"2025-08-15","Gorgeous! I ordered this for the big day and couldn't be happier. Such a premium feel to it. I will definitely be ordering again."
"Solid Brass Collar Stays | Matte Black Travel Tin","Ava S.",5,"2026-01-28","High quality! I ordered this for my bachelorette party and couldn't be happier. It added the perfect touch to our special day. Customer service was so helpful too."
"Solid Brass Collar Stays | Matte Black Travel Tin","Robert S.",5,"2026-04-10","Absolutely stunning! I ordered this for my groomsmen and couldn't be happier. I've recommended this shop to all my engaged friends. I will definitely be ordering again."
"Solid Brass Collar Stays | Matte Black Travel Tin","Michael T.",4,"2025-07-02","Flawless! I ordered this for my fiance and couldn't be happier. This was my favorite purchase for the wedding. Everyone kept asking where I got this."
"Solid Brass Collar Stays | Matte Black Travel Tin","Charlotte R.",5,"2025-11-08","Amazing! I ordered this for my bachelorette party and couldn't be happier. I'm so happy with how this turned out. The quality is unmatched."
"Solid Brass Collar Stays | Matte Black Travel Tin","Madison A.",5,"2026-01-01","Absolutely stunning! I ordered this for a gift and couldn't be happier. I've recommended this shop to all my engaged friends. The quality is unmatched."
"Solid Brass Collar Stays | Matte Black Travel Tin","Samantha W.",5,"2025-10-22","Beautiful! I ordered this for my bachelorette party and couldn't be happier. Such a premium feel to it. It added the perfect touch to our special day."
"Solid Brass Collar Stays | Matte Black Travel Tin","Victoria J.",5,"2026-02-26","Fantastic! I ordered this for the big day and couldn't be happier. The quality is unmatched. I'm so happy with how this turned out."
"Solid Brass Collar Stays | Matte Black Travel Tin","Matthew B.",5,"2026-04-26","Flawless! I ordered this for my wedding and couldn't be happier. Such a premium feel to it. I'm so happy with how this turned out."
"Solid Brass Collar Stays | Matte Black Travel Tin","Michael T.",5,"2026-01-11","Premium quality! I ordered this for my groomsmen and couldn't be happier. It looks even better in person. Everyone kept asking where I got this."
"Solid Brass Collar Stays | Matte Black Travel Tin","Alexis N.",5,"2026-01-06","Beyond expectations! I ordered this for my bridesmaids and couldn't be happier. This was my favorite purchase for the wedding. Shipping was super fast and it was packaged perfectly."
"Solid Brass Collar Stays | Matte Black Travel Tin","David M.",4,"2025-05-31","High quality! I ordered this for the big day and couldn't be happier. The details are just immaculate. Such a premium feel to it."
"Premium Foil-Stamped Playing Cards | Black & Gold Edition","Hannah G.",5,"2026-05-01","Absolutely stunning! I ordered this for my bridal party and couldn't be happier. Everyone kept asking where I got this. I'm so happy with how this turned out."
"Premium Foil-Stamped Playing Cards | Black & Gold Edition","Mia L.",5,"2026-04-27","Beyond expectations! I ordered this for my wedding and couldn't be happier. The quality is unmatched. I'm so happy with how this turned out."
"Premium Foil-Stamped Playing Cards | Black & Gold Edition","Victoria J.",5,"2026-04-02","Perfect! I ordered this for my wedding and couldn't be happier. The quality is unmatched. Such a premium feel to it."
"Premium Foil-Stamped Playing Cards | Black & Gold Edition","Joseph D.",4,"2025-10-08","Beautiful! I ordered this for my bridesmaids and couldn't be happier. I will definitely be ordering again. Customer service was so helpful too."
"Premium Foil-Stamped Playing Cards | Black & Gold Edition","Lauren H.",5,"2025-06-10","High quality! I ordered this for our rehearsal dinner and couldn't be happier. The material feels very luxurious. Such a premium feel to it."
"Premium Foil-Stamped Playing Cards | Black & Gold Edition","Samantha W.",5,"2026-03-23","So elegant! I ordered this for a gift and couldn't be happier. Shipping was super fast and it was packaged perfectly. The details are just immaculate."
"Premium Foil-Stamped Playing Cards | Black & Gold Edition","James R.",5,"2026-04-24","Premium quality! I ordered this for my groomsmen and couldn't be happier. Everyone kept asking where I got this. I'm so happy with how this turned out."
"Premium Foil-Stamped Playing Cards | Black & Gold Edition","Brittany L.",5,"2025-05-20","Fantastic! I ordered this for my fiance and couldn't be happier. The quality is unmatched. Shipping was super fast and it was packaged perfectly."
"Premium Foil-Stamped Playing Cards | Black & Gold Edition","Christopher H.",5,"2025-12-21","Beyond expectations! I ordered this for my bridal shower and couldn't be happier. The customization was exactly as I requested. Shipping was super fast and it was packaged perfectly."
"Premium Foil-Stamped Playing Cards | Black & Gold Edition","Abigail P.",5,"2025-05-29","Beyond expectations! I ordered this for our wedding day and couldn't be happier. Customer service was so helpful too. I will definitely be ordering again."
"Premium Foil-Stamped Playing Cards | Black & Gold Edition","Lauren H.",5,"2025-12-19","Absolutely stunning! I ordered this for my fiance and couldn't be happier. The customization was exactly as I requested. I will definitely be ordering again."
"Premium Foil-Stamped Playing Cards | Black & Gold Edition","Joseph D.",5,"2025-07-19","Beyond expectations! I ordered this for my bridal party and couldn't be happier. It added the perfect touch to our special day. It looks even better in person."
"Premium Foil-Stamped Playing Cards | Black & Gold Edition","Sarah M.",5,"2026-05-01","Perfect! I ordered this for my bachelorette party and couldn't be happier. It looks even better in person. The material feels very luxurious."
"Premium Foil-Stamped Playing Cards | Black & Gold Edition","Emma T.",5,"2025-09-02","So elegant! I ordered this for my bridal party and couldn't be happier. Customer service was so helpful too. I've recommended this shop to all my engaged friends."
"Premium Foil-Stamped Playing Cards | Black & Gold Edition","Nicole K.",5,"2026-04-01","Amazing! I ordered this for my bridal shower and couldn't be happier. Customer service was so helpful too. I'm so happy with how this turned out."
"Premium Foil-Stamped Playing Cards | Black & Gold Edition","Michael T.",5,"2025-06-05","Beautiful! I ordered this for my groomsmen and couldn't be happier. The customization was exactly as I requested. Everyone kept asking where I got this."
"Premium Foil-Stamped Playing Cards | Black & Gold Edition","Brittany L.",5,"2025-11-28","Gorgeous! I ordered this for my bachelorette party and couldn't be happier. It added the perfect touch to our special day. I will definitely be ordering again."
"Premium Foil-Stamped Playing Cards | Black & Gold Edition","Matthew B.",5,"2026-04-27","Lovely! I ordered this for my bachelorette party and couldn't be happier. Such a premium feel to it. The material feels very luxurious."
"Premium Foil-Stamped Playing Cards | Black & Gold Edition","David M.",5,"2025-08-09","Amazing! I ordered this for my groomsmen and couldn't be happier. I will definitely be ordering again. It added the perfect touch to our special day."
"Premium Foil-Stamped Playing Cards | Black & Gold Edition","Victoria J.",5,"2025-06-22","Absolutely stunning! I ordered this for our rehearsal dinner and couldn't be happier. I will definitely be ordering again. Shipping was super fast and it was packaged perfectly."
"Classic Tie Clip | Brushed Antique Gold","Brittany L.",5,"2025-10-18","High quality! I ordered this for my bridesmaids and couldn't be happier. The details are just immaculate. Everyone kept asking where I got this."
"Classic Tie Clip | Brushed Antique Gold","Charlotte R.",5,"2026-03-10","Beautiful! I ordered this for my bridesmaids and couldn't be happier. The quality is unmatched. Such a premium feel to it."
"Classic Tie Clip | Brushed Antique Gold","Alexis N.",5,"2025-12-08","Beyond expectations! I ordered this for my bridesmaids and couldn't be happier. The details are just immaculate. Such a premium feel to it."
"Classic Tie Clip | Brushed Antique Gold","Rachel D.",4,"2026-02-01","Beautiful! I ordered this for the big day and couldn't be happier. Everyone kept asking where I got this. I will definitely be ordering again."
"Classic Tie Clip | Brushed Antique Gold","Emily R.",5,"2025-11-10","Amazing! I ordered this for my wedding and couldn't be happier. Shipping was super fast and it was packaged perfectly. Such a premium feel to it."
"Classic Tie Clip | Brushed Antique Gold","Sophia K.",4,"2025-07-17","Flawless! I ordered this for my fiance and couldn't be happier. I've recommended this shop to all my engaged friends. It looks even better in person."
"Classic Tie Clip | Brushed Antique Gold","Brittany L.",4,"2025-11-20","Beautiful! I ordered this for my bridal party and couldn't be happier. The material feels very luxurious. I'm so happy with how this turned out."
"Classic Tie Clip | Brushed Antique Gold","John C.",5,"2025-06-19","Breathtaking! I ordered this for my bridesmaids and couldn't be happier. Customer service was so helpful too. It added the perfect touch to our special day."
"Classic Tie Clip | Brushed Antique Gold","David M.",4,"2025-07-15","High quality! I ordered this for our wedding day and couldn't be happier. Customer service was so helpful too. The customization was exactly as I requested."
"Classic Tie Clip | Brushed Antique Gold","Hannah G.",5,"2026-05-12","Exquisite! I ordered this for my wedding and couldn't be happier. It looks even better in person. The quality is unmatched."
"Classic Tie Clip | Brushed Antique Gold","Lauren H.",5,"2026-02-23","Flawless! I ordered this for my bridal shower and couldn't be happier. It looks even better in person. The details are just immaculate."
"Classic Tie Clip | Brushed Antique Gold","Samantha W.",5,"2025-11-05","Beautiful! I ordered this for our rehearsal dinner and couldn't be happier. I'm so happy with how this turned out. It added the perfect touch to our special day."
"Classic Tie Clip | Brushed Antique Gold","Natalie M.",5,"2025-07-21","Incredible! I ordered this for a gift and couldn't be happier. Shipping was super fast and it was packaged perfectly. It added the perfect touch to our special day."
"Classic Tie Clip | Brushed Antique Gold","Robert S.",5,"2026-02-02","Premium quality! I ordered this for my bridal shower and couldn't be happier. Shipping was super fast and it was packaged perfectly. The quality is unmatched."
"Classic Tie Clip | Brushed Antique Gold","Chloe E.",5,"2026-02-14","Absolutely stunning! I ordered this for our wedding day and couldn't be happier. I've recommended this shop to all my engaged friends. It looks even better in person."
"Classic Tie Clip | Brushed Antique Gold","Megan S.",5,"2026-05-15","Gorgeous! I ordered this for my bridal shower and couldn't be happier. The details are just immaculate. I will definitely be ordering again."
"Classic Tie Clip | Brushed Antique Gold","Elizabeth V.",5,"2026-05-08","Beyond expectations! I ordered this for my bachelorette party and couldn't be happier. The customization was exactly as I requested. It added the perfect touch to our special day."
"Classic Tie Clip | Brushed Antique Gold","Christopher H.",5,"2025-09-15","Exquisite! I ordered this for my bridesmaids and couldn't be happier. It added the perfect touch to our special day. It looks even better in person."
"Classic Tie Clip | Brushed Antique Gold","Rachel D.",4,"2026-01-09","Exquisite! I ordered this for my groomsmen and couldn't be happier. Customer service was so helpful too. I'm so happy with how this turned out."
"Classic Tie Clip | Brushed Antique Gold","Sydney C.",5,"2025-10-22","Breathtaking! I ordered this for my bridal shower and couldn't be happier. I will definitely be ordering again. It added the perfect touch to our special day."
"Heavyweight Cigar Cutter | Matte Black & Gold","Kayla P.",5,"2025-12-03","High quality! I ordered this for my fiance and couldn't be happier. I'm so happy with how this turned out. It added the perfect touch to our special day."
"Heavyweight Cigar Cutter | Matte Black & Gold","Abigail P.",5,"2026-04-14","Premium quality! I ordered this for our rehearsal dinner and couldn't be happier. I'm so happy with how this turned out. Such a premium feel to it."
"Heavyweight Cigar Cutter | Matte Black & Gold","Ashley B.",4,"2025-12-14","Breathtaking! I ordered this for my bridal shower and couldn't be happier. Shipping was super fast and it was packaged perfectly. The material feels very luxurious."
"Heavyweight Cigar Cutter | Matte Black & Gold","Sophia K.",5,"2025-08-31","Breathtaking! I ordered this for my bachelorette party and couldn't be happier. Everyone kept asking where I got this. It looks even better in person."
"Heavyweight Cigar Cutter | Matte Black & Gold","Chloe E.",4,"2025-07-19","Breathtaking! I ordered this for my bridal shower and couldn't be happier. Customer service was so helpful too. I've recommended this shop to all my engaged friends."
"Heavyweight Cigar Cutter | Matte Black & Gold","Sydney C.",5,"2026-04-14","Amazing! I ordered this for my bachelorette party and couldn't be happier. Such a premium feel to it. Customer service was so helpful too."
"Heavyweight Cigar Cutter | Matte Black & Gold","Robert S.",5,"2026-04-23","Fantastic! I ordered this for the big day and couldn't be happier. The material feels very luxurious. Everyone kept asking where I got this."
"Heavyweight Cigar Cutter | Matte Black & Gold","James R.",5,"2026-02-12","Gorgeous! I ordered this for my bridal shower and couldn't be happier. This was my favorite purchase for the wedding. The details are just immaculate."
"Heavyweight Cigar Cutter | Matte Black & Gold","Samantha W.",5,"2025-12-21","Beautiful! I ordered this for my groomsmen and couldn't be happier. The material feels very luxurious. It looks even better in person."
"Heavyweight Cigar Cutter | Matte Black & Gold","Amanda C.",5,"2026-01-09","Beyond expectations! I ordered this for our rehearsal dinner and couldn't be happier. I will definitely be ordering again. It added the perfect touch to our special day."
"Heavyweight Cigar Cutter | Matte Black & Gold","Emma T.",5,"2026-04-08","So elegant! I ordered this for my bridal party and couldn't be happier. Everyone kept asking where I got this. The material feels very luxurious."
"Heavyweight Cigar Cutter | Matte Black & Gold","Mia L.",5,"2025-06-16","Beyond expectations! I ordered this for our wedding day and couldn't be happier. The material feels very luxurious. Customer service was so helpful too."
"Heavyweight Cigar Cutter | Matte Black & Gold","John C.",5,"2025-06-16","Amazing! I ordered this for my bridal shower and couldn't be happier. I will definitely be ordering again. This was my favorite purchase for the wedding."
"Heavyweight Cigar Cutter | Matte Black & Gold","Alexis N.",5,"2025-11-02","Gorgeous! I ordered this for our wedding day and couldn't be happier. Customer service was so helpful too. This was my favorite purchase for the wedding."
"Heavyweight Cigar Cutter | Matte Black & Gold","Lauren H.",5,"2026-01-13","Lovely! I ordered this for our wedding day and couldn't be happier. Such a premium feel to it. I'm so happy with how this turned out."
"Heavyweight Cigar Cutter | Matte Black & Gold","Samantha W.",5,"2026-01-10","Breathtaking! I ordered this for my fiance and couldn't be happier. It added the perfect touch to our special day. I will definitely be ordering again."
"Heavyweight Cigar Cutter | Matte Black & Gold","Grace B.",5,"2025-09-25","High quality! I ordered this for a gift and couldn't be happier. It looks even better in person. Customer service was so helpful too."
"Heavyweight Cigar Cutter | Matte Black & Gold","Rachel D.",5,"2026-05-07","Beyond expectations! I ordered this for our wedding day and couldn't be happier. I will definitely be ordering again. It looks even better in person."
"Heavyweight Cigar Cutter | Matte Black & Gold","Isabella G.",5,"2026-03-25","Perfect! I ordered this for our wedding day and couldn't be happier. The customization was exactly as I requested. Such a premium feel to it."
"Heavyweight Cigar Cutter | Matte Black & Gold","Kayla P.",5,"2026-04-19","Fantastic! I ordered this for my bachelorette party and couldn't be happier. Everyone kept asking where I got this. I'm so happy with how this turned out."
"Granite Whiskey Stones Set | Velvet Pouch","Natalie M.",5,"2025-07-18","So elegant! I ordered this for my wedding and couldn't be happier. I will definitely be ordering again. The quality is unmatched."
"Granite Whiskey Stones Set | Velvet Pouch","David M.",5,"2025-09-14","Flawless! I ordered this for my bridesmaids and couldn't be happier. The customization was exactly as I requested. The material feels very luxurious."
"Granite Whiskey Stones Set | Velvet Pouch","Kayla P.",5,"2025-08-22","Breathtaking! I ordered this for my fiance and couldn't be happier. I will definitely be ordering again. Such a premium feel to it."
"Granite Whiskey Stones Set | Velvet Pouch","Emily R.",5,"2026-03-13","Amazing! I ordered this for my bridal party and couldn't be happier. Everyone kept asking where I got this. I'm so happy with how this turned out."
"Granite Whiskey Stones Set | Velvet Pouch","Nicole K.",5,"2025-11-12","Amazing! I ordered this for my bachelorette party and couldn't be happier. I've recommended this shop to all my engaged friends. This was my favorite purchase for the wedding."
"Granite Whiskey Stones Set | Velvet Pouch","David M.",5,"2025-09-15","Lovely! I ordered this for a gift and couldn't be happier. Shipping was super fast and it was packaged perfectly. The customization was exactly as I requested."
"Granite Whiskey Stones Set | Velvet Pouch","Michael T.",4,"2025-12-09","Perfect! I ordered this for the big day and couldn't be happier. This was my favorite purchase for the wedding. The quality is unmatched."
"Granite Whiskey Stones Set | Velvet Pouch","Rachel D.",5,"2026-04-20","Exquisite! I ordered this for my fiance and couldn't be happier. The details are just immaculate. The customization was exactly as I requested."
"Granite Whiskey Stones Set | Velvet Pouch","John C.",5,"2025-10-09","Premium quality! I ordered this for my bridesmaids and couldn't be happier. Customer service was so helpful too. Shipping was super fast and it was packaged perfectly."
"Granite Whiskey Stones Set | Velvet Pouch","Sarah M.",5,"2026-04-26","Gorgeous! I ordered this for the big day and couldn't be happier. I'm so happy with how this turned out. It added the perfect touch to our special day."
"Granite Whiskey Stones Set | Velvet Pouch","Mia L.",5,"2025-12-09","Flawless! I ordered this for a gift and couldn't be happier. Shipping was super fast and it was packaged perfectly. Such a premium feel to it."
"Granite Whiskey Stones Set | Velvet Pouch","Sarah M.",5,"2026-01-28","Premium quality! I ordered this for the big day and couldn't be happier. Such a premium feel to it. The material feels very luxurious."
"Granite Whiskey Stones Set | Velvet Pouch","David M.",5,"2025-11-16","Amazing! I ordered this for my bridal shower and couldn't be happier. I've recommended this shop to all my engaged friends. It looks even better in person."
"Granite Whiskey Stones Set | Velvet Pouch","Charlotte R.",5,"2026-01-28","High quality! I ordered this for my bridal party and couldn't be happier. The details are just immaculate. I'm so happy with how this turned out."
"Granite Whiskey Stones Set | Velvet Pouch","Amanda C.",5,"2026-03-08","Premium quality! I ordered this for my groomsmen and couldn't be happier. It added the perfect touch to our special day. The customization was exactly as I requested."
"Granite Whiskey Stones Set | Velvet Pouch","Ava S.",4,"2026-03-23","Beautiful! I ordered this for my bridal party and couldn't be happier. It looks even better in person. The customization was exactly as I requested."
"Granite Whiskey Stones Set | Velvet Pouch","William L.",4,"2025-05-22","Beyond expectations! I ordered this for my bridal shower and couldn't be happier. I'm so happy with how this turned out. The details are just immaculate."
"Granite Whiskey Stones Set | Velvet Pouch","Ava S.",5,"2026-02-28","Beyond expectations! I ordered this for our wedding day and couldn't be happier. I've recommended this shop to all my engaged friends. Shipping was super fast and it was packaged perfectly."
"Granite Whiskey Stones Set | Velvet Pouch","Sarah M.",5,"2026-05-02","Fantastic! I ordered this for my groomsmen and couldn't be happier. It added the perfect touch to our special day. The quality is unmatched."
"Granite Whiskey Stones Set | Velvet Pouch","Olivia H.",5,"2026-04-17","So elegant! I ordered this for our wedding day and couldn't be happier. The material feels very luxurious. It added the perfect touch to our special day."
"Leather-Wrapped Stainless Steel Flask | Espresso Brown","Sydney C.",5,"2026-03-16","Beyond expectations! I ordered this for my groomsmen and couldn't be happier. I've recommended this shop to all my engaged friends. It added the perfect touch to our special day."
"Leather-Wrapped Stainless Steel Flask | Espresso Brown","Christopher H.",5,"2025-12-10","Premium quality! I ordered this for our wedding day and couldn't be happier. It looks even better in person. I'm so happy with how this turned out."
"Leather-Wrapped Stainless Steel Flask | Espresso Brown","Emily R.",5,"2026-01-05","Beyond expectations! I ordered this for my bridal party and couldn't be happier. I will definitely be ordering again. It added the perfect touch to our special day."
"Leather-Wrapped Stainless Steel Flask | Espresso Brown","Charlotte R.",5,"2025-07-21","Perfect! I ordered this for my groomsmen and couldn't be happier. This was my favorite purchase for the wedding. Customer service was so helpful too."
"Leather-Wrapped Stainless Steel Flask | Espresso Brown","Grace B.",5,"2025-09-14","Premium quality! I ordered this for my bridesmaids and couldn't be happier. The details are just immaculate. It added the perfect touch to our special day."
"Leather-Wrapped Stainless Steel Flask | Espresso Brown","Olivia H.",5,"2026-05-09","Flawless! I ordered this for our rehearsal dinner and couldn't be happier. I've recommended this shop to all my engaged friends. The quality is unmatched."
"Leather-Wrapped Stainless Steel Flask | Espresso Brown","Emma T.",5,"2025-06-15","Lovely! I ordered this for my bridal party and couldn't be happier. The customization was exactly as I requested. I've recommended this shop to all my engaged friends."
"Leather-Wrapped Stainless Steel Flask | Espresso Brown","Samantha W.",5,"2025-12-12","So elegant! I ordered this for my bachelorette party and couldn't be happier. Shipping was super fast and it was packaged perfectly. The customization was exactly as I requested."
"Leather-Wrapped Stainless Steel Flask | Espresso Brown","Amanda C.",5,"2025-05-20","Incredible! I ordered this for my fiance and couldn't be happier. The customization was exactly as I requested. Shipping was super fast and it was packaged perfectly."
"Leather-Wrapped Stainless Steel Flask | Espresso Brown","Emma T.",5,"2025-11-19","Incredible! I ordered this for a gift and couldn't be happier. Customer service was so helpful too. The customization was exactly as I requested."
"Leather-Wrapped Stainless Steel Flask | Espresso Brown","Hannah G.",5,"2026-04-25","Incredible! I ordered this for my wedding and couldn't be happier. The material feels very luxurious. Customer service was so helpful too."
"Leather-Wrapped Stainless Steel Flask | Espresso Brown","Mia L.",5,"2025-11-06","Fantastic! I ordered this for my wedding and couldn't be happier. Everyone kept asking where I got this. Customer service was so helpful too."
"Leather-Wrapped Stainless Steel Flask | Espresso Brown","Sophia K.",5,"2025-11-23","Flawless! I ordered this for my bridesmaids and couldn't be happier. This was my favorite purchase for the wedding. It added the perfect touch to our special day."
"Leather-Wrapped Stainless Steel Flask | Espresso Brown","Elizabeth V.",5,"2025-07-29","Absolutely stunning! I ordered this for my wedding and couldn't be happier. The customization was exactly as I requested. Everyone kept asking where I got this."
"Leather-Wrapped Stainless Steel Flask | Espresso Brown","Chloe E.",5,"2025-10-17","Fantastic! I ordered this for my bridal party and couldn't be happier. It looks even better in person. Everyone kept asking where I got this."
"Leather-Wrapped Stainless Steel Flask | Espresso Brown","Olivia H.",5,"2026-01-27","So elegant! I ordered this for our wedding day and couldn't be happier. This was my favorite purchase for the wedding. Customer service was so helpful too."
"Leather-Wrapped Stainless Steel Flask | Espresso Brown","Rachel D.",5,"2025-11-21","Beautiful! I ordered this for my bridal party and couldn't be happier. Shipping was super fast and it was packaged perfectly. I've recommended this shop to all my engaged friends."
"Leather-Wrapped Stainless Steel Flask | Espresso Brown","Robert S.",5,"2025-12-23","Lovely! I ordered this for my bridal party and couldn't be happier. I'm so happy with how this turned out. Customer service was so helpful too."
"Leather-Wrapped Stainless Steel Flask | Espresso Brown","Ava S.",5,"2026-04-22","Absolutely stunning! I ordered this for our rehearsal dinner and couldn't be happier. This was my favorite purchase for the wedding. Everyone kept asking where I got this."
"Leather-Wrapped Stainless Steel Flask | Espresso Brown","Rachel D.",4,"2025-06-24","Flawless! I ordered this for my bridal shower and couldn't be happier. It added the perfect touch to our special day. I've recommended this shop to all my engaged friends."
"Custom Groom Box","Rachel D.",5,"2026-04-09","Amazing! I ordered this for my bachelorette party and couldn't be happier. Such a premium feel to it. I've recommended this shop to all my engaged friends."
"Custom Groom Box","Nicole K.",4,"2025-07-18","Flawless! I ordered this for a gift and couldn't be happier. I'm so happy with how this turned out. Such a premium feel to it."
"Custom Groom Box","Brittany L.",5,"2025-11-22","Breathtaking! I ordered this for our rehearsal dinner and couldn't be happier. Shipping was super fast and it was packaged perfectly. I've recommended this shop to all my engaged friends."
"Custom Groom Box","Sarah M.",5,"2025-09-06","Amazing! I ordered this for my groomsmen and couldn't be happier. The quality is unmatched. The customization was exactly as I requested."
"Custom Groom Box","Grace B.",5,"2026-02-03","Amazing! I ordered this for my fiance and couldn't be happier. The material feels very luxurious. I will definitely be ordering again."
"Custom Groom Box","Alexis N.",5,"2026-03-26","So elegant! I ordered this for my bridesmaids and couldn't be happier. Everyone kept asking where I got this. The details are just immaculate."
"Custom Groom Box","Robert S.",4,"2026-02-23","Lovely! I ordered this for my bridesmaids and couldn't be happier. Shipping was super fast and it was packaged perfectly. It added the perfect touch to our special day."
"Custom Groom Box","Madison A.",5,"2025-11-06","Flawless! I ordered this for the big day and couldn't be happier. This was my favorite purchase for the wedding. Customer service was so helpful too."
"Custom Groom Box","Chloe E.",5,"2026-05-14","Beautiful! I ordered this for my wedding and couldn't be happier. The customization was exactly as I requested. The quality is unmatched."
"Custom Groom Box","Elizabeth V.",5,"2025-07-01","Flawless! I ordered this for my fiance and couldn't be happier. I've recommended this shop to all my engaged friends. The details are just immaculate."
"Custom Groom Box","Sophia K.",5,"2025-12-20","Breathtaking! I ordered this for my bachelorette party and couldn't be happier. I'm so happy with how this turned out. It added the perfect touch to our special day."
"Custom Groom Box","James R.",5,"2025-07-10","Perfect! I ordered this for my bridal shower and couldn't be happier. The material feels very luxurious. I will definitely be ordering again."
"Custom Groom Box","Emma T.",5,"2025-06-23","So elegant! I ordered this for my fiance and couldn't be happier. The quality is unmatched. The details are just immaculate."
"Custom Groom Box","Matthew B.",5,"2025-11-25","Premium quality! I ordered this for my bridesmaids and couldn't be happier. I'm so happy with how this turned out. It added the perfect touch to our special day."
"Custom Groom Box","Sarah M.",4,"2025-05-23","So elegant! I ordered this for my wedding and couldn't be happier. Customer service was so helpful too. I'm so happy with how this turned out."
"Custom Groom Box","Olivia H.",4,"2025-12-25","So elegant! I ordered this for my groomsmen and couldn't be happier. The material feels very luxurious. I've recommended this shop to all my engaged friends."
"Custom Groom Box","Samantha W.",4,"2025-05-27","Fantastic! I ordered this for my bridesmaids and couldn't be happier. This was my favorite purchase for the wedding. The customization was exactly as I requested."
"Custom Groom Box","Robert S.",5,"2025-11-19","Beautiful! I ordered this for my fiance and couldn't be happier. Shipping was super fast and it was packaged perfectly. It added the perfect touch to our special day."
"Custom Groom Box","Charlotte R.",5,"2026-04-03","Absolutely stunning! I ordered this for the big day and couldn't be happier. Shipping was super fast and it was packaged perfectly. Everyone kept asking where I got this."
"Custom Groom Box","David M.",5,"2025-06-12","Beautiful! I ordered this for my bridal party and couldn't be happier. Shipping was super fast and it was packaged perfectly. Such a premium feel to it."
"Rose Gold Reusable Straw Set | Eco-Luxe Bridal Party Gift","Sarah M.",5,"2026-04-29","High quality! I ordered this for my bachelorette party and couldn't be happier. Customer service was so helpful too. Such a premium feel to it."
"Rose Gold Reusable Straw Set | Eco-Luxe Bridal Party Gift","Grace B.",5,"2026-04-02","Fantastic! I ordered this for my bridesmaids and couldn't be happier. It looks even better in person. Shipping was super fast and it was packaged perfectly."
"Rose Gold Reusable Straw Set | Eco-Luxe Bridal Party Gift","Jessica T.",5,"2025-07-01","Gorgeous! I ordered this for my bridesmaids and couldn't be happier. The customization was exactly as I requested. Customer service was so helpful too."
"Rose Gold Reusable Straw Set | Eco-Luxe Bridal Party Gift","Madison A.",5,"2025-08-22","Amazing! I ordered this for my bridesmaids and couldn't be happier. Such a premium feel to it. Customer service was so helpful too."
"Rose Gold Reusable Straw Set | Eco-Luxe Bridal Party Gift","Charlotte R.",5,"2025-06-23","Breathtaking! I ordered this for my groomsmen and couldn't be happier. The material feels very luxurious. The details are just immaculate."
"Rose Gold Reusable Straw Set | Eco-Luxe Bridal Party Gift","Christopher H.",5,"2026-04-05","Exquisite! I ordered this for the big day and couldn't be happier. I will definitely be ordering again. It added the perfect touch to our special day."
"Rose Gold Reusable Straw Set | Eco-Luxe Bridal Party Gift","Abigail P.",5,"2025-10-09","Perfect! I ordered this for my fiance and couldn't be happier. Everyone kept asking where I got this. It added the perfect touch to our special day."
"Rose Gold Reusable Straw Set | Eco-Luxe Bridal Party Gift","Megan S.",5,"2025-12-30","Beyond expectations! I ordered this for my bridal shower and couldn't be happier. The material feels very luxurious. I will definitely be ordering again."
"Rose Gold Reusable Straw Set | Eco-Luxe Bridal Party Gift","Grace B.",5,"2025-07-24","Lovely! I ordered this for our wedding day and couldn't be happier. The details are just immaculate. It looks even better in person."
"Rose Gold Reusable Straw Set | Eco-Luxe Bridal Party Gift","Sydney C.",5,"2025-12-11","Absolutely stunning! I ordered this for my bridesmaids and couldn't be happier. I will definitely be ordering again. Shipping was super fast and it was packaged perfectly."
"Rose Gold Reusable Straw Set | Eco-Luxe Bridal Party Gift","Olivia H.",5,"2025-09-20","Beyond expectations! I ordered this for my bridal shower and couldn't be happier. I will definitely be ordering again. It added the perfect touch to our special day."
"Rose Gold Reusable Straw Set | Eco-Luxe Bridal Party Gift","Madison A.",5,"2025-08-18","Flawless! I ordered this for a gift and couldn't be happier. The quality is unmatched. I will definitely be ordering again."
"Rose Gold Reusable Straw Set | Eco-Luxe Bridal Party Gift","Chloe E.",5,"2025-11-06","Incredible! I ordered this for my wedding and couldn't be happier. The customization was exactly as I requested. I've recommended this shop to all my engaged friends."
"Rose Gold Reusable Straw Set | Eco-Luxe Bridal Party Gift","Megan S.",5,"2026-03-23","Breathtaking! I ordered this for our rehearsal dinner and couldn't be happier. I will definitely be ordering again. I'm so happy with how this turned out."
"Rose Gold Reusable Straw Set | Eco-Luxe Bridal Party Gift","Joseph D.",5,"2025-10-29","Perfect! I ordered this for my bridal party and couldn't be happier. The customization was exactly as I requested. Customer service was so helpful too."
"Rose Gold Reusable Straw Set | Eco-Luxe Bridal Party Gift","Ashley B.",4,"2025-11-27","Flawless! I ordered this for a gift and couldn't be happier. The quality is unmatched. Such a premium feel to it."
"Rose Gold Reusable Straw Set | Eco-Luxe Bridal Party Gift","Grace B.",5,"2026-01-14","Fantastic! I ordered this for a gift and couldn't be happier. Shipping was super fast and it was packaged perfectly. This was my favorite purchase for the wedding."
"Rose Gold Reusable Straw Set | Eco-Luxe Bridal Party Gift","Lauren H.",5,"2025-06-25","Flawless! I ordered this for my groomsmen and couldn't be happier. The customization was exactly as I requested. I've recommended this shop to all my engaged friends."
"Rose Gold Reusable Straw Set | Eco-Luxe Bridal Party Gift","Lauren H.",5,"2025-09-03","Gorgeous! I ordered this for our wedding day and couldn't be happier. The customization was exactly as I requested. Such a premium feel to it."
"Rose Gold Reusable Straw Set | Eco-Luxe Bridal Party Gift","Daniel P.",5,"2025-08-30","Breathtaking! I ordered this for my bridesmaids and couldn't be happier. It added the perfect touch to our special day. The details are just immaculate."
"Gold Heart Wine Stopper | Elegant Bridal Party Keepsake","Victoria J.",4,"2025-12-27","Perfect! I ordered this for my wedding and couldn't be happier. I'm so happy with how this turned out. The details are just immaculate."
"Gold Heart Wine Stopper | Elegant Bridal Party Keepsake","Hannah G.",5,"2026-03-01","Beautiful! I ordered this for my wedding and couldn't be happier. It added the perfect touch to our special day. Shipping was super fast and it was packaged perfectly."
"Gold Heart Wine Stopper | Elegant Bridal Party Keepsake","Michael T.",5,"2026-03-06","Breathtaking! I ordered this for the big day and couldn't be happier. The details are just immaculate. Such a premium feel to it."
"Gold Heart Wine Stopper | Elegant Bridal Party Keepsake","Christopher H.",5,"2025-05-25","Gorgeous! I ordered this for my bridal shower and couldn't be happier. It added the perfect touch to our special day. I'm so happy with how this turned out."
"Gold Heart Wine Stopper | Elegant Bridal Party Keepsake","Robert S.",5,"2026-02-17","High quality! I ordered this for a gift and couldn't be happier. The details are just immaculate. The customization was exactly as I requested."
"Gold Heart Wine Stopper | Elegant Bridal Party Keepsake","Ashley B.",5,"2025-09-09","Fantastic! I ordered this for my bridal shower and couldn't be happier. The quality is unmatched. It looks even better in person."
"Gold Heart Wine Stopper | Elegant Bridal Party Keepsake","Taylor F.",5,"2026-01-22","High quality! I ordered this for my fiance and couldn't be happier. This was my favorite purchase for the wedding. Customer service was so helpful too."
"Gold Heart Wine Stopper | Elegant Bridal Party Keepsake","William L.",5,"2025-12-20","Flawless! I ordered this for my bachelorette party and couldn't be happier. Everyone kept asking where I got this. I will definitely be ordering again."
"Gold Heart Wine Stopper | Elegant Bridal Party Keepsake","Chloe E.",5,"2025-12-20","Premium quality! I ordered this for my groomsmen and couldn't be happier. The material feels very luxurious. It looks even better in person."
"Gold Heart Wine Stopper | Elegant Bridal Party Keepsake","Alexis N.",4,"2025-10-05","High quality! I ordered this for a gift and couldn't be happier. The customization was exactly as I requested. The quality is unmatched."
"Gold Heart Wine Stopper | Elegant Bridal Party Keepsake","Ashley B.",4,"2026-02-16","Absolutely stunning! I ordered this for my bridal shower and couldn't be happier. I will definitely be ordering again. It added the perfect touch to our special day."
"Gold Heart Wine Stopper | Elegant Bridal Party Keepsake","Victoria J.",5,"2026-04-02","High quality! I ordered this for my bridal party and couldn't be happier. I'm so happy with how this turned out. The material feels very luxurious."
"Gold Heart Wine Stopper | Elegant Bridal Party Keepsake","Abigail P.",5,"2025-11-04","Premium quality! I ordered this for our wedding day and couldn't be happier. The quality is unmatched. It added the perfect touch to our special day."
"Gold Heart Wine Stopper | Elegant Bridal Party Keepsake","Robert S.",5,"2025-11-27","Exquisite! I ordered this for the big day and couldn't be happier. I'm so happy with how this turned out. The customization was exactly as I requested."
"Gold Heart Wine Stopper | Elegant Bridal Party Keepsake","Abigail P.",5,"2026-03-03","Lovely! I ordered this for my bridal shower and couldn't be happier. Customer service was so helpful too. The details are just immaculate."
"Gold Heart Wine Stopper | Elegant Bridal Party Keepsake","Sydney C.",4,"2026-02-25","Beautiful! I ordered this for my groomsmen and couldn't be happier. The material feels very luxurious. It looks even better in person."
"Gold Heart Wine Stopper | Elegant Bridal Party Keepsake","Jessica T.",5,"2026-02-10","Lovely! I ordered this for a gift and couldn't be happier. I will definitely be ordering again. Customer service was so helpful too."
"Gold Heart Wine Stopper | Elegant Bridal Party Keepsake","Mia L.",5,"2025-07-06","Gorgeous! I ordered this for my bridal shower and couldn't be happier. I've recommended this shop to all my engaged friends. The material feels very luxurious."
"Gold Heart Wine Stopper | Elegant Bridal Party Keepsake","Michael T.",5,"2026-02-19","Gorgeous! I ordered this for a gift and couldn't be happier. The material feels very luxurious. The details are just immaculate."
"Gold Heart Wine Stopper | Elegant Bridal Party Keepsake","Joseph D.",5,"2025-07-18","So elegant! I ordered this for our rehearsal dinner and couldn't be happier. It added the perfect touch to our special day. The quality is unmatched."
"Rose Petal Hand Cream | Luxury Travel-Size Bridal Essential","Charlotte R.",5,"2025-12-17","Beautiful! I ordered this for a gift and couldn't be happier. Everyone kept asking where I got this. It added the perfect touch to our special day."
"Rose Petal Hand Cream | Luxury Travel-Size Bridal Essential","Isabella G.",5,"2025-08-29","Breathtaking! I ordered this for our wedding day and couldn't be happier. The details are just immaculate. The customization was exactly as I requested."
"Rose Petal Hand Cream | Luxury Travel-Size Bridal Essential","Sydney C.",5,"2026-03-20","So elegant! I ordered this for a gift and couldn't be happier. Shipping was super fast and it was packaged perfectly. The details are just immaculate."
"Rose Petal Hand Cream | Luxury Travel-Size Bridal Essential","Chloe E.",4,"2026-05-13","Breathtaking! I ordered this for my fiance and couldn't be happier. Everyone kept asking where I got this. Such a premium feel to it."
"Rose Petal Hand Cream | Luxury Travel-Size Bridal Essential","Sophia K.",5,"2025-11-14","Exquisite! I ordered this for our rehearsal dinner and couldn't be happier. The customization was exactly as I requested. The material feels very luxurious."
"Rose Petal Hand Cream | Luxury Travel-Size Bridal Essential","William L.",4,"2025-07-10","Beyond expectations! I ordered this for the big day and couldn't be happier. The material feels very luxurious. I'm so happy with how this turned out."
"Rose Petal Hand Cream | Luxury Travel-Size Bridal Essential","Rachel D.",5,"2025-09-10","Absolutely stunning! I ordered this for my fiance and couldn't be happier. I will definitely be ordering again. Everyone kept asking where I got this."
"Rose Petal Hand Cream | Luxury Travel-Size Bridal Essential","Lauren H.",5,"2025-05-18","Gorgeous! I ordered this for my bachelorette party and couldn't be happier. The customization was exactly as I requested. The quality is unmatched."
"Rose Petal Hand Cream | Luxury Travel-Size Bridal Essential","Emily R.",5,"2025-11-01","Gorgeous! I ordered this for my bridal party and couldn't be happier. I've recommended this shop to all my engaged friends. The quality is unmatched."
"Rose Petal Hand Cream | Luxury Travel-Size Bridal Essential","Victoria J.",5,"2025-05-31","Perfect! I ordered this for my bridal shower and couldn't be happier. The customization was exactly as I requested. The quality is unmatched."
"Rose Petal Hand Cream | Luxury Travel-Size Bridal Essential","Sophia K.",5,"2026-05-12","Incredible! I ordered this for my bridesmaids and couldn't be happier. It added the perfect touch to our special day. I'm so happy with how this turned out."
"Rose Petal Hand Cream | Luxury Travel-Size Bridal Essential","Amanda C.",4,"2026-03-24","Fantastic! I ordered this for our wedding day and couldn't be happier. The material feels very luxurious. I'm so happy with how this turned out."
"Rose Petal Hand Cream | Luxury Travel-Size Bridal Essential","William L.",5,"2026-02-14","Premium quality! I ordered this for my bridal party and couldn't be happier. The details are just immaculate. The quality is unmatched."
"Rose Petal Hand Cream | Luxury Travel-Size Bridal Essential","William L.",5,"2025-11-08","High quality! I ordered this for our rehearsal dinner and couldn't be happier. Shipping was super fast and it was packaged perfectly. The customization was exactly as I requested."
"Rose Petal Hand Cream | Luxury Travel-Size Bridal Essential","Olivia H.",5,"2025-08-07","Perfect! I ordered this for my bachelorette party and couldn't be happier. I will definitely be ordering again. Shipping was super fast and it was packaged perfectly."
"Rose Petal Hand Cream | Luxury Travel-Size Bridal Essential","Chloe E.",5,"2025-12-06","Lovely! I ordered this for my wedding and couldn't be happier. I will definitely be ordering again. The customization was exactly as I requested."
"Rose Petal Hand Cream | Luxury Travel-Size Bridal Essential","Daniel P.",5,"2026-01-26","Lovely! I ordered this for my bridesmaids and couldn't be happier. Shipping was super fast and it was packaged perfectly. It added the perfect touch to our special day."
"Rose Petal Hand Cream | Luxury Travel-Size Bridal Essential","Ashley B.",5,"2026-02-22","Lovely! I ordered this for my bridal party and couldn't be happier. Shipping was super fast and it was packaged perfectly. Customer service was so helpful too."
"Rose Petal Hand Cream | Luxury Travel-Size Bridal Essential","Alexis N.",5,"2025-10-25","Lovely! I ordered this for a gift and couldn't be happier. It looks even better in person. The material feels very luxurious."
"Rose Petal Hand Cream | Luxury Travel-Size Bridal Essential","William L.",5,"2026-01-25","Exquisite! I ordered this for our wedding day and couldn't be happier. The customization was exactly as I requested. Such a premium feel to it."
"Floral Tea Sampler Gift Set | Rose, Chamomile, Lavender & Jasmine","Samantha W.",4,"2026-04-07","Incredible! I ordered this for my fiance and couldn't be happier. It looks even better in person. It added the perfect touch to our special day."
"Floral Tea Sampler Gift Set | Rose, Chamomile, Lavender & Jasmine","Isabella G.",5,"2026-04-21","Beyond expectations! I ordered this for my bridal party and couldn't be happier. I will definitely be ordering again. Shipping was super fast and it was packaged perfectly."
"Floral Tea Sampler Gift Set | Rose, Chamomile, Lavender & Jasmine","Robert S.",5,"2025-10-22","Amazing! I ordered this for my bachelorette party and couldn't be happier. This was my favorite purchase for the wedding. Everyone kept asking where I got this."
"Floral Tea Sampler Gift Set | Rose, Chamomile, Lavender & Jasmine","Abigail P.",5,"2026-05-05","Perfect! I ordered this for my bridal party and couldn't be happier. Such a premium feel to it. Everyone kept asking where I got this."
"Floral Tea Sampler Gift Set | Rose, Chamomile, Lavender & Jasmine","Kayla P.",5,"2026-03-11","Fantastic! I ordered this for our rehearsal dinner and couldn't be happier. I will definitely be ordering again. I've recommended this shop to all my engaged friends."
"Floral Tea Sampler Gift Set | Rose, Chamomile, Lavender & Jasmine","Chloe E.",5,"2025-11-03","Perfect! I ordered this for my fiance and couldn't be happier. The quality is unmatched. The material feels very luxurious."
"Floral Tea Sampler Gift Set | Rose, Chamomile, Lavender & Jasmine","Joseph D.",5,"2026-02-20","Gorgeous! I ordered this for my wedding and couldn't be happier. The customization was exactly as I requested. It added the perfect touch to our special day."
"Floral Tea Sampler Gift Set | Rose, Chamomile, Lavender & Jasmine","Samantha W.",5,"2026-04-08","Premium quality! I ordered this for my bachelorette party and couldn't be happier. Such a premium feel to it. It looks even better in person."
"Floral Tea Sampler Gift Set | Rose, Chamomile, Lavender & Jasmine","Mia L.",5,"2025-12-28","Flawless! I ordered this for our wedding day and couldn't be happier. I've recommended this shop to all my engaged friends. It added the perfect touch to our special day."
"Floral Tea Sampler Gift Set | Rose, Chamomile, Lavender & Jasmine","Isabella G.",5,"2025-07-31","Flawless! I ordered this for our rehearsal dinner and couldn't be happier. This was my favorite purchase for the wedding. The quality is unmatched."
"Floral Tea Sampler Gift Set | Rose, Chamomile, Lavender & Jasmine","Emma T.",5,"2026-02-14","Flawless! I ordered this for my bridal party and couldn't be happier. Everyone kept asking where I got this. Customer service was so helpful too."
"Floral Tea Sampler Gift Set | Rose, Chamomile, Lavender & Jasmine","Samantha W.",5,"2026-01-19","Exquisite! I ordered this for my bachelorette party and couldn't be happier. I will definitely be ordering again. It added the perfect touch to our special day."
"Floral Tea Sampler Gift Set | Rose, Chamomile, Lavender & Jasmine","Emma T.",4,"2025-06-12","Lovely! I ordered this for the big day and couldn't be happier. The details are just immaculate. The material feels very luxurious."
"Floral Tea Sampler Gift Set | Rose, Chamomile, Lavender & Jasmine","Michael T.",5,"2025-08-24","Absolutely stunning! I ordered this for my bridesmaids and couldn't be happier. I'm so happy with how this turned out. This was my favorite purchase for the wedding."
"Floral Tea Sampler Gift Set | Rose, Chamomile, Lavender & Jasmine","Emily R.",5,"2026-01-04","Beyond expectations! I ordered this for the big day and couldn't be happier. I've recommended this shop to all my engaged friends. I will definitely be ordering again."
"Floral Tea Sampler Gift Set | Rose, Chamomile, Lavender & Jasmine","Daniel P.",5,"2025-12-21","Premium quality! I ordered this for my groomsmen and couldn't be happier. Customer service was so helpful too. Shipping was super fast and it was packaged perfectly."
"Floral Tea Sampler Gift Set | Rose, Chamomile, Lavender & Jasmine","Mia L.",4,"2026-04-26","Flawless! I ordered this for a gift and couldn't be happier. Customer service was so helpful too. Everyone kept asking where I got this."
"Floral Tea Sampler Gift Set | Rose, Chamomile, Lavender & Jasmine","Daniel P.",5,"2026-02-02","Beyond expectations! I ordered this for our rehearsal dinner and couldn't be happier. The material feels very luxurious. Everyone kept asking where I got this."
"Floral Tea Sampler Gift Set | Rose, Chamomile, Lavender & Jasmine","Daniel P.",5,"2026-04-20","Absolutely stunning! I ordered this for the big day and couldn't be happier. This was my favorite purchase for the wedding. The details are just immaculate."
"Floral Tea Sampler Gift Set | Rose, Chamomile, Lavender & Jasmine","Elizabeth V.",5,"2025-12-30","Flawless! I ordered this for a gift and couldn't be happier. This was my favorite purchase for the wedding. It looks even better in person."
"Rosewater Face Mist | Hydrating Bridal Beauty Spray","John C.",5,"2026-04-14","Lovely! I ordered this for my bachelorette party and couldn't be happier. The details are just immaculate. Shipping was super fast and it was packaged perfectly."
"Rosewater Face Mist | Hydrating Bridal Beauty Spray","Mia L.",5,"2025-06-23","Exquisite! I ordered this for a gift and couldn't be happier. I'm so happy with how this turned out. Everyone kept asking where I got this."
"Rosewater Face Mist | Hydrating Bridal Beauty Spray","Alexis N.",5,"2026-01-04","Gorgeous! I ordered this for my bridal shower and couldn't be happier. The quality is unmatched. The material feels very luxurious."
"Rosewater Face Mist | Hydrating Bridal Beauty Spray","Joseph D.",5,"2026-01-08","Absolutely stunning! I ordered this for my bridal shower and couldn't be happier. Shipping was super fast and it was packaged perfectly. The details are just immaculate."
"Rosewater Face Mist | Hydrating Bridal Beauty Spray","Lauren H.",5,"2026-02-23","Flawless! I ordered this for the big day and couldn't be happier. I'm so happy with how this turned out. The quality is unmatched."
"Rosewater Face Mist | Hydrating Bridal Beauty Spray","Daniel P.",5,"2025-08-08","Fantastic! I ordered this for my groomsmen and couldn't be happier. Customer service was so helpful too. Shipping was super fast and it was packaged perfectly."
"Rosewater Face Mist | Hydrating Bridal Beauty Spray","Victoria J.",5,"2025-09-02","High quality! I ordered this for my groomsmen and couldn't be happier. The details are just immaculate. This was my favorite purchase for the wedding."
"Rosewater Face Mist | Hydrating Bridal Beauty Spray","Ashley B.",5,"2026-05-12","Premium quality! I ordered this for our rehearsal dinner and couldn't be happier. Customer service was so helpful too. The customization was exactly as I requested."
"Rosewater Face Mist | Hydrating Bridal Beauty Spray","David M.",5,"2026-03-27","Beautiful! I ordered this for my groomsmen and couldn't be happier. The quality is unmatched. It looks even better in person."
"Rosewater Face Mist | Hydrating Bridal Beauty Spray","Robert S.",5,"2025-07-01","So elegant! I ordered this for my bridesmaids and couldn't be happier. Everyone kept asking where I got this. The material feels very luxurious."
"Rosewater Face Mist | Hydrating Bridal Beauty Spray","Ava S.",5,"2025-11-04","High quality! I ordered this for our rehearsal dinner and couldn't be happier. Customer service was so helpful too. The details are just immaculate."
"Rosewater Face Mist | Hydrating Bridal Beauty Spray","Hannah G.",5,"2026-02-23","Flawless! I ordered this for my groomsmen and couldn't be happier. Shipping was super fast and it was packaged perfectly. I'm so happy with how this turned out."
"Rosewater Face Mist | Hydrating Bridal Beauty Spray","Christopher H.",5,"2026-02-13","Perfect! I ordered this for my groomsmen and couldn't be happier. Customer service was so helpful too. Such a premium feel to it."
"Rosewater Face Mist | Hydrating Bridal Beauty Spray","Matthew B.",4,"2025-07-31","Fantastic! I ordered this for my wedding and couldn't be happier. Customer service was so helpful too. Such a premium feel to it."
"Rosewater Face Mist | Hydrating Bridal Beauty Spray","Olivia H.",5,"2026-01-23","Exquisite! I ordered this for my bridesmaids and couldn't be happier. Such a premium feel to it. This was my favorite purchase for the wedding."
"Rosewater Face Mist | Hydrating Bridal Beauty Spray","Victoria J.",5,"2025-12-03","Beyond expectations! I ordered this for the big day and couldn't be happier. I'm so happy with how this turned out. This was my favorite purchase for the wedding."
"Rosewater Face Mist | Hydrating Bridal Beauty Spray","Matthew B.",5,"2025-06-09","Premium quality! I ordered this for my bridal party and couldn't be happier. Everyone kept asking where I got this. This was my favorite purchase for the wedding."
"Rosewater Face Mist | Hydrating Bridal Beauty Spray","Emma T.",5,"2025-07-25","Absolutely stunning! I ordered this for my bachelorette party and couldn't be happier. The quality is unmatched. This was my favorite purchase for the wedding."
"Rosewater Face Mist | Hydrating Bridal Beauty Spray","Joseph D.",5,"2025-12-10","Perfect! I ordered this for a gift and couldn't be happier. The details are just immaculate. I'm so happy with how this turned out."
"Rosewater Face Mist | Hydrating Bridal Beauty Spray","Jessica T.",5,"2025-11-14","Premium quality! I ordered this for my fiance and couldn't be happier. The material feels very luxurious. The details are just immaculate."
"Linen Wedding Vow Booklet | Gold Foil Ceremony Keepsake","Charlotte R.",5,"2025-07-17","So elegant! I ordered this for my bridal shower and couldn't be happier. I'm so happy with how this turned out. Everyone kept asking where I got this."
"Linen Wedding Vow Booklet | Gold Foil Ceremony Keepsake","Alexis N.",5,"2026-01-14","Beautiful! I ordered this for my groomsmen and couldn't be happier. I've recommended this shop to all my engaged friends. The customization was exactly as I requested."
"Linen Wedding Vow Booklet | Gold Foil Ceremony Keepsake","Brittany L.",5,"2025-06-26","Beyond expectations! I ordered this for my wedding and couldn't be happier. It looks even better in person. The quality is unmatched."
"Linen Wedding Vow Booklet | Gold Foil Ceremony Keepsake","Elizabeth V.",4,"2025-09-15","Lovely! I ordered this for my bridal party and couldn't be happier. Shipping was super fast and it was packaged perfectly. I've recommended this shop to all my engaged friends."
"Linen Wedding Vow Booklet | Gold Foil Ceremony Keepsake","Matthew B.",5,"2026-01-22","Fantastic! I ordered this for the big day and couldn't be happier. The quality is unmatched. The customization was exactly as I requested."
"Linen Wedding Vow Booklet | Gold Foil Ceremony Keepsake","Sydney C.",5,"2026-05-03","Lovely! I ordered this for a gift and couldn't be happier. Such a premium feel to it. I'm so happy with how this turned out."
"Linen Wedding Vow Booklet | Gold Foil Ceremony Keepsake","William L.",4,"2025-08-27","Absolutely stunning! I ordered this for my bridal party and couldn't be happier. Customer service was so helpful too. Such a premium feel to it."
"Linen Wedding Vow Booklet | Gold Foil Ceremony Keepsake","Elizabeth V.",5,"2026-04-25","Exquisite! I ordered this for my groomsmen and couldn't be happier. It looks even better in person. It added the perfect touch to our special day."
"Linen Wedding Vow Booklet | Gold Foil Ceremony Keepsake","Sarah M.",4,"2026-02-27","Incredible! I ordered this for my fiance and couldn't be happier. It looks even better in person. Such a premium feel to it."
"Linen Wedding Vow Booklet | Gold Foil Ceremony Keepsake","John C.",5,"2025-07-17","Breathtaking! I ordered this for my bridal party and couldn't be happier. It looks even better in person. Everyone kept asking where I got this."
"Linen Wedding Vow Booklet | Gold Foil Ceremony Keepsake","Sarah M.",5,"2026-02-27","Incredible! I ordered this for my bridal shower and couldn't be happier. Customer service was so helpful too. The quality is unmatched."
"Linen Wedding Vow Booklet | Gold Foil Ceremony Keepsake","William L.",4,"2025-11-09","So elegant! I ordered this for my wedding and couldn't be happier. I will definitely be ordering again. The material feels very luxurious."
"Linen Wedding Vow Booklet | Gold Foil Ceremony Keepsake","Elizabeth V.",5,"2025-06-15","Exquisite! I ordered this for our rehearsal dinner and couldn't be happier. I've recommended this shop to all my engaged friends. It added the perfect touch to our special day."
"Linen Wedding Vow Booklet | Gold Foil Ceremony Keepsake","Taylor F.",5,"2025-12-21","Fantastic! I ordered this for my bridal shower and couldn't be happier. Everyone kept asking where I got this. It looks even better in person."
"Linen Wedding Vow Booklet | Gold Foil Ceremony Keepsake","Chloe E.",5,"2025-06-06","Beautiful! I ordered this for a gift and couldn't be happier. The details are just immaculate. Such a premium feel to it."
"Linen Wedding Vow Booklet | Gold Foil Ceremony Keepsake","Joseph D.",5,"2025-11-27","Flawless! I ordered this for my bridal party and couldn't be happier. Shipping was super fast and it was packaged perfectly. Everyone kept asking where I got this."
"Linen Wedding Vow Booklet | Gold Foil Ceremony Keepsake","James R.",5,"2026-04-01","Gorgeous! I ordered this for my bachelorette party and couldn't be happier. The customization was exactly as I requested. Customer service was so helpful too."
"Linen Wedding Vow Booklet | Gold Foil Ceremony Keepsake","Samantha W.",5,"2026-04-03","Perfect! I ordered this for our rehearsal dinner and couldn't be happier. The details are just immaculate. I will definitely be ordering again."
"Linen Wedding Vow Booklet | Gold Foil Ceremony Keepsake","Alexis N.",4,"2025-08-28","Breathtaking! I ordered this for my bridesmaids and couldn't be happier. The customization was exactly as I requested. Customer service was so helpful too."
"Linen Wedding Vow Booklet | Gold Foil Ceremony Keepsake","Matthew B.",5,"2025-07-01","Lovely! I ordered this for the big day and couldn't be happier. I've recommended this shop to all my engaged friends. I will definitely be ordering again."
"Botanical Body Lotion | Shea Butter & Rose Petal Formula","Megan S.",5,"2025-08-24","High quality! I ordered this for our wedding day and couldn't be happier. The details are just immaculate. It added the perfect touch to our special day."
"Botanical Body Lotion | Shea Butter & Rose Petal Formula","Michael T.",5,"2025-11-22","Perfect! I ordered this for our rehearsal dinner and couldn't be happier. It looks even better in person. This was my favorite purchase for the wedding."
"Botanical Body Lotion | Shea Butter & Rose Petal Formula","Ava S.",5,"2025-08-09","Beyond expectations! I ordered this for my bridesmaids and couldn't be happier. Shipping was super fast and it was packaged perfectly. This was my favorite purchase for the wedding."
"Botanical Body Lotion | Shea Butter & Rose Petal Formula","Megan S.",4,"2026-04-08","Fantastic! I ordered this for the big day and couldn't be happier. It added the perfect touch to our special day. The material feels very luxurious."
"Botanical Body Lotion | Shea Butter & Rose Petal Formula","Daniel P.",5,"2025-11-11","Amazing! I ordered this for the big day and couldn't be happier. Such a premium feel to it. Customer service was so helpful too."
"Botanical Body Lotion | Shea Butter & Rose Petal Formula","Isabella G.",5,"2026-01-19","So elegant! I ordered this for my groomsmen and couldn't be happier. The material feels very luxurious. I'm so happy with how this turned out."
"Botanical Body Lotion | Shea Butter & Rose Petal Formula","Emily R.",4,"2025-11-15","Exquisite! I ordered this for my bachelorette party and couldn't be happier. Customer service was so helpful too. The details are just immaculate."
"Botanical Body Lotion | Shea Butter & Rose Petal Formula","Ashley B.",5,"2025-08-30","Exquisite! I ordered this for my bachelorette party and couldn't be happier. I will definitely be ordering again. It looks even better in person."
"Botanical Body Lotion | Shea Butter & Rose Petal Formula","Ava S.",5,"2025-07-14","Lovely! I ordered this for my bridal party and couldn't be happier. The customization was exactly as I requested. Everyone kept asking where I got this."
"Botanical Body Lotion | Shea Butter & Rose Petal Formula","Sydney C.",5,"2026-05-14","Beyond expectations! I ordered this for my bridal shower and couldn't be happier. Shipping was super fast and it was packaged perfectly. Such a premium feel to it."
"Botanical Body Lotion | Shea Butter & Rose Petal Formula","Rachel D.",5,"2025-12-26","Beautiful! I ordered this for my groomsmen and couldn't be happier. This was my favorite purchase for the wedding. The quality is unmatched."
"Botanical Body Lotion | Shea Butter & Rose Petal Formula","Megan S.",5,"2026-03-10","Absolutely stunning! I ordered this for our rehearsal dinner and couldn't be happier. The customization was exactly as I requested. Everyone kept asking where I got this."
"Botanical Body Lotion | Shea Butter & Rose Petal Formula","Daniel P.",5,"2026-01-11","Absolutely stunning! I ordered this for my bridesmaids and couldn't be happier. The quality is unmatched. The customization was exactly as I requested."
"Botanical Body Lotion | Shea Butter & Rose Petal Formula","Jessica T.",5,"2026-05-04","Gorgeous! I ordered this for our wedding day and couldn't be happier. It looks even better in person. I'm so happy with how this turned out."
"Botanical Body Lotion | Shea Butter & Rose Petal Formula","Brittany L.",5,"2025-07-11","Premium quality! I ordered this for my fiance and couldn't be happier. The details are just immaculate. The quality is unmatched."
"Botanical Body Lotion | Shea Butter & Rose Petal Formula","Emma T.",5,"2025-11-10","Fantastic! I ordered this for our rehearsal dinner and couldn't be happier. Such a premium feel to it. I'm so happy with how this turned out."
"Botanical Body Lotion | Shea Butter & Rose Petal Formula","Robert S.",5,"2025-11-24","Flawless! I ordered this for my fiance and couldn't be happier. Customer service was so helpful too. I will definitely be ordering again."
"Botanical Body Lotion | Shea Butter & Rose Petal Formula","Hannah G.",5,"2025-08-29","Beyond expectations! I ordered this for my groomsmen and couldn't be happier. I'm so happy with how this turned out. The customization was exactly as I requested."
"Botanical Body Lotion | Shea Butter & Rose Petal Formula","Kayla P.",5,"2026-03-19","Beyond expectations! I ordered this for a gift and couldn't be happier. I've recommended this shop to all my engaged friends. Shipping was super fast and it was packaged perfectly."
"Botanical Body Lotion | Shea Butter & Rose Petal Formula","Emily R.",5,"2026-01-28","Amazing! I ordered this for my groomsmen and couldn't be happier. The material feels very luxurious. This was my favorite purchase for the wedding."
"Champagne Gummy Bears | Luxury Bridal Party Treat","Emily R.",5,"2026-02-07","Amazing! I ordered this for the big day and couldn't be happier. The customization was exactly as I requested. The details are just immaculate."
"Champagne Gummy Bears | Luxury Bridal Party Treat","Nicole K.",5,"2025-05-27","Fantastic! I ordered this for my bridal party and couldn't be happier. It added the perfect touch to our special day. I will definitely be ordering again."
"Champagne Gummy Bears | Luxury Bridal Party Treat","Madison A.",5,"2025-08-22","Lovely! I ordered this for my bridal party and couldn't be happier. I'm so happy with how this turned out. This was my favorite purchase for the wedding."
"Champagne Gummy Bears | Luxury Bridal Party Treat","Kayla P.",5,"2026-04-18","Perfect! I ordered this for my wedding and couldn't be happier. I will definitely be ordering again. This was my favorite purchase for the wedding."
"Champagne Gummy Bears | Luxury Bridal Party Treat","Sydney C.",4,"2026-04-29","Perfect! I ordered this for my wedding and couldn't be happier. The details are just immaculate. I've recommended this shop to all my engaged friends."
"Champagne Gummy Bears | Luxury Bridal Party Treat","Sophia K.",5,"2025-08-21","Lovely! I ordered this for my fiance and couldn't be happier. The details are just immaculate. The material feels very luxurious."
"Champagne Gummy Bears | Luxury Bridal Party Treat","Taylor F.",5,"2025-05-26","High quality! I ordered this for my fiance and couldn't be happier. I will definitely be ordering again. The material feels very luxurious."
"Champagne Gummy Bears | Luxury Bridal Party Treat","Samantha W.",5,"2025-11-01","Lovely! I ordered this for my bridal party and couldn't be happier. The quality is unmatched. Everyone kept asking where I got this."
"Champagne Gummy Bears | Luxury Bridal Party Treat","Kayla P.",4,"2026-04-14","So elegant! I ordered this for my bridal shower and couldn't be happier. The quality is unmatched. Such a premium feel to it."
"Champagne Gummy Bears | Luxury Bridal Party Treat","Olivia H.",5,"2025-11-16","Absolutely stunning! I ordered this for my bridesmaids and couldn't be happier. The quality is unmatched. Such a premium feel to it."
"Champagne Gummy Bears | Luxury Bridal Party Treat","Natalie M.",5,"2026-03-12","Perfect! I ordered this for the big day and couldn't be happier. The material feels very luxurious. I'm so happy with how this turned out."
"Champagne Gummy Bears | Luxury Bridal Party Treat","Hannah G.",5,"2025-10-23","Amazing! I ordered this for my wedding and couldn't be happier. Everyone kept asking where I got this. It looks even better in person."
"Champagne Gummy Bears | Luxury Bridal Party Treat","Ashley B.",5,"2026-05-01","Amazing! I ordered this for my fiance and couldn't be happier. The customization was exactly as I requested. This was my favorite purchase for the wedding."
"Champagne Gummy Bears | Luxury Bridal Party Treat","Lauren H.",5,"2025-11-14","Incredible! I ordered this for our rehearsal dinner and couldn't be happier. It added the perfect touch to our special day. The details are just immaculate."
"Champagne Gummy Bears | Luxury Bridal Party Treat","David M.",5,"2025-11-18","Breathtaking! I ordered this for my bridesmaids and couldn't be happier. The quality is unmatched. This was my favorite purchase for the wedding."
"Champagne Gummy Bears | Luxury Bridal Party Treat","Abigail P.",5,"2025-07-24","Perfect! I ordered this for my fiance and couldn't be happier. This was my favorite purchase for the wedding. Customer service was so helpful too."
"Champagne Gummy Bears | Luxury Bridal Party Treat","Alexis N.",5,"2026-02-05","Lovely! I ordered this for my bridal party and couldn't be happier. Customer service was so helpful too. The quality is unmatched."
"Champagne Gummy Bears | Luxury Bridal Party Treat","Abigail P.",5,"2025-12-22","Amazing! I ordered this for my wedding and couldn't be happier. The customization was exactly as I requested. The details are just immaculate."
"Champagne Gummy Bears | Luxury Bridal Party Treat","Kayla P.",5,"2026-01-25","Beautiful! I ordered this for my bachelorette party and couldn't be happier. The quality is unmatched. This was my favorite purchase for the wedding."
"Champagne Gummy Bears | Luxury Bridal Party Treat","Ava S.",5,"2025-09-29","Gorgeous! I ordered this for my bridal shower and couldn't be happier. Everyone kept asking where I got this. Shipping was super fast and it was packaged perfectly."
"Dainty Pearl Bracelet | Gold-Filled Chain Bridal Jewelry","Elizabeth V.",5,"2025-07-17","So elegant! I ordered this for my bachelorette party and couldn't be happier. I will definitely be ordering again. It looks even better in person."
"Dainty Pearl Bracelet | Gold-Filled Chain Bridal Jewelry","Olivia H.",5,"2025-09-24","Beautiful! I ordered this for my groomsmen and couldn't be happier. It looks even better in person. Shipping was super fast and it was packaged perfectly."
"Dainty Pearl Bracelet | Gold-Filled Chain Bridal Jewelry","Isabella G.",5,"2025-09-15","Premium quality! I ordered this for my bridesmaids and couldn't be happier. The material feels very luxurious. The details are just immaculate."
"Dainty Pearl Bracelet | Gold-Filled Chain Bridal Jewelry","John C.",5,"2026-03-07","Breathtaking! I ordered this for my fiance and couldn't be happier. Such a premium feel to it. This was my favorite purchase for the wedding."
"Dainty Pearl Bracelet | Gold-Filled Chain Bridal Jewelry","Robert S.",5,"2026-01-10","Amazing! I ordered this for my groomsmen and couldn't be happier. Such a premium feel to it. I'm so happy with how this turned out."
"Dainty Pearl Bracelet | Gold-Filled Chain Bridal Jewelry","Emily R.",5,"2025-11-23","Lovely! I ordered this for my groomsmen and couldn't be happier. Such a premium feel to it. I'm so happy with how this turned out."
"Dainty Pearl Bracelet | Gold-Filled Chain Bridal Jewelry","Matthew B.",5,"2026-05-17","Exquisite! I ordered this for our rehearsal dinner and couldn't be happier. Such a premium feel to it. It added the perfect touch to our special day."
"Dainty Pearl Bracelet | Gold-Filled Chain Bridal Jewelry","Sarah M.",5,"2026-04-29","Fantastic! I ordered this for the big day and couldn't be happier. I will definitely be ordering again. The customization was exactly as I requested."
"Dainty Pearl Bracelet | Gold-Filled Chain Bridal Jewelry","Elizabeth V.",5,"2025-08-23","So elegant! I ordered this for my bridal party and couldn't be happier. The material feels very luxurious. It looks even better in person."
"Dainty Pearl Bracelet | Gold-Filled Chain Bridal Jewelry","Grace B.",4,"2025-09-17","Premium quality! I ordered this for a gift and couldn't be happier. The customization was exactly as I requested. Shipping was super fast and it was packaged perfectly."
"Dainty Pearl Bracelet | Gold-Filled Chain Bridal Jewelry","Taylor F.",5,"2025-08-30","Amazing! I ordered this for my bridal shower and couldn't be happier. I will definitely be ordering again. Everyone kept asking where I got this."
"Dainty Pearl Bracelet | Gold-Filled Chain Bridal Jewelry","Joseph D.",4,"2025-07-21","Lovely! I ordered this for my bachelorette party and couldn't be happier. The material feels very luxurious. It looks even better in person."
"Dainty Pearl Bracelet | Gold-Filled Chain Bridal Jewelry","Sydney C.",5,"2025-06-29","Breathtaking! I ordered this for a gift and couldn't be happier. The material feels very luxurious. The customization was exactly as I requested."
"Dainty Pearl Bracelet | Gold-Filled Chain Bridal Jewelry","Emily R.",5,"2025-09-15","Beautiful! I ordered this for my bridal party and couldn't be happier. The customization was exactly as I requested. Shipping was super fast and it was packaged perfectly."
"Dainty Pearl Bracelet | Gold-Filled Chain Bridal Jewelry","Daniel P.",5,"2026-05-12","Fantastic! I ordered this for my wedding and couldn't be happier. It added the perfect touch to our special day. I'm so happy with how this turned out."
"Dainty Pearl Bracelet | Gold-Filled Chain Bridal Jewelry","Chloe E.",5,"2026-02-14","Gorgeous! I ordered this for my bridal party and couldn't be happier. The details are just immaculate. I'm so happy with how this turned out."
"Dainty Pearl Bracelet | Gold-Filled Chain Bridal Jewelry","Brittany L.",5,"2025-08-26","High quality! I ordered this for the big day and couldn't be happier. It added the perfect touch to our special day. I will definitely be ordering again."
"Dainty Pearl Bracelet | Gold-Filled Chain Bridal Jewelry","Ava S.",5,"2026-01-14","Perfect! I ordered this for my bachelorette party and couldn't be happier. The customization was exactly as I requested. I've recommended this shop to all my engaged friends."
"Dainty Pearl Bracelet | Gold-Filled Chain Bridal Jewelry","Taylor F.",5,"2025-07-29","Amazing! I ordered this for my bridesmaids and couldn't be happier. The quality is unmatched. Shipping was super fast and it was packaged perfectly."
"Dainty Pearl Bracelet | Gold-Filled Chain Bridal Jewelry","Christopher H.",4,"2026-04-23","So elegant! I ordered this for the big day and couldn't be happier. Customer service was so helpful too. The material feels very luxurious."
"Mulberry Silk Pillowcase | Champagne Gold Beauty Sleep Essential","Abigail P.",5,"2025-06-30","Flawless! I ordered this for my bachelorette party and couldn't be happier. This was my favorite purchase for the wedding. The customization was exactly as I requested."
"Mulberry Silk Pillowcase | Champagne Gold Beauty Sleep Essential","Sydney C.",5,"2026-01-02","Flawless! I ordered this for my wedding and couldn't be happier. The details are just immaculate. Shipping was super fast and it was packaged perfectly."
"Mulberry Silk Pillowcase | Champagne Gold Beauty Sleep Essential","John C.",5,"2026-05-10","Incredible! I ordered this for my bridal party and couldn't be happier. The customization was exactly as I requested. The details are just immaculate."
"Mulberry Silk Pillowcase | Champagne Gold Beauty Sleep Essential","Emily R.",5,"2025-12-22","Incredible! I ordered this for my bachelorette party and couldn't be happier. I've recommended this shop to all my engaged friends. It looks even better in person."
"Mulberry Silk Pillowcase | Champagne Gold Beauty Sleep Essential","Victoria J.",5,"2025-11-27","Amazing! I ordered this for my bridesmaids and couldn't be happier. It looks even better in person. The details are just immaculate."
"Mulberry Silk Pillowcase | Champagne Gold Beauty Sleep Essential","Rachel D.",5,"2025-06-18","Premium quality! I ordered this for the big day and couldn't be happier. The details are just immaculate. This was my favorite purchase for the wedding."
"Mulberry Silk Pillowcase | Champagne Gold Beauty Sleep Essential","Alexis N.",5,"2026-02-23","Exquisite! I ordered this for a gift and couldn't be happier. I'm so happy with how this turned out. I've recommended this shop to all my engaged friends."
"Mulberry Silk Pillowcase | Champagne Gold Beauty Sleep Essential","Emma T.",5,"2025-07-22","Perfect! I ordered this for my bachelorette party and couldn't be happier. This was my favorite purchase for the wedding. The quality is unmatched."
"Mulberry Silk Pillowcase | Champagne Gold Beauty Sleep Essential","Samantha W.",5,"2025-06-24","Incredible! I ordered this for my bridal party and couldn't be happier. Such a premium feel to it. Everyone kept asking where I got this."
"Mulberry Silk Pillowcase | Champagne Gold Beauty Sleep Essential","Christopher H.",5,"2026-02-13","Exquisite! I ordered this for our wedding day and couldn't be happier. The details are just immaculate. It added the perfect touch to our special day."
"Mulberry Silk Pillowcase | Champagne Gold Beauty Sleep Essential","Natalie M.",5,"2026-04-21","Flawless! I ordered this for my bridal shower and couldn't be happier. It looks even better in person. I'm so happy with how this turned out."
"Mulberry Silk Pillowcase | Champagne Gold Beauty Sleep Essential","Emily R.",4,"2026-03-13","Lovely! I ordered this for my fiance and couldn't be happier. The customization was exactly as I requested. Customer service was so helpful too."
"Mulberry Silk Pillowcase | Champagne Gold Beauty Sleep Essential","Taylor F.",5,"2025-11-13","Gorgeous! I ordered this for my bridesmaids and couldn't be happier. Customer service was so helpful too. Such a premium feel to it."
"Mulberry Silk Pillowcase | Champagne Gold Beauty Sleep Essential","David M.",5,"2025-07-05","Amazing! I ordered this for our wedding day and couldn't be happier. I will definitely be ordering again. The customization was exactly as I requested."
"Mulberry Silk Pillowcase | Champagne Gold Beauty Sleep Essential","Joseph D.",5,"2025-10-16","Absolutely stunning! I ordered this for my bridesmaids and couldn't be happier. The customization was exactly as I requested. Shipping was super fast and it was packaged perfectly."
"Mulberry Silk Pillowcase | Champagne Gold Beauty Sleep Essential","Madison A.",5,"2026-04-01","Gorgeous! I ordered this for my fiance and couldn't be happier. It added the perfect touch to our special day. I will definitely be ordering again."
"Mulberry Silk Pillowcase | Champagne Gold Beauty Sleep Essential","Amanda C.",5,"2025-10-25","Amazing! I ordered this for my wedding and couldn't be happier. Customer service was so helpful too. I've recommended this shop to all my engaged friends."
"Mulberry Silk Pillowcase | Champagne Gold Beauty Sleep Essential","Megan S.",5,"2026-03-13","Fantastic! I ordered this for the big day and couldn't be happier. This was my favorite purchase for the wedding. Everyone kept asking where I got this."
"Mulberry Silk Pillowcase | Champagne Gold Beauty Sleep Essential","Lauren H.",5,"2025-09-20","Lovely! I ordered this for my bridal party and couldn't be happier. I've recommended this shop to all my engaged friends. The details are just immaculate."
"Mulberry Silk Pillowcase | Champagne Gold Beauty Sleep Essential","Lauren H.",5,"2025-08-28","Beyond expectations! I ordered this for my wedding and couldn't be happier. Everyone kept asking where I got this. It looks even better in person."
"Crystal Glass Nail File Set | Velvet Pouch Bridal Set","Amanda C.",5,"2025-06-23","Fantastic! I ordered this for our rehearsal dinner and couldn't be happier. Shipping was super fast and it was packaged perfectly. I'm so happy with how this turned out."
"Crystal Glass Nail File Set | Velvet Pouch Bridal Set","Madison A.",5,"2026-02-09","Lovely! I ordered this for my fiance and couldn't be happier. The details are just immaculate. Everyone kept asking where I got this."
"Crystal Glass Nail File Set | Velvet Pouch Bridal Set","Daniel P.",4,"2026-01-19","Exquisite! I ordered this for the big day and couldn't be happier. I will definitely be ordering again. It looks even better in person."
"Crystal Glass Nail File Set | Velvet Pouch Bridal Set","Joseph D.",5,"2025-07-10","Premium quality! I ordered this for my fiance and couldn't be happier. The material feels very luxurious. It added the perfect touch to our special day."
"Crystal Glass Nail File Set | Velvet Pouch Bridal Set","William L.",5,"2025-07-27","Beautiful! I ordered this for my fiance and couldn't be happier. I'm so happy with how this turned out. Everyone kept asking where I got this."
"Crystal Glass Nail File Set | Velvet Pouch Bridal Set","Grace B.",5,"2025-06-15","Incredible! I ordered this for my bridal party and couldn't be happier. The customization was exactly as I requested. The quality is unmatched."
"Crystal Glass Nail File Set | Velvet Pouch Bridal Set","Emma T.",5,"2025-11-15","High quality! I ordered this for my bridal party and couldn't be happier. The details are just immaculate. The quality is unmatched."
"Crystal Glass Nail File Set | Velvet Pouch Bridal Set","Matthew B.",5,"2026-02-12","Exquisite! I ordered this for my bridal party and couldn't be happier. The material feels very luxurious. It looks even better in person."
"Crystal Glass Nail File Set | Velvet Pouch Bridal Set","Alexis N.",5,"2025-08-19","Perfect! I ordered this for my bridal party and couldn't be happier. Shipping was super fast and it was packaged perfectly. I've recommended this shop to all my engaged friends."
"Crystal Glass Nail File Set | Velvet Pouch Bridal Set","Samantha W.",5,"2025-09-20","Beyond expectations! I ordered this for my fiance and couldn't be happier. The quality is unmatched. It looks even better in person."
"Crystal Glass Nail File Set | Velvet Pouch Bridal Set","Sarah M.",4,"2025-08-06","Premium quality! I ordered this for the big day and couldn't be happier. The material feels very luxurious. Such a premium feel to it."
"Crystal Glass Nail File Set | Velvet Pouch Bridal Set","John C.",5,"2026-05-14","Exquisite! I ordered this for my bridesmaids and couldn't be happier. The details are just immaculate. The quality is unmatched."
"Crystal Glass Nail File Set | Velvet Pouch Bridal Set","Lauren H.",5,"2025-11-17","Beautiful! I ordered this for the big day and couldn't be happier. Shipping was super fast and it was packaged perfectly. I will definitely be ordering again."
"Crystal Glass Nail File Set | Velvet Pouch Bridal Set","Joseph D.",5,"2025-11-05","Breathtaking! I ordered this for my bridesmaids and couldn't be happier. Customer service was so helpful too. I will definitely be ordering again."
"Crystal Glass Nail File Set | Velvet Pouch Bridal Set","Megan S.",5,"2026-03-31","High quality! I ordered this for our rehearsal dinner and couldn't be happier. Customer service was so helpful too. Such a premium feel to it."
"Crystal Glass Nail File Set | Velvet Pouch Bridal Set","Sophia K.",5,"2025-09-15","Lovely! I ordered this for our rehearsal dinner and couldn't be happier. Customer service was so helpful too. I've recommended this shop to all my engaged friends."
"Crystal Glass Nail File Set | Velvet Pouch Bridal Set","Rachel D.",4,"2026-04-22","Lovely! I ordered this for my bridesmaids and couldn't be happier. The details are just immaculate. It added the perfect touch to our special day."
"Crystal Glass Nail File Set | Velvet Pouch Bridal Set","Sophia K.",5,"2025-06-01","Beyond expectations! I ordered this for my wedding and couldn't be happier. Customer service was so helpful too. I will definitely be ordering again."
"Crystal Glass Nail File Set | Velvet Pouch Bridal Set","Natalie M.",5,"2026-01-06","Breathtaking! I ordered this for my wedding and couldn't be happier. The material feels very luxurious. I'm so happy with how this turned out."
"Crystal Glass Nail File Set | Velvet Pouch Bridal Set","Victoria J.",5,"2026-02-13","Gorgeous! I ordered this for my bachelorette party and couldn't be happier. Such a premium feel to it. Everyone kept asking where I got this."
"Calm & Collect Essential Oil Roller | Lavender & Chamomile Blend","Chloe E.",5,"2025-09-14","So elegant! I ordered this for our rehearsal dinner and couldn't be happier. I've recommended this shop to all my engaged friends. This was my favorite purchase for the wedding."
"Calm & Collect Essential Oil Roller | Lavender & Chamomile Blend","Brittany L.",5,"2026-03-16","Beautiful! I ordered this for the big day and couldn't be happier. The customization was exactly as I requested. This was my favorite purchase for the wedding."
"Calm & Collect Essential Oil Roller | Lavender & Chamomile Blend","Ava S.",5,"2026-05-06","Perfect! I ordered this for a gift and couldn't be happier. Customer service was so helpful too. The quality is unmatched."
"Calm & Collect Essential Oil Roller | Lavender & Chamomile Blend","Nicole K.",5,"2025-08-25","Perfect! I ordered this for our wedding day and couldn't be happier. It added the perfect touch to our special day. The material feels very luxurious."
"Calm & Collect Essential Oil Roller | Lavender & Chamomile Blend","Charlotte R.",5,"2025-09-22","Beautiful! I ordered this for a gift and couldn't be happier. This was my favorite purchase for the wedding. Customer service was so helpful too."
"Calm & Collect Essential Oil Roller | Lavender & Chamomile Blend","Ashley B.",5,"2026-05-16","So elegant! I ordered this for my groomsmen and couldn't be happier. Everyone kept asking where I got this. I will definitely be ordering again."
"Calm & Collect Essential Oil Roller | Lavender & Chamomile Blend","Elizabeth V.",5,"2025-11-09","Flawless! I ordered this for my bridal party and couldn't be happier. Customer service was so helpful too. The quality is unmatched."
"Calm & Collect Essential Oil Roller | Lavender & Chamomile Blend","David M.",5,"2025-05-30","Incredible! I ordered this for my fiance and couldn't be happier. Customer service was so helpful too. Such a premium feel to it."
"Calm & Collect Essential Oil Roller | Lavender & Chamomile Blend","Victoria J.",4,"2025-12-09","Flawless! I ordered this for my bridal party and couldn't be happier. It looks even better in person. The material feels very luxurious."
"Calm & Collect Essential Oil Roller | Lavender & Chamomile Blend","Ava S.",5,"2025-12-21","Beyond expectations! I ordered this for my bachelorette party and couldn't be happier. I will definitely be ordering again. The details are just immaculate."
"Calm & Collect Essential Oil Roller | Lavender & Chamomile Blend","Amanda C.",5,"2025-08-03","Incredible! I ordered this for my groomsmen and couldn't be happier. The details are just immaculate. I've recommended this shop to all my engaged friends."
"Calm & Collect Essential Oil Roller | Lavender & Chamomile Blend","Emily R.",5,"2025-11-28","Absolutely stunning! I ordered this for my bachelorette party and couldn't be happier. Everyone kept asking where I got this. I've recommended this shop to all my engaged friends."
"Calm & Collect Essential Oil Roller | Lavender & Chamomile Blend","Sophia K.",5,"2025-08-23","Incredible! I ordered this for my bridal shower and couldn't be happier. Such a premium feel to it. The quality is unmatched."
"Calm & Collect Essential Oil Roller | Lavender & Chamomile Blend","Lauren H.",5,"2026-03-07","Incredible! I ordered this for my bridal shower and couldn't be happier. Shipping was super fast and it was packaged perfectly. I will definitely be ordering again."
"Calm & Collect Essential Oil Roller | Lavender & Chamomile Blend","Isabella G.",5,"2025-09-23","Beautiful! I ordered this for our wedding day and couldn't be happier. Everyone kept asking where I got this. Customer service was so helpful too."
"Calm & Collect Essential Oil Roller | Lavender & Chamomile Blend","Olivia H.",4,"2025-09-20","Flawless! I ordered this for my bachelorette party and couldn't be happier. The customization was exactly as I requested. Everyone kept asking where I got this."
"Calm & Collect Essential Oil Roller | Lavender & Chamomile Blend","Lauren H.",5,"2025-06-16","Beautiful! I ordered this for the big day and couldn't be happier. The details are just immaculate. This was my favorite purchase for the wedding."
"Calm & Collect Essential Oil Roller | Lavender & Chamomile Blend","Lauren H.",4,"2025-12-25","Premium quality! I ordered this for our rehearsal dinner and couldn't be happier. The customization was exactly as I requested. The quality is unmatched."
"Calm & Collect Essential Oil Roller | Lavender & Chamomile Blend","Mia L.",5,"2025-07-12","Incredible! I ordered this for our rehearsal dinner and couldn't be happier. The material feels very luxurious. The quality is unmatched."
"Calm & Collect Essential Oil Roller | Lavender & Chamomile Blend","Ava S.",5,"2025-11-08","Lovely! I ordered this for my groomsmen and couldn't be happier. Customer service was so helpful too. The details are just immaculate."
"Gold-Rimmed Ceramic Jewelry Dish | Ring Holder & Trinket Tray","Charlotte R.",5,"2025-08-06","High quality! I ordered this for my groomsmen and couldn't be happier. Customer service was so helpful too. I've recommended this shop to all my engaged friends."
"Gold-Rimmed Ceramic Jewelry Dish | Ring Holder & Trinket Tray","Sydney C.",4,"2026-02-01","So elegant! I ordered this for my bridal party and couldn't be happier. The details are just immaculate. Shipping was super fast and it was packaged perfectly."
"Gold-Rimmed Ceramic Jewelry Dish | Ring Holder & Trinket Tray","William L.",4,"2026-01-12","Premium quality! I ordered this for my bridesmaids and couldn't be happier. This was my favorite purchase for the wedding. Shipping was super fast and it was packaged perfectly."
"Gold-Rimmed Ceramic Jewelry Dish | Ring Holder & Trinket Tray","Emily R.",5,"2026-01-20","Beyond expectations! I ordered this for our rehearsal dinner and couldn't be happier. The quality is unmatched. Such a premium feel to it."
"Gold-Rimmed Ceramic Jewelry Dish | Ring Holder & Trinket Tray","Lauren H.",4,"2026-01-04","Flawless! I ordered this for our rehearsal dinner and couldn't be happier. The quality is unmatched. The details are just immaculate."
"Gold-Rimmed Ceramic Jewelry Dish | Ring Holder & Trinket Tray","Natalie M.",5,"2026-04-03","Breathtaking! I ordered this for my fiance and couldn't be happier. Customer service was so helpful too. The details are just immaculate."
"Gold-Rimmed Ceramic Jewelry Dish | Ring Holder & Trinket Tray","Ava S.",5,"2025-06-03","Premium quality! I ordered this for my bridal party and couldn't be happier. Everyone kept asking where I got this. The quality is unmatched."
"Gold-Rimmed Ceramic Jewelry Dish | Ring Holder & Trinket Tray","Jessica T.",5,"2025-07-22","Fantastic! I ordered this for my bridal shower and couldn't be happier. The customization was exactly as I requested. I've recommended this shop to all my engaged friends."
"Gold-Rimmed Ceramic Jewelry Dish | Ring Holder & Trinket Tray","Christopher H.",5,"2026-04-17","Exquisite! I ordered this for my groomsmen and couldn't be happier. This was my favorite purchase for the wedding. I will definitely be ordering again."
"Gold-Rimmed Ceramic Jewelry Dish | Ring Holder & Trinket Tray","Christopher H.",5,"2026-02-13","So elegant! I ordered this for my bachelorette party and couldn't be happier. I've recommended this shop to all my engaged friends. The material feels very luxurious."
"Gold-Rimmed Ceramic Jewelry Dish | Ring Holder & Trinket Tray","Amanda C.",4,"2025-06-01","High quality! I ordered this for my fiance and couldn't be happier. It added the perfect touch to our special day. Shipping was super fast and it was packaged perfectly."
"Gold-Rimmed Ceramic Jewelry Dish | Ring Holder & Trinket Tray","Taylor F.",5,"2025-08-18","Beyond expectations! I ordered this for my bachelorette party and couldn't be happier. This was my favorite purchase for the wedding. I will definitely be ordering again."
"Gold-Rimmed Ceramic Jewelry Dish | Ring Holder & Trinket Tray","Rachel D.",5,"2025-06-24","Incredible! I ordered this for my bridesmaids and couldn't be happier. Shipping was super fast and it was packaged perfectly. The material feels very luxurious."
"Gold-Rimmed Ceramic Jewelry Dish | Ring Holder & Trinket Tray","Olivia H.",5,"2025-07-08","Amazing! I ordered this for the big day and couldn't be happier. Such a premium feel to it. I will definitely be ordering again."
"Gold-Rimmed Ceramic Jewelry Dish | Ring Holder & Trinket Tray","Matthew B.",5,"2026-01-31","So elegant! I ordered this for my bridesmaids and couldn't be happier. The material feels very luxurious. Such a premium feel to it."
"Gold-Rimmed Ceramic Jewelry Dish | Ring Holder & Trinket Tray","Abigail P.",5,"2025-12-16","So elegant! I ordered this for the big day and couldn't be happier. It looks even better in person. The material feels very luxurious."
"Gold-Rimmed Ceramic Jewelry Dish | Ring Holder & Trinket Tray","William L.",4,"2025-08-03","Beautiful! I ordered this for our wedding day and couldn't be happier. The quality is unmatched. Such a premium feel to it."
"Gold-Rimmed Ceramic Jewelry Dish | Ring Holder & Trinket Tray","Samantha W.",5,"2025-08-05","Lovely! I ordered this for our wedding day and couldn't be happier. It looks even better in person. Shipping was super fast and it was packaged perfectly."
"Gold-Rimmed Ceramic Jewelry Dish | Ring Holder & Trinket Tray","Nicole K.",5,"2025-11-27","Beyond expectations! I ordered this for my groomsmen and couldn't be happier. Shipping was super fast and it was packaged perfectly. I will definitely be ordering again."
"Gold-Rimmed Ceramic Jewelry Dish | Ring Holder & Trinket Tray","Abigail P.",5,"2025-10-11","Exquisite! I ordered this for our wedding day and couldn't be happier. Everyone kept asking where I got this. Shipping was super fast and it was packaged perfectly."
"Botanical Bath Bomb Trio | Lavender, Rose & Chamomile","Madison A.",4,"2025-06-24","Beyond expectations! I ordered this for my bridal party and couldn't be happier. It added the perfect touch to our special day. I will definitely be ordering again."
"Botanical Bath Bomb Trio | Lavender, Rose & Chamomile","James R.",5,"2025-05-24","Lovely! I ordered this for a gift and couldn't be happier. I will definitely be ordering again. The customization was exactly as I requested."
"Botanical Bath Bomb Trio | Lavender, Rose & Chamomile","William L.",5,"2026-02-27","Breathtaking! I ordered this for my bridal party and couldn't be happier. The material feels very luxurious. Shipping was super fast and it was packaged perfectly."
"Botanical Bath Bomb Trio | Lavender, Rose & Chamomile","James R.",5,"2025-12-07","Beyond expectations! I ordered this for my bachelorette party and couldn't be happier. Customer service was so helpful too. The material feels very luxurious."
"Botanical Bath Bomb Trio | Lavender, Rose & Chamomile","Victoria J.",5,"2025-06-23","Beautiful! I ordered this for my bridal party and couldn't be happier. It looks even better in person. Such a premium feel to it."
"Botanical Bath Bomb Trio | Lavender, Rose & Chamomile","Sarah M.",5,"2025-06-08","Premium quality! I ordered this for our rehearsal dinner and couldn't be happier. Such a premium feel to it. Everyone kept asking where I got this."
"Botanical Bath Bomb Trio | Lavender, Rose & Chamomile","Kayla P.",5,"2026-03-19","Beautiful! I ordered this for my wedding and couldn't be happier. I'm so happy with how this turned out. The details are just immaculate."
"Botanical Bath Bomb Trio | Lavender, Rose & Chamomile","Jessica T.",5,"2025-08-19","Beautiful! I ordered this for a gift and couldn't be happier. Customer service was so helpful too. Shipping was super fast and it was packaged perfectly."
"Botanical Bath Bomb Trio | Lavender, Rose & Chamomile","Taylor F.",5,"2026-04-08","Premium quality! I ordered this for my fiance and couldn't be happier. The details are just immaculate. The material feels very luxurious."
"Botanical Bath Bomb Trio | Lavender, Rose & Chamomile","Hannah G.",5,"2026-03-28","Breathtaking! I ordered this for the big day and couldn't be happier. The material feels very luxurious. The details are just immaculate."
"Botanical Bath Bomb Trio | Lavender, Rose & Chamomile","Victoria J.",5,"2025-11-07","Beyond expectations! I ordered this for my bachelorette party and couldn't be happier. The details are just immaculate. I've recommended this shop to all my engaged friends."
"Botanical Bath Bomb Trio | Lavender, Rose & Chamomile","Rachel D.",5,"2025-10-23","Breathtaking! I ordered this for my bridal party and couldn't be happier. The quality is unmatched. It looks even better in person."
"Botanical Bath Bomb Trio | Lavender, Rose & Chamomile","Brittany L.",5,"2026-01-12","Incredible! I ordered this for my fiance and couldn't be happier. It looks even better in person. I will definitely be ordering again."
"Botanical Bath Bomb Trio | Lavender, Rose & Chamomile","Taylor F.",5,"2026-02-21","Premium quality! I ordered this for my bridal shower and couldn't be happier. The customization was exactly as I requested. It added the perfect touch to our special day."
"Botanical Bath Bomb Trio | Lavender, Rose & Chamomile","Alexis N.",5,"2025-11-02","Breathtaking! I ordered this for the big day and couldn't be happier. Shipping was super fast and it was packaged perfectly. The details are just immaculate."
"Botanical Bath Bomb Trio | Lavender, Rose & Chamomile","Jessica T.",5,"2026-01-22","Lovely! I ordered this for my bridal shower and couldn't be happier. Such a premium feel to it. The customization was exactly as I requested."
"Botanical Bath Bomb Trio | Lavender, Rose & Chamomile","Emma T.",5,"2025-11-20","Beautiful! I ordered this for our wedding day and couldn't be happier. The material feels very luxurious. I will definitely be ordering again."
"Botanical Bath Bomb Trio | Lavender, Rose & Chamomile","Emily R.",5,"2025-07-26","Beautiful! I ordered this for my bachelorette party and couldn't be happier. It looks even better in person. The details are just immaculate."
"Botanical Bath Bomb Trio | Lavender, Rose & Chamomile","Emily R.",5,"2025-07-09","High quality! I ordered this for my fiance and couldn't be happier. It added the perfect touch to our special day. Customer service was so helpful too."
"Botanical Bath Bomb Trio | Lavender, Rose & Chamomile","Madison A.",5,"2025-09-25","Exquisite! I ordered this for my bridal party and couldn't be happier. Shipping was super fast and it was packaged perfectly. This was my favorite purchase for the wedding."
"Pearl-Embellished Hair Claw Clip | Elegant Bridal Hair Accessory","Amanda C.",5,"2025-11-23","Amazing! I ordered this for my bridal shower and couldn't be happier. Such a premium feel to it. The material feels very luxurious."
"Pearl-Embellished Hair Claw Clip | Elegant Bridal Hair Accessory","Victoria J.",4,"2026-04-24","Beautiful! I ordered this for the big day and couldn't be happier. I will definitely be ordering again. I've recommended this shop to all my engaged friends."
"Pearl-Embellished Hair Claw Clip | Elegant Bridal Hair Accessory","Brittany L.",4,"2025-12-23","Lovely! I ordered this for our wedding day and couldn't be happier. I will definitely be ordering again. The customization was exactly as I requested."
"Pearl-Embellished Hair Claw Clip | Elegant Bridal Hair Accessory","Robert S.",5,"2025-07-25","Amazing! I ordered this for my bridesmaids and couldn't be happier. Customer service was so helpful too. Shipping was super fast and it was packaged perfectly."
"Pearl-Embellished Hair Claw Clip | Elegant Bridal Hair Accessory","Victoria J.",5,"2025-06-09","High quality! I ordered this for my bridal shower and couldn't be happier. The details are just immaculate. This was my favorite purchase for the wedding."
"Pearl-Embellished Hair Claw Clip | Elegant Bridal Hair Accessory","Lauren H.",5,"2025-08-09","Fantastic! I ordered this for our wedding day and couldn't be happier. This was my favorite purchase for the wedding. It looks even better in person."
"Pearl-Embellished Hair Claw Clip | Elegant Bridal Hair Accessory","Victoria J.",5,"2026-04-11","Exquisite! I ordered this for my wedding and couldn't be happier. I'm so happy with how this turned out. The material feels very luxurious."
"Pearl-Embellished Hair Claw Clip | Elegant Bridal Hair Accessory","Rachel D.",5,"2025-09-05","Beautiful! I ordered this for my groomsmen and couldn't be happier. I'm so happy with how this turned out. It added the perfect touch to our special day."
"Pearl-Embellished Hair Claw Clip | Elegant Bridal Hair Accessory","David M.",5,"2026-04-19","Absolutely stunning! I ordered this for our rehearsal dinner and couldn't be happier. Customer service was so helpful too. Everyone kept asking where I got this."
"Pearl-Embellished Hair Claw Clip | Elegant Bridal Hair Accessory","Sydney C.",5,"2026-05-13","Amazing! I ordered this for my bridesmaids and couldn't be happier. I've recommended this shop to all my engaged friends. It looks even better in person."
"Pearl-Embellished Hair Claw Clip | Elegant Bridal Hair Accessory","Isabella G.",5,"2025-06-27","Absolutely stunning! I ordered this for my wedding and couldn't be happier. Everyone kept asking where I got this. Such a premium feel to it."
"Pearl-Embellished Hair Claw Clip | Elegant Bridal Hair Accessory","Elizabeth V.",5,"2026-03-10","Absolutely stunning! I ordered this for my bachelorette party and couldn't be happier. The customization was exactly as I requested. I will definitely be ordering again."
"Pearl-Embellished Hair Claw Clip | Elegant Bridal Hair Accessory","Natalie M.",5,"2025-07-16","So elegant! I ordered this for the big day and couldn't be happier. Everyone kept asking where I got this. Customer service was so helpful too."
"Pearl-Embellished Hair Claw Clip | Elegant Bridal Hair Accessory","Brittany L.",5,"2026-03-07","Fantastic! I ordered this for my bridal shower and couldn't be happier. It added the perfect touch to our special day. Such a premium feel to it."
"Pearl-Embellished Hair Claw Clip | Elegant Bridal Hair Accessory","Joseph D.",5,"2025-08-02","Fantastic! I ordered this for my bridal party and couldn't be happier. Everyone kept asking where I got this. The material feels very luxurious."
"Pearl-Embellished Hair Claw Clip | Elegant Bridal Hair Accessory","Robert S.",5,"2026-02-06","Beautiful! I ordered this for my bridal party and couldn't be happier. It looks even better in person. I'm so happy with how this turned out."
"Pearl-Embellished Hair Claw Clip | Elegant Bridal Hair Accessory","Joseph D.",5,"2025-07-02","Fantastic! I ordered this for my bridal shower and couldn't be happier. It added the perfect touch to our special day. Everyone kept asking where I got this."
"Pearl-Embellished Hair Claw Clip | Elegant Bridal Hair Accessory","Elizabeth V.",4,"2025-08-26","Perfect! I ordered this for the big day and couldn't be happier. Everyone kept asking where I got this. The quality is unmatched."
"Pearl-Embellished Hair Claw Clip | Elegant Bridal Hair Accessory","Samantha W.",5,"2026-02-15","Absolutely stunning! I ordered this for my bridesmaids and couldn't be happier. Customer service was so helpful too. I will definitely be ordering again."
"Pearl-Embellished Hair Claw Clip | Elegant Bridal Hair Accessory","Rachel D.",5,"2026-04-06","Absolutely stunning! I ordered this for my wedding and couldn't be happier. I'm so happy with how this turned out. The customization was exactly as I requested."
"Rose Gold Compact Mirror | Premium Dual-Sided Bridal Accessory","Emma T.",5,"2025-09-22","Flawless! I ordered this for my fiance and couldn't be happier. The details are just immaculate. The quality is unmatched."
"Rose Gold Compact Mirror | Premium Dual-Sided Bridal Accessory","Ashley B.",5,"2025-12-12","Beautiful! I ordered this for our rehearsal dinner and couldn't be happier. I will definitely be ordering again. The details are just immaculate."
"Rose Gold Compact Mirror | Premium Dual-Sided Bridal Accessory","Nicole K.",5,"2025-12-08","Incredible! I ordered this for a gift and couldn't be happier. The material feels very luxurious. I will definitely be ordering again."
"Rose Gold Compact Mirror | Premium Dual-Sided Bridal Accessory","Ashley B.",5,"2026-05-10","Lovely! I ordered this for my bridal party and couldn't be happier. Everyone kept asking where I got this. I will definitely be ordering again."
"Rose Gold Compact Mirror | Premium Dual-Sided Bridal Accessory","Emma T.",5,"2026-03-20","Breathtaking! I ordered this for my groomsmen and couldn't be happier. Shipping was super fast and it was packaged perfectly. The quality is unmatched."
"Rose Gold Compact Mirror | Premium Dual-Sided Bridal Accessory","Mia L.",5,"2026-03-24","Lovely! I ordered this for a gift and couldn't be happier. The quality is unmatched. I've recommended this shop to all my engaged friends."
"Rose Gold Compact Mirror | Premium Dual-Sided Bridal Accessory","David M.",5,"2026-02-18","Breathtaking! I ordered this for my groomsmen and couldn't be happier. The customization was exactly as I requested. The details are just immaculate."
"Rose Gold Compact Mirror | Premium Dual-Sided Bridal Accessory","Megan S.",4,"2026-04-15","Gorgeous! I ordered this for a gift and couldn't be happier. Customer service was so helpful too. I've recommended this shop to all my engaged friends."
"Rose Gold Compact Mirror | Premium Dual-Sided Bridal Accessory","Taylor F.",4,"2026-02-04","Premium quality! I ordered this for my wedding and couldn't be happier. Customer service was so helpful too. Shipping was super fast and it was packaged perfectly."
"Rose Gold Compact Mirror | Premium Dual-Sided Bridal Accessory","Michael T.",5,"2026-05-06","Beyond expectations! I ordered this for my wedding and couldn't be happier. The customization was exactly as I requested. The material feels very luxurious."
"Rose Gold Compact Mirror | Premium Dual-Sided Bridal Accessory","Isabella G.",5,"2025-10-06","Gorgeous! I ordered this for our wedding day and couldn't be happier. I'm so happy with how this turned out. Such a premium feel to it."
"Rose Gold Compact Mirror | Premium Dual-Sided Bridal Accessory","Chloe E.",5,"2025-08-31","Breathtaking! I ordered this for our wedding day and couldn't be happier. The details are just immaculate. The quality is unmatched."
"Rose Gold Compact Mirror | Premium Dual-Sided Bridal Accessory","Olivia H.",5,"2025-05-27","Flawless! I ordered this for our rehearsal dinner and couldn't be happier. I'm so happy with how this turned out. The customization was exactly as I requested."
"Rose Gold Compact Mirror | Premium Dual-Sided Bridal Accessory","William L.",5,"2025-08-29","Fantastic! I ordered this for my bridesmaids and couldn't be happier. I'm so happy with how this turned out. Shipping was super fast and it was packaged perfectly."
"Rose Gold Compact Mirror | Premium Dual-Sided Bridal Accessory","Chloe E.",4,"2025-11-25","Flawless! I ordered this for my wedding and couldn't be happier. Shipping was super fast and it was packaged perfectly. I will definitely be ordering again."
"Rose Gold Compact Mirror | Premium Dual-Sided Bridal Accessory","Lauren H.",5,"2025-12-19","Gorgeous! I ordered this for my bridal party and couldn't be happier. The quality is unmatched. Shipping was super fast and it was packaged perfectly."
"Rose Gold Compact Mirror | Premium Dual-Sided Bridal Accessory","Natalie M.",4,"2025-11-07","Amazing! I ordered this for my groomsmen and couldn't be happier. Everyone kept asking where I got this. The material feels very luxurious."
"Rose Gold Compact Mirror | Premium Dual-Sided Bridal Accessory","Hannah G.",5,"2026-03-01","Gorgeous! I ordered this for my wedding and couldn't be happier. It added the perfect touch to our special day. Customer service was so helpful too."
"Rose Gold Compact Mirror | Premium Dual-Sided Bridal Accessory","Megan S.",5,"2026-01-22","High quality! I ordered this for my fiance and couldn't be happier. The details are just immaculate. The material feels very luxurious."
"Rose Gold Compact Mirror | Premium Dual-Sided Bridal Accessory","Ava S.",5,"2025-06-12","High quality! I ordered this for our wedding day and couldn't be happier. The details are just immaculate. It looks even better in person."
"Luxury Botanical Lip Balm Trio | Rose, Honey & Vanilla","Victoria J.",5,"2025-06-21","Incredible! I ordered this for my groomsmen and couldn't be happier. Everyone kept asking where I got this. Such a premium feel to it."
"Luxury Botanical Lip Balm Trio | Rose, Honey & Vanilla","Jessica T.",4,"2025-12-22","High quality! I ordered this for my bachelorette party and couldn't be happier. Customer service was so helpful too. Shipping was super fast and it was packaged perfectly."
"Luxury Botanical Lip Balm Trio | Rose, Honey & Vanilla","Madison A.",5,"2025-06-22","Beautiful! I ordered this for my bridal shower and couldn't be happier. Shipping was super fast and it was packaged perfectly. I will definitely be ordering again."
"Luxury Botanical Lip Balm Trio | Rose, Honey & Vanilla","Brittany L.",4,"2025-07-28","Exquisite! I ordered this for my fiance and couldn't be happier. I'm so happy with how this turned out. The details are just immaculate."
"Luxury Botanical Lip Balm Trio | Rose, Honey & Vanilla","Sydney C.",5,"2025-10-24","Fantastic! I ordered this for my fiance and couldn't be happier. I will definitely be ordering again. I've recommended this shop to all my engaged friends."
"Luxury Botanical Lip Balm Trio | Rose, Honey & Vanilla","Sarah M.",5,"2026-01-15","Breathtaking! I ordered this for my bridesmaids and couldn't be happier. Shipping was super fast and it was packaged perfectly. The material feels very luxurious."
"Luxury Botanical Lip Balm Trio | Rose, Honey & Vanilla","Michael T.",5,"2026-04-10","Premium quality! I ordered this for my bachelorette party and couldn't be happier. I will definitely be ordering again. I'm so happy with how this turned out."
"Luxury Botanical Lip Balm Trio | Rose, Honey & Vanilla","Brittany L.",5,"2026-01-02","Premium quality! I ordered this for my bridesmaids and couldn't be happier. I'm so happy with how this turned out. Everyone kept asking where I got this."
"Luxury Botanical Lip Balm Trio | Rose, Honey & Vanilla","Victoria J.",5,"2026-02-13","Beyond expectations! I ordered this for my bachelorette party and couldn't be happier. I'm so happy with how this turned out. I've recommended this shop to all my engaged friends."
"Luxury Botanical Lip Balm Trio | Rose, Honey & Vanilla","Victoria J.",5,"2025-11-16","Flawless! I ordered this for a gift and couldn't be happier. It added the perfect touch to our special day. I've recommended this shop to all my engaged friends."
"Luxury Botanical Lip Balm Trio | Rose, Honey & Vanilla","William L.",5,"2026-01-08","Beyond expectations! I ordered this for the big day and couldn't be happier. I will definitely be ordering again. Customer service was so helpful too."
"Luxury Botanical Lip Balm Trio | Rose, Honey & Vanilla","Sydney C.",5,"2026-04-02","Incredible! I ordered this for our wedding day and couldn't be happier. The material feels very luxurious. It added the perfect touch to our special day."
"Luxury Botanical Lip Balm Trio | Rose, Honey & Vanilla","Amanda C.",5,"2025-12-25","Breathtaking! I ordered this for my bachelorette party and couldn't be happier. The material feels very luxurious. This was my favorite purchase for the wedding."
"Luxury Botanical Lip Balm Trio | Rose, Honey & Vanilla","Taylor F.",5,"2026-02-13","Exquisite! I ordered this for my wedding and couldn't be happier. It looks even better in person. The details are just immaculate."
"Luxury Botanical Lip Balm Trio | Rose, Honey & Vanilla","Isabella G.",5,"2025-10-12","Beautiful! I ordered this for my bridal shower and couldn't be happier. Shipping was super fast and it was packaged perfectly. I will definitely be ordering again."
"Luxury Botanical Lip Balm Trio | Rose, Honey & Vanilla","Madison A.",5,"2025-06-13","Premium quality! I ordered this for my groomsmen and couldn't be happier. It added the perfect touch to our special day. I'm so happy with how this turned out."
"Luxury Botanical Lip Balm Trio | Rose, Honey & Vanilla","Lauren H.",5,"2025-09-30","Amazing! I ordered this for my fiance and couldn't be happier. This was my favorite purchase for the wedding. The customization was exactly as I requested."
"Luxury Botanical Lip Balm Trio | Rose, Honey & Vanilla","Hannah G.",4,"2026-05-15","Flawless! I ordered this for my groomsmen and couldn't be happier. Shipping was super fast and it was packaged perfectly. I'm so happy with how this turned out."
"Luxury Botanical Lip Balm Trio | Rose, Honey & Vanilla","Daniel P.",5,"2025-11-05","Fantastic! I ordered this for our wedding day and couldn't be happier. This was my favorite purchase for the wedding. I'm so happy with how this turned out."
"Luxury Botanical Lip Balm Trio | Rose, Honey & Vanilla","Madison A.",5,"2026-03-11","Absolutely stunning! I ordered this for my bachelorette party and couldn't be happier. Such a premium feel to it. Customer service was so helpful too."
"Luxe Satin Sleep Mask | Bridal Beauty Rest Essential","William L.",5,"2025-09-12","High quality! I ordered this for my wedding and couldn't be happier. Shipping was super fast and it was packaged perfectly. Such a premium feel to it."
"Luxe Satin Sleep Mask | Bridal Beauty Rest Essential","Natalie M.",5,"2025-12-21","Flawless! I ordered this for our rehearsal dinner and couldn't be happier. I will definitely be ordering again. I've recommended this shop to all my engaged friends."
"Luxe Satin Sleep Mask | Bridal Beauty Rest Essential","Emma T.",5,"2026-04-16","Flawless! I ordered this for my bridal shower and couldn't be happier. It looks even better in person. The quality is unmatched."
"Luxe Satin Sleep Mask | Bridal Beauty Rest Essential","Michael T.",5,"2025-12-22","Exquisite! I ordered this for my fiance and couldn't be happier. I'm so happy with how this turned out. The customization was exactly as I requested."
"Luxe Satin Sleep Mask | Bridal Beauty Rest Essential","Taylor F.",5,"2025-12-08","Perfect! I ordered this for a gift and couldn't be happier. The details are just immaculate. The customization was exactly as I requested."
"Luxe Satin Sleep Mask | Bridal Beauty Rest Essential","Isabella G.",5,"2026-05-08","Breathtaking! I ordered this for my fiance and couldn't be happier. It added the perfect touch to our special day. Customer service was so helpful too."
"Luxe Satin Sleep Mask | Bridal Beauty Rest Essential","Samantha W.",5,"2025-10-25","Amazing! I ordered this for our rehearsal dinner and couldn't be happier. Such a premium feel to it. The quality is unmatched."
"Luxe Satin Sleep Mask | Bridal Beauty Rest Essential","Nicole K.",5,"2026-04-13","Exquisite! I ordered this for our wedding day and couldn't be happier. The quality is unmatched. I've recommended this shop to all my engaged friends."
"Luxe Satin Sleep Mask | Bridal Beauty Rest Essential","Sydney C.",5,"2026-04-26","Fantastic! I ordered this for my bridal party and couldn't be happier. Shipping was super fast and it was packaged perfectly. The customization was exactly as I requested."
"Luxe Satin Sleep Mask | Bridal Beauty Rest Essential","Taylor F.",5,"2025-08-04","Incredible! I ordered this for our rehearsal dinner and couldn't be happier. It added the perfect touch to our special day. I'm so happy with how this turned out."
"Luxe Satin Sleep Mask | Bridal Beauty Rest Essential","William L.",5,"2025-12-12","Perfect! I ordered this for my wedding and couldn't be happier. Such a premium feel to it. Shipping was super fast and it was packaged perfectly."
"Luxe Satin Sleep Mask | Bridal Beauty Rest Essential","Jessica T.",5,"2026-01-21","Perfect! I ordered this for our wedding day and couldn't be happier. Customer service was so helpful too. The details are just immaculate."
"Luxe Satin Sleep Mask | Bridal Beauty Rest Essential","Charlotte R.",4,"2026-01-15","Breathtaking! I ordered this for my bridesmaids and couldn't be happier. The material feels very luxurious. Such a premium feel to it."
"Luxe Satin Sleep Mask | Bridal Beauty Rest Essential","James R.",5,"2026-01-20","Gorgeous! I ordered this for my bridal shower and couldn't be happier. Such a premium feel to it. I've recommended this shop to all my engaged friends."
"Luxe Satin Sleep Mask | Bridal Beauty Rest Essential","Kayla P.",5,"2026-03-28","Incredible! I ordered this for our rehearsal dinner and couldn't be happier. Everyone kept asking where I got this. It looks even better in person."
"Luxe Satin Sleep Mask | Bridal Beauty Rest Essential","Taylor F.",5,"2025-09-22","Amazing! I ordered this for our wedding day and couldn't be happier. Customer service was so helpful too. It looks even better in person."
"Luxe Satin Sleep Mask | Bridal Beauty Rest Essential","Natalie M.",4,"2026-04-18","Amazing! I ordered this for my fiance and couldn't be happier. The details are just immaculate. The quality is unmatched."
"Luxe Satin Sleep Mask | Bridal Beauty Rest Essential","Nicole K.",5,"2025-12-07","Absolutely stunning! I ordered this for my wedding and couldn't be happier. I will definitely be ordering again. The quality is unmatched."
"Luxe Satin Sleep Mask | Bridal Beauty Rest Essential","Christopher H.",4,"2026-01-03","Beyond expectations! I ordered this for our rehearsal dinner and couldn't be happier. Shipping was super fast and it was packaged perfectly. Such a premium feel to it."
"Luxe Satin Sleep Mask | Bridal Beauty Rest Essential","Alexis N.",5,"2025-07-04","Fantastic! I ordered this for my groomsmen and couldn't be happier. Such a premium feel to it. The details are just immaculate."
"Artisan Soy Candle | Hand-Poured Wedding Day Fragrance","Sophia K.",5,"2025-09-25","Flawless! I ordered this for my groomsmen and couldn't be happier. The quality is unmatched. Shipping was super fast and it was packaged perfectly."
"Artisan Soy Candle | Hand-Poured Wedding Day Fragrance","Daniel P.",5,"2026-01-29","So elegant! I ordered this for my bridal shower and couldn't be happier. The quality is unmatched. I will definitely be ordering again."
"Artisan Soy Candle | Hand-Poured Wedding Day Fragrance","Grace B.",5,"2025-07-13","Lovely! I ordered this for my bridesmaids and couldn't be happier. It added the perfect touch to our special day. Everyone kept asking where I got this."
"Artisan Soy Candle | Hand-Poured Wedding Day Fragrance","Mia L.",5,"2025-10-23","Premium quality! I ordered this for my bridal party and couldn't be happier. I will definitely be ordering again. I'm so happy with how this turned out."
"Artisan Soy Candle | Hand-Poured Wedding Day Fragrance","William L.",5,"2026-01-30","So elegant! I ordered this for a gift and couldn't be happier. I will definitely be ordering again. It looks even better in person."
"Artisan Soy Candle | Hand-Poured Wedding Day Fragrance","Ava S.",5,"2025-06-03","So elegant! I ordered this for my bridesmaids and couldn't be happier. Everyone kept asking where I got this. Shipping was super fast and it was packaged perfectly."
"Artisan Soy Candle | Hand-Poured Wedding Day Fragrance","Amanda C.",5,"2026-02-02","Amazing! I ordered this for my bridal shower and couldn't be happier. I've recommended this shop to all my engaged friends. The quality is unmatched."
"Artisan Soy Candle | Hand-Poured Wedding Day Fragrance","Chloe E.",5,"2026-05-16","Perfect! I ordered this for my wedding and couldn't be happier. It added the perfect touch to our special day. This was my favorite purchase for the wedding."
"Artisan Soy Candle | Hand-Poured Wedding Day Fragrance","Emily R.",5,"2026-01-26","Flawless! I ordered this for my wedding and couldn't be happier. The details are just immaculate. This was my favorite purchase for the wedding."
"Artisan Soy Candle | Hand-Poured Wedding Day Fragrance","Hannah G.",4,"2025-07-17","Flawless! I ordered this for my bachelorette party and couldn't be happier. I've recommended this shop to all my engaged friends. The material feels very luxurious."
"Artisan Soy Candle | Hand-Poured Wedding Day Fragrance","Lauren H.",5,"2025-07-02","So elegant! I ordered this for a gift and couldn't be happier. The customization was exactly as I requested. Shipping was super fast and it was packaged perfectly."
"Artisan Soy Candle | Hand-Poured Wedding Day Fragrance","John C.",5,"2025-08-14","Absolutely stunning! I ordered this for my bridal party and couldn't be happier. Customer service was so helpful too. This was my favorite purchase for the wedding."
"Artisan Soy Candle | Hand-Poured Wedding Day Fragrance","Robert S.",5,"2025-10-17","Lovely! I ordered this for a gift and couldn't be happier. The details are just immaculate. It added the perfect touch to our special day."
"Artisan Soy Candle | Hand-Poured Wedding Day Fragrance","Grace B.",5,"2025-10-30","Amazing! I ordered this for my fiance and couldn't be happier. Such a premium feel to it. I'm so happy with how this turned out."
"Artisan Soy Candle | Hand-Poured Wedding Day Fragrance","Joseph D.",5,"2026-05-03","Beautiful! I ordered this for my groomsmen and couldn't be happier. Shipping was super fast and it was packaged perfectly. I will definitely be ordering again."
"Artisan Soy Candle | Hand-Poured Wedding Day Fragrance","Charlotte R.",5,"2025-08-23","Breathtaking! I ordered this for the big day and couldn't be happier. Shipping was super fast and it was packaged perfectly. This was my favorite purchase for the wedding."
"Artisan Soy Candle | Hand-Poured Wedding Day Fragrance","Megan S.",5,"2026-05-05","Gorgeous! I ordered this for my wedding and couldn't be happier. This was my favorite purchase for the wedding. I'm so happy with how this turned out."
"Artisan Soy Candle | Hand-Poured Wedding Day Fragrance","Alexis N.",5,"2026-02-08","Breathtaking! I ordered this for my bachelorette party and couldn't be happier. The details are just immaculate. It added the perfect touch to our special day."
"Artisan Soy Candle | Hand-Poured Wedding Day Fragrance","Kayla P.",5,"2025-11-28","Perfect! I ordered this for my bridal shower and couldn't be happier. I will definitely be ordering again. It looks even better in person."
"Artisan Soy Candle | Hand-Poured Wedding Day Fragrance","David M.",4,"2025-09-19","Breathtaking! I ordered this for my bridesmaids and couldn't be happier. It looks even better in person. The quality is unmatched."
"Heirloom Satin Scrunchie Set | Bridal Party Hair Accessory Trio","Grace B.",5,"2025-05-28","Breathtaking! I ordered this for my bridal party and couldn't be happier. It added the perfect touch to our special day. The material feels very luxurious."
"Heirloom Satin Scrunchie Set | Bridal Party Hair Accessory Trio","Matthew B.",5,"2026-01-28","Beautiful! I ordered this for my bridesmaids and couldn't be happier. It looks even better in person. The quality is unmatched."
"Heirloom Satin Scrunchie Set | Bridal Party Hair Accessory Trio","Charlotte R.",5,"2026-01-18","Gorgeous! I ordered this for a gift and couldn't be happier. I will definitely be ordering again. It added the perfect touch to our special day."
"Heirloom Satin Scrunchie Set | Bridal Party Hair Accessory Trio","Natalie M.",5,"2025-08-20","High quality! I ordered this for our rehearsal dinner and couldn't be happier. I've recommended this shop to all my engaged friends. I'm so happy with how this turned out."
"Heirloom Satin Scrunchie Set | Bridal Party Hair Accessory Trio","Ava S.",5,"2026-03-23","High quality! I ordered this for my bridesmaids and couldn't be happier. The quality is unmatched. It looks even better in person."
"Heirloom Satin Scrunchie Set | Bridal Party Hair Accessory Trio","Natalie M.",5,"2026-05-02","Lovely! I ordered this for my bridesmaids and couldn't be happier. It added the perfect touch to our special day. The details are just immaculate."
"Heirloom Satin Scrunchie Set | Bridal Party Hair Accessory Trio","Samantha W.",5,"2025-09-03","Gorgeous! I ordered this for my fiance and couldn't be happier. The quality is unmatched. The material feels very luxurious."
"Heirloom Satin Scrunchie Set | Bridal Party Hair Accessory Trio","Sophia K.",5,"2026-04-20","Lovely! I ordered this for my fiance and couldn't be happier. It looks even better in person. I'm so happy with how this turned out."
"Heirloom Satin Scrunchie Set | Bridal Party Hair Accessory Trio","Rachel D.",5,"2025-09-08","So elegant! I ordered this for my bridesmaids and couldn't be happier. It added the perfect touch to our special day. Such a premium feel to it."
"Heirloom Satin Scrunchie Set | Bridal Party Hair Accessory Trio","Samantha W.",4,"2026-04-27","Breathtaking! I ordered this for my bridesmaids and couldn't be happier. Shipping was super fast and it was packaged perfectly. Customer service was so helpful too."
"Heirloom Satin Scrunchie Set | Bridal Party Hair Accessory Trio","Victoria J.",5,"2025-06-21","Amazing! I ordered this for my groomsmen and couldn't be happier. It added the perfect touch to our special day. It looks even better in person."
"Heirloom Satin Scrunchie Set | Bridal Party Hair Accessory Trio","Emily R.",5,"2025-11-21","High quality! I ordered this for my bachelorette party and couldn't be happier. This was my favorite purchase for the wedding. The details are just immaculate."
"Heirloom Satin Scrunchie Set | Bridal Party Hair Accessory Trio","Hannah G.",5,"2025-09-10","High quality! I ordered this for my fiance and couldn't be happier. Everyone kept asking where I got this. This was my favorite purchase for the wedding."
"Heirloom Satin Scrunchie Set | Bridal Party Hair Accessory Trio","Amanda C.",5,"2025-09-26","Absolutely stunning! I ordered this for a gift and couldn't be happier. Shipping was super fast and it was packaged perfectly. Customer service was so helpful too."
"Heirloom Satin Scrunchie Set | Bridal Party Hair Accessory Trio","Emma T.",5,"2026-03-09","Premium quality! I ordered this for our wedding day and couldn't be happier. I will definitely be ordering again. Shipping was super fast and it was packaged perfectly."
"Heirloom Satin Scrunchie Set | Bridal Party Hair Accessory Trio","Elizabeth V.",5,"2025-05-29","High quality! I ordered this for a gift and couldn't be happier. I will definitely be ordering again. Customer service was so helpful too."
"Heirloom Satin Scrunchie Set | Bridal Party Hair Accessory Trio","Amanda C.",5,"2026-05-01","Beyond expectations! I ordered this for our rehearsal dinner and couldn't be happier. The material feels very luxurious. It looks even better in person."
"Heirloom Satin Scrunchie Set | Bridal Party Hair Accessory Trio","Amanda C.",5,"2025-08-20","Lovely! I ordered this for our wedding day and couldn't be happier. The quality is unmatched. Such a premium feel to it."
"Heirloom Satin Scrunchie Set | Bridal Party Hair Accessory Trio","Chloe E.",5,"2026-05-05","So elegant! I ordered this for the big day and couldn't be happier. Shipping was super fast and it was packaged perfectly. The quality is unmatched."
"Heirloom Satin Scrunchie Set | Bridal Party Hair Accessory Trio","Hannah G.",4,"2026-02-12","Lovely! I ordered this for my fiance and couldn't be happier. The details are just immaculate. The material feels very luxurious."
"Custom Bridesmaid Box","John C.",5,"2026-04-07","Amazing! I ordered this for a gift and couldn't be happier. It looks even better in person. Customer service was so helpful too."
"Custom Bridesmaid Box","Emma T.",5,"2026-02-20","Lovely! I ordered this for the big day and couldn't be happier. I will definitely be ordering again. It added the perfect touch to our special day."
"Custom Bridesmaid Box","Emma T.",4,"2025-06-11","Lovely! I ordered this for my bridal party and couldn't be happier. I'm so happy with how this turned out. The customization was exactly as I requested."
"Custom Bridesmaid Box","James R.",4,"2026-04-09","Breathtaking! I ordered this for my bachelorette party and couldn't be happier. Everyone kept asking where I got this. This was my favorite purchase for the wedding."
"Custom Bridesmaid Box","Hannah G.",4,"2026-04-01","Premium quality! I ordered this for my groomsmen and couldn't be happier. The quality is unmatched. I've recommended this shop to all my engaged friends."
"Custom Bridesmaid Box","Emma T.",5,"2026-03-30","Beyond expectations! I ordered this for our wedding day and couldn't be happier. I will definitely be ordering again. The details are just immaculate."
"Custom Bridesmaid Box","Sarah M.",5,"2025-12-17","Amazing! I ordered this for my groomsmen and couldn't be happier. The material feels very luxurious. Such a premium feel to it."
"Custom Bridesmaid Box","Sydney C.",4,"2025-10-26","High quality! I ordered this for my bridal party and couldn't be happier. Customer service was so helpful too. The customization was exactly as I requested."
"Custom Bridesmaid Box","John C.",5,"2026-04-18","Beyond expectations! I ordered this for my bridal party and couldn't be happier. I will definitely be ordering again. I'm so happy with how this turned out."
"Custom Bridesmaid Box","Emily R.",5,"2026-03-05","Incredible! I ordered this for our wedding day and couldn't be happier. Customer service was so helpful too. The customization was exactly as I requested."
"Custom Bridesmaid Box","Hannah G.",4,"2026-04-25","Absolutely stunning! I ordered this for a gift and couldn't be happier. The quality is unmatched. The material feels very luxurious."
"Custom Bridesmaid Box","Sarah M.",5,"2026-01-21","Breathtaking! I ordered this for my bridal party and couldn't be happier. It looks even better in person. It added the perfect touch to our special day."
"Custom Bridesmaid Box","Lauren H.",5,"2025-06-21","Fantastic! I ordered this for our wedding day and couldn't be happier. The material feels very luxurious. The details are just immaculate."
"Custom Bridesmaid Box","Elizabeth V.",4,"2025-08-03","Absolutely stunning! I ordered this for my fiance and couldn't be happier. The customization was exactly as I requested. Customer service was so helpful too."
"Custom Bridesmaid Box","John C.",5,"2025-12-24","Flawless! I ordered this for my fiance and couldn't be happier. I'm so happy with how this turned out. The details are just immaculate."
"Custom Bridesmaid Box","Sydney C.",5,"2026-03-24","Beyond expectations! I ordered this for my bridesmaids and couldn't be happier. Everyone kept asking where I got this. It looks even better in person."
"Custom Bridesmaid Box","Samantha W.",5,"2026-01-29","Flawless! I ordered this for my groomsmen and couldn't be happier. Shipping was super fast and it was packaged perfectly. I'm so happy with how this turned out."
"Custom Bridesmaid Box","Elizabeth V.",5,"2026-02-21","Gorgeous! I ordered this for my fiance and couldn't be happier. I'm so happy with how this turned out. It looks even better in person."
"Custom Bridesmaid Box","Megan S.",5,"2025-06-19","Lovely! I ordered this for our wedding day and couldn't be happier. I've recommended this shop to all my engaged friends. I will definitely be ordering again."
"Custom Bridesmaid Box","Joseph D.",5,"2025-12-17","Absolutely stunning! I ordered this for our rehearsal dinner and couldn't be happier. It looks even better in person. I'm so happy with how this turned out."
"Bespoke Digital Wedding Invitation Suite","Elizabeth V.",5,"2025-10-05","Beyond expectations! I ordered this for my fiance and couldn't be happier. Everyone kept asking where I got this. Shipping was super fast and it was packaged perfectly."
"Bespoke Digital Wedding Invitation Suite","Victoria J.",5,"2026-04-14","Incredible! I ordered this for our rehearsal dinner and couldn't be happier. It looks even better in person. Customer service was so helpful too."
"Bespoke Digital Wedding Invitation Suite","Charlotte R.",5,"2025-11-26","High quality! I ordered this for our wedding day and couldn't be happier. The material feels very luxurious. It looks even better in person."
"Bespoke Digital Wedding Invitation Suite","Rachel D.",5,"2026-05-02","Premium quality! I ordered this for the big day and couldn't be happier. Such a premium feel to it. The details are just immaculate."
"Bespoke Digital Wedding Invitation Suite","Michael T.",5,"2026-01-16","Premium quality! I ordered this for the big day and couldn't be happier. The customization was exactly as I requested. I've recommended this shop to all my engaged friends."
"Bespoke Digital Wedding Invitation Suite","William L.",5,"2025-08-12","Premium quality! I ordered this for my bachelorette party and couldn't be happier. The customization was exactly as I requested. Shipping was super fast and it was packaged perfectly."
"Bespoke Digital Wedding Invitation Suite","Christopher H.",5,"2025-07-19","Breathtaking! I ordered this for my bridesmaids and couldn't be happier. The material feels very luxurious. Customer service was so helpful too."
"Bespoke Digital Wedding Invitation Suite","Ashley B.",4,"2026-03-10","Gorgeous! I ordered this for my bachelorette party and couldn't be happier. Such a premium feel to it. It looks even better in person."
"Bespoke Digital Wedding Invitation Suite","Grace B.",5,"2025-12-10","Breathtaking! I ordered this for my bachelorette party and couldn't be happier. Everyone kept asking where I got this. This was my favorite purchase for the wedding."
"Bespoke Digital Wedding Invitation Suite","Emily R.",5,"2025-08-13","Breathtaking! I ordered this for my bridal shower and couldn't be happier. The customization was exactly as I requested. I will definitely be ordering again."
"Bespoke Digital Wedding Invitation Suite","James R.",4,"2025-12-16","Breathtaking! I ordered this for my bridal shower and couldn't be happier. The details are just immaculate. It added the perfect touch to our special day."
"Bespoke Digital Wedding Invitation Suite","Hannah G.",5,"2025-10-20","Gorgeous! I ordered this for the big day and couldn't be happier. Everyone kept asking where I got this. The details are just immaculate."
"Bespoke Digital Wedding Invitation Suite","Ava S.",5,"2025-12-11","Absolutely stunning! I ordered this for my wedding and couldn't be happier. Everyone kept asking where I got this. The quality is unmatched."
"Bespoke Digital Wedding Invitation Suite","Sarah M.",5,"2025-08-31","Absolutely stunning! I ordered this for our rehearsal dinner and couldn't be happier. This was my favorite purchase for the wedding. The quality is unmatched."
"Bespoke Digital Wedding Invitation Suite","Sydney C.",5,"2026-02-28","Incredible! I ordered this for my groomsmen and couldn't be happier. This was my favorite purchase for the wedding. Customer service was so helpful too."
"Bespoke Digital Wedding Invitation Suite","Sophia K.",5,"2025-12-05","Beyond expectations! I ordered this for my wedding and couldn't be happier. The material feels very luxurious. I've recommended this shop to all my engaged friends."
"Bespoke Digital Wedding Invitation Suite","Abigail P.",5,"2026-03-12","Fantastic! I ordered this for my wedding and couldn't be happier. Customer service was so helpful too. The quality is unmatched."
"Bespoke Digital Wedding Invitation Suite","Rachel D.",5,"2026-04-19","Beyond expectations! I ordered this for my groomsmen and couldn't be happier. Such a premium feel to it. It looks even better in person."
"Bespoke Digital Wedding Invitation Suite","Daniel P.",5,"2025-06-19","Premium quality! I ordered this for my bridal party and couldn't be happier. This was my favorite purchase for the wedding. Customer service was so helpful too."
"Bespoke Digital Wedding Invitation Suite","Christopher H.",5,"2025-08-26","Gorgeous! I ordered this for my bridal shower and couldn't be happier. The customization was exactly as I requested. Shipping was super fast and it was packaged perfectly."
"Bespoke Engraved Cufflinks | Personalized Groomsmen & Groom Gift","Emily R.",5,"2025-08-07","Amazing! I ordered this for my fiance and couldn't be happier. It added the perfect touch to our special day. Shipping was super fast and it was packaged perfectly."
"Bespoke Engraved Cufflinks | Personalized Groomsmen & Groom Gift","Lauren H.",5,"2025-10-01","High quality! I ordered this for my bachelorette party and couldn't be happier. It added the perfect touch to our special day. Everyone kept asking where I got this."
"Bespoke Engraved Cufflinks | Personalized Groomsmen & Groom Gift","Matthew B.",5,"2025-10-27","High quality! I ordered this for my groomsmen and couldn't be happier. I'm so happy with how this turned out. The customization was exactly as I requested."
"Bespoke Engraved Cufflinks | Personalized Groomsmen & Groom Gift","Mia L.",5,"2025-06-24","Exquisite! I ordered this for the big day and couldn't be happier. The customization was exactly as I requested. Everyone kept asking where I got this."
"Bespoke Engraved Cufflinks | Personalized Groomsmen & Groom Gift","Amanda C.",5,"2025-12-30","Exquisite! I ordered this for a gift and couldn't be happier. The quality is unmatched. It added the perfect touch to our special day."
"Bespoke Engraved Cufflinks | Personalized Groomsmen & Groom Gift","Ashley B.",5,"2026-01-24","Exquisite! I ordered this for our wedding day and couldn't be happier. I will definitely be ordering again. Shipping was super fast and it was packaged perfectly."
"Bespoke Engraved Cufflinks | Personalized Groomsmen & Groom Gift","Natalie M.",5,"2025-10-29","High quality! I ordered this for our rehearsal dinner and couldn't be happier. I've recommended this shop to all my engaged friends. Such a premium feel to it."
"Bespoke Engraved Cufflinks | Personalized Groomsmen & Groom Gift","Matthew B.",5,"2025-11-10","Incredible! I ordered this for the big day and couldn't be happier. The quality is unmatched. Shipping was super fast and it was packaged perfectly."
"Bespoke Engraved Cufflinks | Personalized Groomsmen & Groom Gift","William L.",4,"2026-04-17","Gorgeous! I ordered this for our rehearsal dinner and couldn't be happier. Such a premium feel to it. It added the perfect touch to our special day."
"Bespoke Engraved Cufflinks | Personalized Groomsmen & Groom Gift","Chloe E.",5,"2025-10-16","Beautiful! I ordered this for my bachelorette party and couldn't be happier. I will definitely be ordering again. The quality is unmatched."
"Bespoke Engraved Cufflinks | Personalized Groomsmen & Groom Gift","Amanda C.",5,"2026-05-11","Amazing! I ordered this for my bridal shower and couldn't be happier. The customization was exactly as I requested. The details are just immaculate."
"Bespoke Engraved Cufflinks | Personalized Groomsmen & Groom Gift","Victoria J.",5,"2026-04-03","So elegant! I ordered this for my bridal shower and couldn't be happier. I'm so happy with how this turned out. I've recommended this shop to all my engaged friends."
"Bespoke Engraved Cufflinks | Personalized Groomsmen & Groom Gift","Alexis N.",5,"2026-03-29","Incredible! I ordered this for my bridesmaids and couldn't be happier. The customization was exactly as I requested. I've recommended this shop to all my engaged friends."
"Bespoke Engraved Cufflinks | Personalized Groomsmen & Groom Gift","Michael T.",5,"2025-10-05","Perfect! I ordered this for our rehearsal dinner and couldn't be happier. Customer service was so helpful too. Everyone kept asking where I got this."
"Bespoke Engraved Cufflinks | Personalized Groomsmen & Groom Gift","Lauren H.",5,"2026-04-12","Premium quality! I ordered this for my fiance and couldn't be happier. Everyone kept asking where I got this. The details are just immaculate."
"Bespoke Engraved Cufflinks | Personalized Groomsmen & Groom Gift","Megan S.",4,"2026-04-03","Beyond expectations! I ordered this for the big day and couldn't be happier. The quality is unmatched. I will definitely be ordering again."
"Bespoke Engraved Cufflinks | Personalized Groomsmen & Groom Gift","Mia L.",5,"2025-09-30","Amazing! I ordered this for our wedding day and couldn't be happier. The details are just immaculate. It looks even better in person."
"Bespoke Engraved Cufflinks | Personalized Groomsmen & Groom Gift","Robert S.",5,"2026-02-28","Fantastic! I ordered this for my bridal party and couldn't be happier. It looks even better in person. Customer service was so helpful too."
"Bespoke Engraved Cufflinks | Personalized Groomsmen & Groom Gift","Natalie M.",5,"2026-02-14","Fantastic! I ordered this for the big day and couldn't be happier. I'm so happy with how this turned out. Everyone kept asking where I got this."
"Bespoke Engraved Cufflinks | Personalized Groomsmen & Groom Gift","Hannah G.",5,"2026-02-20","Lovely! I ordered this for our wedding day and couldn't be happier. The material feels very luxurious. It looks even better in person."
"Custom Wedding Matchboxes | Gold Foil ""The Perfect Match"" Favors","Abigail P.",5,"2026-01-17","Exquisite! I ordered this for the big day and couldn't be happier. Such a premium feel to it. Customer service was so helpful too."
"Custom Wedding Matchboxes | Gold Foil ""The Perfect Match"" Favors","Rachel D.",5,"2025-09-20","Perfect! I ordered this for our wedding day and couldn't be happier. I've recommended this shop to all my engaged friends. The details are just immaculate."
"Custom Wedding Matchboxes | Gold Foil ""The Perfect Match"" Favors","William L.",5,"2025-11-13","Exquisite! I ordered this for my bridesmaids and couldn't be happier. The details are just immaculate. It added the perfect touch to our special day."
"Custom Wedding Matchboxes | Gold Foil ""The Perfect Match"" Favors","Michael T.",5,"2025-08-11","Fantastic! I ordered this for my groomsmen and couldn't be happier. It added the perfect touch to our special day. Shipping was super fast and it was packaged perfectly."
"Custom Wedding Matchboxes | Gold Foil ""The Perfect Match"" Favors","Rachel D.",5,"2025-11-26","Fantastic! I ordered this for my bachelorette party and couldn't be happier. I will definitely be ordering again. It looks even better in person."
"Custom Wedding Matchboxes | Gold Foil ""The Perfect Match"" Favors","Sarah M.",5,"2026-05-04","Breathtaking! I ordered this for the big day and couldn't be happier. This was my favorite purchase for the wedding. The details are just immaculate."
"Custom Wedding Matchboxes | Gold Foil ""The Perfect Match"" Favors","Brittany L.",5,"2025-12-25","So elegant! I ordered this for my bridal shower and couldn't be happier. I've recommended this shop to all my engaged friends. The material feels very luxurious."
"Custom Wedding Matchboxes | Gold Foil ""The Perfect Match"" Favors","Rachel D.",4,"2026-03-06","Incredible! I ordered this for my bridal party and couldn't be happier. It added the perfect touch to our special day. Shipping was super fast and it was packaged perfectly."
"Custom Wedding Matchboxes | Gold Foil ""The Perfect Match"" Favors","Robert S.",5,"2026-02-04","Fantastic! I ordered this for my bridesmaids and couldn't be happier. The details are just immaculate. I will definitely be ordering again."
"Custom Wedding Matchboxes | Gold Foil ""The Perfect Match"" Favors","Joseph D.",5,"2025-08-01","Lovely! I ordered this for my wedding and couldn't be happier. The quality is unmatched. Such a premium feel to it."
"Custom Wedding Matchboxes | Gold Foil ""The Perfect Match"" Favors","Victoria J.",5,"2025-07-18","Beyond expectations! I ordered this for our wedding day and couldn't be happier. Customer service was so helpful too. The customization was exactly as I requested."
"Custom Wedding Matchboxes | Gold Foil ""The Perfect Match"" Favors","Chloe E.",4,"2025-11-22","Perfect! I ordered this for our rehearsal dinner and couldn't be happier. The quality is unmatched. It looks even better in person."
"Custom Wedding Matchboxes | Gold Foil ""The Perfect Match"" Favors","Charlotte R.",5,"2025-08-15","Fantastic! I ordered this for my bridal party and couldn't be happier. Customer service was so helpful too. Shipping was super fast and it was packaged perfectly."
"Custom Wedding Matchboxes | Gold Foil ""The Perfect Match"" Favors","James R.",5,"2025-06-30","Lovely! I ordered this for my bachelorette party and couldn't be happier. Customer service was so helpful too. It looks even better in person."
"Custom Wedding Matchboxes | Gold Foil ""The Perfect Match"" Favors","Mia L.",5,"2026-01-05","Beautiful! I ordered this for my bridal party and couldn't be happier. The quality is unmatched. Shipping was super fast and it was packaged perfectly."
"Custom Wedding Matchboxes | Gold Foil ""The Perfect Match"" Favors","Sophia K.",4,"2026-01-30","High quality! I ordered this for my bridesmaids and couldn't be happier. This was my favorite purchase for the wedding. Everyone kept asking where I got this."
"Custom Wedding Matchboxes | Gold Foil ""The Perfect Match"" Favors","Isabella G.",5,"2025-09-23","Amazing! I ordered this for the big day and couldn't be happier. The details are just immaculate. I will definitely be ordering again."
"Custom Wedding Matchboxes | Gold Foil ""The Perfect Match"" Favors","Mia L.",5,"2026-02-15","High quality! I ordered this for our wedding day and couldn't be happier. The customization was exactly as I requested. It looks even better in person."
"Custom Wedding Matchboxes | Gold Foil ""The Perfect Match"" Favors","Hannah G.",4,"2025-11-09","So elegant! I ordered this for my bridal party and couldn't be happier. Everyone kept asking where I got this. The material feels very luxurious."
"Custom Wedding Matchboxes | Gold Foil ""The Perfect Match"" Favors","Rachel D.",4,"2025-06-21","Lovely! I ordered this for my groomsmen and couldn't be happier. It looks even better in person. The material feels very luxurious."
"Luxury Linen Wedding Planner Binder | Gold Foil Keepsake Organizer","Ashley B.",5,"2025-05-25","Fantastic! I ordered this for the big day and couldn't be happier. The details are just immaculate. It added the perfect touch to our special day."
"Luxury Linen Wedding Planner Binder | Gold Foil Keepsake Organizer","Ava S.",5,"2025-08-21","Beautiful! I ordered this for my bridal shower and couldn't be happier. The customization was exactly as I requested. The material feels very luxurious."
"Luxury Linen Wedding Planner Binder | Gold Foil Keepsake Organizer","Megan S.",5,"2026-01-15","Flawless! I ordered this for our wedding day and couldn't be happier. It added the perfect touch to our special day. The customization was exactly as I requested."
"Luxury Linen Wedding Planner Binder | Gold Foil Keepsake Organizer","Nicole K.",4,"2026-04-06","Lovely! I ordered this for the big day and couldn't be happier. Such a premium feel to it. I'm so happy with how this turned out."
"Luxury Linen Wedding Planner Binder | Gold Foil Keepsake Organizer","William L.",5,"2025-10-17","Breathtaking! I ordered this for a gift and couldn't be happier. The material feels very luxurious. Shipping was super fast and it was packaged perfectly."
"Luxury Linen Wedding Planner Binder | Gold Foil Keepsake Organizer","Charlotte R.",5,"2025-11-02","Breathtaking! I ordered this for my wedding and couldn't be happier. The material feels very luxurious. I've recommended this shop to all my engaged friends."
"Luxury Linen Wedding Planner Binder | Gold Foil Keepsake Organizer","Hannah G.",5,"2025-06-13","Flawless! I ordered this for the big day and couldn't be happier. It added the perfect touch to our special day. The details are just immaculate."
"Luxury Linen Wedding Planner Binder | Gold Foil Keepsake Organizer","Alexis N.",5,"2025-11-03","Amazing! I ordered this for my wedding and couldn't be happier. I'm so happy with how this turned out. This was my favorite purchase for the wedding."
"Luxury Linen Wedding Planner Binder | Gold Foil Keepsake Organizer","Mia L.",4,"2025-07-13","Gorgeous! I ordered this for my fiance and couldn't be happier. Such a premium feel to it. The material feels very luxurious."
"Luxury Linen Wedding Planner Binder | Gold Foil Keepsake Organizer","Grace B.",5,"2025-11-24","Perfect! I ordered this for my bridal shower and couldn't be happier. It added the perfect touch to our special day. Everyone kept asking where I got this."
"Luxury Linen Wedding Planner Binder | Gold Foil Keepsake Organizer","Michael T.",5,"2026-04-09","Incredible! I ordered this for our wedding day and couldn't be happier. It looks even better in person. Shipping was super fast and it was packaged perfectly."
"Luxury Linen Wedding Planner Binder | Gold Foil Keepsake Organizer","David M.",5,"2026-04-19","Lovely! I ordered this for the big day and couldn't be happier. It looks even better in person. Customer service was so helpful too."
"Luxury Linen Wedding Planner Binder | Gold Foil Keepsake Organizer","Rachel D.",5,"2026-05-16","Fantastic! I ordered this for my bridesmaids and couldn't be happier. Everyone kept asking where I got this. It added the perfect touch to our special day."
"Luxury Linen Wedding Planner Binder | Gold Foil Keepsake Organizer","Victoria J.",5,"2025-12-15","Lovely! I ordered this for a gift and couldn't be happier. It looks even better in person. The details are just immaculate."
"Luxury Linen Wedding Planner Binder | Gold Foil Keepsake Organizer","Mia L.",5,"2026-01-12","Gorgeous! I ordered this for the big day and couldn't be happier. It looks even better in person. Shipping was super fast and it was packaged perfectly."
"Luxury Linen Wedding Planner Binder | Gold Foil Keepsake Organizer","Megan S.",5,"2025-09-29","Gorgeous! I ordered this for my bridal party and couldn't be happier. This was my favorite purchase for the wedding. Customer service was so helpful too."
"Luxury Linen Wedding Planner Binder | Gold Foil Keepsake Organizer","Ava S.",4,"2025-06-22","Lovely! I ordered this for my bridal shower and couldn't be happier. I've recommended this shop to all my engaged friends. The details are just immaculate."
"Luxury Linen Wedding Planner Binder | Gold Foil Keepsake Organizer","Madison A.",5,"2025-06-22","Flawless! I ordered this for our wedding day and couldn't be happier. The details are just immaculate. The customization was exactly as I requested."
"Luxury Linen Wedding Planner Binder | Gold Foil Keepsake Organizer","Olivia H.",4,"2026-01-28","Gorgeous! I ordered this for my bridesmaids and couldn't be happier. I will definitely be ordering again. I've recommended this shop to all my engaged friends."
"Luxury Linen Wedding Planner Binder | Gold Foil Keepsake Organizer","Michael T.",4,"2025-12-11","High quality! I ordered this for my bridesmaids and couldn't be happier. This was my favorite purchase for the wedding. The customization was exactly as I requested."
"Bespoke ""Wedding Day"" Scented Soy Candle Collection","Robert S.",5,"2025-05-25","Beautiful! I ordered this for my bridal shower and couldn't be happier. I'm so happy with how this turned out. The quality is unmatched."
"Bespoke ""Wedding Day"" Scented Soy Candle Collection","Hannah G.",5,"2025-06-07","Beyond expectations! I ordered this for my wedding and couldn't be happier. I will definitely be ordering again. Such a premium feel to it."
"Bespoke ""Wedding Day"" Scented Soy Candle Collection","Elizabeth V.",4,"2025-11-19","Absolutely stunning! I ordered this for my groomsmen and couldn't be happier. I've recommended this shop to all my engaged friends. The details are just immaculate."
"Bespoke ""Wedding Day"" Scented Soy Candle Collection","Taylor F.",5,"2025-06-20","Beautiful! I ordered this for a gift and couldn't be happier. I've recommended this shop to all my engaged friends. Shipping was super fast and it was packaged perfectly."
"Bespoke ""Wedding Day"" Scented Soy Candle Collection","Jessica T.",5,"2025-05-20","Fantastic! I ordered this for our wedding day and couldn't be happier. The material feels very luxurious. Such a premium feel to it."
"Bespoke ""Wedding Day"" Scented Soy Candle Collection","John C.",5,"2026-05-12","So elegant! I ordered this for our rehearsal dinner and couldn't be happier. I will definitely be ordering again. This was my favorite purchase for the wedding."
"Bespoke ""Wedding Day"" Scented Soy Candle Collection","Megan S.",5,"2025-06-07","Incredible! I ordered this for my bridal party and couldn't be happier. I'm so happy with how this turned out. I've recommended this shop to all my engaged friends."
"Bespoke ""Wedding Day"" Scented Soy Candle Collection","Victoria J.",5,"2025-06-21","Beyond expectations! I ordered this for my wedding and couldn't be happier. Everyone kept asking where I got this. This was my favorite purchase for the wedding."
"Bespoke ""Wedding Day"" Scented Soy Candle Collection","Mia L.",5,"2026-02-21","Lovely! I ordered this for my bachelorette party and couldn't be happier. I will definitely be ordering again. Customer service was so helpful too."
"Bespoke ""Wedding Day"" Scented Soy Candle Collection","Kayla P.",5,"2025-05-31","So elegant! I ordered this for our rehearsal dinner and couldn't be happier. I'm so happy with how this turned out. The customization was exactly as I requested."
"Bespoke ""Wedding Day"" Scented Soy Candle Collection","Sarah M.",5,"2026-03-08","Breathtaking! I ordered this for my fiance and couldn't be happier. The details are just immaculate. It looks even better in person."
"Bespoke ""Wedding Day"" Scented Soy Candle Collection","Rachel D.",5,"2026-01-06","Fantastic! I ordered this for our wedding day and couldn't be happier. The customization was exactly as I requested. Shipping was super fast and it was packaged perfectly."
"Bespoke ""Wedding Day"" Scented Soy Candle Collection","Emma T.",5,"2025-09-08","Exquisite! I ordered this for our wedding day and couldn't be happier. The quality is unmatched. Everyone kept asking where I got this."
"Bespoke ""Wedding Day"" Scented Soy Candle Collection","Samantha W.",5,"2026-04-18","Amazing! I ordered this for my bridal party and couldn't be happier. Everyone kept asking where I got this. I've recommended this shop to all my engaged friends."
"Bespoke ""Wedding Day"" Scented Soy Candle Collection","Natalie M.",5,"2025-05-19","Incredible! I ordered this for my bridesmaids and couldn't be happier. It looks even better in person. This was my favorite purchase for the wedding."
"Bespoke ""Wedding Day"" Scented Soy Candle Collection","Ava S.",4,"2025-12-26","Amazing! I ordered this for my bridal shower and couldn't be happier. Everyone kept asking where I got this. I'm so happy with how this turned out."
"Bespoke ""Wedding Day"" Scented Soy Candle Collection","Brittany L.",5,"2026-02-27","Premium quality! I ordered this for my wedding and couldn't be happier. I will definitely be ordering again. Customer service was so helpful too."
"Bespoke ""Wedding Day"" Scented Soy Candle Collection","Isabella G.",5,"2025-11-04","Perfect! I ordered this for my bridal shower and couldn't be happier. It looks even better in person. I will definitely be ordering again."
"Bespoke ""Wedding Day"" Scented Soy Candle Collection","Abigail P.",5,"2025-05-26","Beyond expectations! I ordered this for my wedding and couldn't be happier. The material feels very luxurious. It added the perfect touch to our special day."
"Bespoke ""Wedding Day"" Scented Soy Candle Collection","Hannah G.",5,"2026-02-06","Flawless! I ordered this for my bridal shower and couldn't be happier. The quality is unmatched. The material feels very luxurious."
"Custom Foil-Stamped Cocktail Napkins | Personalized Wedding Reception Napkins","Victoria J.",4,"2025-07-11","Breathtaking! I ordered this for my bridal shower and couldn't be happier. I've recommended this shop to all my engaged friends. I will definitely be ordering again."
"Custom Foil-Stamped Cocktail Napkins | Personalized Wedding Reception Napkins","Hannah G.",4,"2026-02-23","Beautiful! I ordered this for my groomsmen and couldn't be happier. Customer service was so helpful too. It added the perfect touch to our special day."
"Custom Foil-Stamped Cocktail Napkins | Personalized Wedding Reception Napkins","Matthew B.",5,"2026-04-23","Premium quality! I ordered this for our rehearsal dinner and couldn't be happier. Such a premium feel to it. Customer service was so helpful too."
"Custom Foil-Stamped Cocktail Napkins | Personalized Wedding Reception Napkins","Grace B.",5,"2025-12-08","Beyond expectations! I ordered this for our rehearsal dinner and couldn't be happier. I will definitely be ordering again. This was my favorite purchase for the wedding."
"Custom Foil-Stamped Cocktail Napkins | Personalized Wedding Reception Napkins","Rachel D.",5,"2025-11-24","Beyond expectations! I ordered this for my wedding and couldn't be happier. Customer service was so helpful too. Everyone kept asking where I got this."
"Custom Foil-Stamped Cocktail Napkins | Personalized Wedding Reception Napkins","Matthew B.",5,"2025-09-06","Beautiful! I ordered this for my groomsmen and couldn't be happier. I will definitely be ordering again. The customization was exactly as I requested."
"Custom Foil-Stamped Cocktail Napkins | Personalized Wedding Reception Napkins","William L.",5,"2025-09-15","Lovely! I ordered this for my bridesmaids and couldn't be happier. The details are just immaculate. Customer service was so helpful too."
"Custom Foil-Stamped Cocktail Napkins | Personalized Wedding Reception Napkins","Kayla P.",5,"2025-09-28","Lovely! I ordered this for my bridesmaids and couldn't be happier. Everyone kept asking where I got this. Customer service was so helpful too."
"Custom Foil-Stamped Cocktail Napkins | Personalized Wedding Reception Napkins","Ava S.",5,"2026-02-23","Incredible! I ordered this for my bachelorette party and couldn't be happier. It looks even better in person. This was my favorite purchase for the wedding."
"Custom Foil-Stamped Cocktail Napkins | Personalized Wedding Reception Napkins","Christopher H.",5,"2025-12-07","Absolutely stunning! I ordered this for our rehearsal dinner and couldn't be happier. Shipping was super fast and it was packaged perfectly. The material feels very luxurious."
"Custom Foil-Stamped Cocktail Napkins | Personalized Wedding Reception Napkins","Megan S.",5,"2026-03-28","Incredible! I ordered this for our rehearsal dinner and couldn't be happier. Everyone kept asking where I got this. Customer service was so helpful too."
"Custom Foil-Stamped Cocktail Napkins | Personalized Wedding Reception Napkins","Elizabeth V.",5,"2025-07-31","High quality! I ordered this for my bridal party and couldn't be happier. I'm so happy with how this turned out. The material feels very luxurious."
"Custom Foil-Stamped Cocktail Napkins | Personalized Wedding Reception Napkins","William L.",5,"2025-12-17","Perfect! I ordered this for my bridal party and couldn't be happier. I've recommended this shop to all my engaged friends. I'm so happy with how this turned out."
"Custom Foil-Stamped Cocktail Napkins | Personalized Wedding Reception Napkins","Emma T.",5,"2025-11-03","Breathtaking! I ordered this for my wedding and couldn't be happier. Such a premium feel to it. Shipping was super fast and it was packaged perfectly."
"Custom Foil-Stamped Cocktail Napkins | Personalized Wedding Reception Napkins","Lauren H.",5,"2025-11-04","High quality! I ordered this for our wedding day and couldn't be happier. Shipping was super fast and it was packaged perfectly. This was my favorite purchase for the wedding."
"Custom Foil-Stamped Cocktail Napkins | Personalized Wedding Reception Napkins","Madison A.",5,"2025-12-05","Beyond expectations! I ordered this for our rehearsal dinner and couldn't be happier. Such a premium feel to it. It added the perfect touch to our special day."
"Custom Foil-Stamped Cocktail Napkins | Personalized Wedding Reception Napkins","Jessica T.",5,"2025-06-06","Beautiful! I ordered this for my bachelorette party and couldn't be happier. I'm so happy with how this turned out. Shipping was super fast and it was packaged perfectly."
"Custom Foil-Stamped Cocktail Napkins | Personalized Wedding Reception Napkins","William L.",5,"2025-09-23","Premium quality! I ordered this for a gift and couldn't be happier. It looks even better in person. I will definitely be ordering again."
"Custom Foil-Stamped Cocktail Napkins | Personalized Wedding Reception Napkins","Christopher H.",5,"2026-05-11","So elegant! I ordered this for my bridal party and couldn't be happier. The details are just immaculate. I'm so happy with how this turned out."
"Custom Foil-Stamped Cocktail Napkins | Personalized Wedding Reception Napkins","Mia L.",5,"2025-09-10","Breathtaking! I ordered this for my bachelorette party and couldn't be happier. The material feels very luxurious. Shipping was super fast and it was packaged perfectly."
"""Cheers to the Mr & Mrs"" Gold-Rimmed Crystal Champagne Flute Set","Chloe E.",4,"2025-11-04","Amazing! I ordered this for my fiance and couldn't be happier. I will definitely be ordering again. I'm so happy with how this turned out."
"""Cheers to the Mr & Mrs"" Gold-Rimmed Crystal Champagne Flute Set","Madison A.",5,"2025-06-18","Fantastic! I ordered this for my bridal party and couldn't be happier. Customer service was so helpful too. The material feels very luxurious."
"""Cheers to the Mr & Mrs"" Gold-Rimmed Crystal Champagne Flute Set","Lauren H.",5,"2026-04-15","Flawless! I ordered this for my bachelorette party and couldn't be happier. Everyone kept asking where I got this. I'm so happy with how this turned out."
"""Cheers to the Mr & Mrs"" Gold-Rimmed Crystal Champagne Flute Set","Victoria J.",5,"2026-05-02","Perfect! I ordered this for our wedding day and couldn't be happier. Shipping was super fast and it was packaged perfectly. I've recommended this shop to all my engaged friends."
"""Cheers to the Mr & Mrs"" Gold-Rimmed Crystal Champagne Flute Set","Nicole K.",5,"2025-05-30","Perfect! I ordered this for my bridal shower and couldn't be happier. I will definitely be ordering again. It added the perfect touch to our special day."
"""Cheers to the Mr & Mrs"" Gold-Rimmed Crystal Champagne Flute Set","Samantha W.",5,"2025-12-07","Gorgeous! I ordered this for the big day and couldn't be happier. The material feels very luxurious. Customer service was so helpful too."
"""Cheers to the Mr & Mrs"" Gold-Rimmed Crystal Champagne Flute Set","Natalie M.",5,"2025-09-26","Fantastic! I ordered this for a gift and couldn't be happier. I've recommended this shop to all my engaged friends. Such a premium feel to it."
"""Cheers to the Mr & Mrs"" Gold-Rimmed Crystal Champagne Flute Set","Natalie M.",5,"2026-01-23","Incredible! I ordered this for my fiance and couldn't be happier. I've recommended this shop to all my engaged friends. The material feels very luxurious."
"""Cheers to the Mr & Mrs"" Gold-Rimmed Crystal Champagne Flute Set","Ashley B.",5,"2025-06-26","Perfect! I ordered this for my bridal shower and couldn't be happier. The material feels very luxurious. The customization was exactly as I requested."
"""Cheers to the Mr & Mrs"" Gold-Rimmed Crystal Champagne Flute Set","Daniel P.",5,"2026-05-08","Flawless! I ordered this for our rehearsal dinner and couldn't be happier. The details are just immaculate. Such a premium feel to it."
"""Cheers to the Mr & Mrs"" Gold-Rimmed Crystal Champagne Flute Set","Alexis N.",5,"2026-03-31","Perfect! I ordered this for my bridal shower and couldn't be happier. I will definitely be ordering again. I'm so happy with how this turned out."
"""Cheers to the Mr & Mrs"" Gold-Rimmed Crystal Champagne Flute Set","Christopher H.",5,"2025-07-01","So elegant! I ordered this for my bridal shower and couldn't be happier. The material feels very luxurious. The quality is unmatched."
"""Cheers to the Mr & Mrs"" Gold-Rimmed Crystal Champagne Flute Set","Robert S.",5,"2025-07-15","Exquisite! I ordered this for my bridesmaids and couldn't be happier. Shipping was super fast and it was packaged perfectly. Everyone kept asking where I got this."
"""Cheers to the Mr & Mrs"" Gold-Rimmed Crystal Champagne Flute Set","Sophia K.",5,"2026-01-26","Beyond expectations! I ordered this for our rehearsal dinner and couldn't be happier. It added the perfect touch to our special day. This was my favorite purchase for the wedding."
"""Cheers to the Mr & Mrs"" Gold-Rimmed Crystal Champagne Flute Set","Ashley B.",5,"2025-10-12","Beyond expectations! I ordered this for my bridesmaids and couldn't be happier. I will definitely be ordering again. It looks even better in person."
"""Cheers to the Mr & Mrs"" Gold-Rimmed Crystal Champagne Flute Set","William L.",5,"2025-10-07","Flawless! I ordered this for my bridal party and couldn't be happier. It added the perfect touch to our special day. I will definitely be ordering again."
"""Cheers to the Mr & Mrs"" Gold-Rimmed Crystal Champagne Flute Set","Lauren H.",5,"2026-02-11","Absolutely stunning! I ordered this for my groomsmen and couldn't be happier. I will definitely be ordering again. I've recommended this shop to all my engaged friends."
"""Cheers to the Mr & Mrs"" Gold-Rimmed Crystal Champagne Flute Set","Olivia H.",5,"2026-01-29","Exquisite! I ordered this for my fiance and couldn't be happier. Shipping was super fast and it was packaged perfectly. I've recommended this shop to all my engaged friends."
"""Cheers to the Mr & Mrs"" Gold-Rimmed Crystal Champagne Flute Set","Grace B.",5,"2026-05-04","Flawless! I ordered this for my fiance and couldn't be happier. I'm so happy with how this turned out. I will definitely be ordering again."
"""Cheers to the Mr & Mrs"" Gold-Rimmed Crystal Champagne Flute Set","Natalie M.",5,"2025-07-27","Incredible! I ordered this for the big day and couldn't be happier. Such a premium feel to it. It added the perfect touch to our special day."
"Bridesmaid Proposal Gift Box | ""Will You Be My Bridesmaid?"" Keepsake Set","James R.",5,"2026-02-12","Incredible! I ordered this for our wedding day and couldn't be happier. The material feels very luxurious. It looks even better in person."
"Bridesmaid Proposal Gift Box | ""Will You Be My Bridesmaid?"" Keepsake Set","Nicole K.",5,"2025-12-23","Fantastic! I ordered this for my bridesmaids and couldn't be happier. It added the perfect touch to our special day. I will definitely be ordering again."
"Bridesmaid Proposal Gift Box | ""Will You Be My Bridesmaid?"" Keepsake Set","Grace B.",5,"2025-08-20","Beautiful! I ordered this for my fiance and couldn't be happier. Such a premium feel to it. I will definitely be ordering again."
"Bridesmaid Proposal Gift Box | ""Will You Be My Bridesmaid?"" Keepsake Set","Ashley B.",5,"2025-12-04","Flawless! I ordered this for our wedding day and couldn't be happier. I'm so happy with how this turned out. The material feels very luxurious."
"Bridesmaid Proposal Gift Box | ""Will You Be My Bridesmaid?"" Keepsake Set","Charlotte R.",5,"2026-03-02","Beautiful! I ordered this for my bridal party and couldn't be happier. I will definitely be ordering again. Customer service was so helpful too."
"Bridesmaid Proposal Gift Box | ""Will You Be My Bridesmaid?"" Keepsake Set","Chloe E.",5,"2025-10-10","Fantastic! I ordered this for our rehearsal dinner and couldn't be happier. It added the perfect touch to our special day. I'm so happy with how this turned out."
"Bridesmaid Proposal Gift Box | ""Will You Be My Bridesmaid?"" Keepsake Set","Elizabeth V.",5,"2026-02-10","Flawless! I ordered this for my groomsmen and couldn't be happier. The material feels very luxurious. I'm so happy with how this turned out."
"Bridesmaid Proposal Gift Box | ""Will You Be My Bridesmaid?"" Keepsake Set","James R.",4,"2026-01-04","Fantastic! I ordered this for a gift and couldn't be happier. The quality is unmatched. It added the perfect touch to our special day."
"Bridesmaid Proposal Gift Box | ""Will You Be My Bridesmaid?"" Keepsake Set","Jessica T.",5,"2026-03-11","Breathtaking! I ordered this for my fiance and couldn't be happier. The material feels very luxurious. It looks even better in person."
"Bridesmaid Proposal Gift Box | ""Will You Be My Bridesmaid?"" Keepsake Set","Taylor F.",5,"2025-05-28","Flawless! I ordered this for my wedding and couldn't be happier. Such a premium feel to it. Shipping was super fast and it was packaged perfectly."
"Bridesmaid Proposal Gift Box | ""Will You Be My Bridesmaid?"" Keepsake Set","Nicole K.",5,"2025-08-12","So elegant! I ordered this for my bridesmaids and couldn't be happier. The material feels very luxurious. I've recommended this shop to all my engaged friends."
"Bridesmaid Proposal Gift Box | ""Will You Be My Bridesmaid?"" Keepsake Set","James R.",5,"2026-04-02","High quality! I ordered this for my bridal party and couldn't be happier. This was my favorite purchase for the wedding. The quality is unmatched."
"Bridesmaid Proposal Gift Box | ""Will You Be My Bridesmaid?"" Keepsake Set","Joseph D.",4,"2026-03-11","Breathtaking! I ordered this for our rehearsal dinner and couldn't be happier. Such a premium feel to it. The customization was exactly as I requested."
"Bridesmaid Proposal Gift Box | ""Will You Be My Bridesmaid?"" Keepsake Set","Michael T.",5,"2025-10-27","Flawless! I ordered this for the big day and couldn't be happier. This was my favorite purchase for the wedding. Customer service was so helpful too."
"Bridesmaid Proposal Gift Box | ""Will You Be My Bridesmaid?"" Keepsake Set","Alexis N.",4,"2026-02-05","Exquisite! I ordered this for our wedding day and couldn't be happier. It added the perfect touch to our special day. Shipping was super fast and it was packaged perfectly."
"Bridesmaid Proposal Gift Box | ""Will You Be My Bridesmaid?"" Keepsake Set","Sophia K.",5,"2025-09-02","Incredible! I ordered this for my bridal party and couldn't be happier. It looks even better in person. I've recommended this shop to all my engaged friends."
"Bridesmaid Proposal Gift Box | ""Will You Be My Bridesmaid?"" Keepsake Set","Mia L.",5,"2025-09-02","Incredible! I ordered this for my bridal shower and couldn't be happier. It added the perfect touch to our special day. Everyone kept asking where I got this."
"Bridesmaid Proposal Gift Box | ""Will You Be My Bridesmaid?"" Keepsake Set","Elizabeth V.",5,"2026-04-02","So elegant! I ordered this for my wedding and couldn't be happier. It looks even better in person. Shipping was super fast and it was packaged perfectly."
"Bridesmaid Proposal Gift Box | ""Will You Be My Bridesmaid?"" Keepsake Set","Charlotte R.",5,"2025-10-28","High quality! I ordered this for my bachelorette party and couldn't be happier. Everyone kept asking where I got this. The details are just immaculate."
"Bridesmaid Proposal Gift Box | ""Will You Be My Bridesmaid?"" Keepsake Set","James R.",5,"2025-08-13","Exquisite! I ordered this for my bridal party and couldn't be happier. Such a premium feel to it. I'm so happy with how this turned out."
"Groomsmen Proposal Gift Box | Personalized ""Will You Be My Best Man?"" Keepsake Set","Grace B.",5,"2025-06-19","Perfect! I ordered this for the big day and couldn't be happier. Everyone kept asking where I got this. I've recommended this shop to all my engaged friends."
"Groomsmen Proposal Gift Box | Personalized ""Will You Be My Best Man?"" Keepsake Set","Matthew B.",4,"2025-12-03","So elegant! I ordered this for the big day and couldn't be happier. Shipping was super fast and it was packaged perfectly. The quality is unmatched."
"Groomsmen Proposal Gift Box | Personalized ""Will You Be My Best Man?"" Keepsake Set","Michael T.",5,"2025-06-29","Amazing! I ordered this for my bridal shower and couldn't be happier. Shipping was super fast and it was packaged perfectly. I've recommended this shop to all my engaged friends."
"Groomsmen Proposal Gift Box | Personalized ""Will You Be My Best Man?"" Keepsake Set","Emma T.",5,"2025-05-23","Amazing! I ordered this for our wedding day and couldn't be happier. It added the perfect touch to our special day. I've recommended this shop to all my engaged friends."
"Groomsmen Proposal Gift Box | Personalized ""Will You Be My Best Man?"" Keepsake Set","Chloe E.",5,"2026-03-13","Beautiful! I ordered this for my bridal shower and couldn't be happier. The material feels very luxurious. The details are just immaculate."
"Groomsmen Proposal Gift Box | Personalized ""Will You Be My Best Man?"" Keepsake Set","Madison A.",5,"2025-11-09","Exquisite! I ordered this for a gift and couldn't be happier. The details are just immaculate. It looks even better in person."
"Groomsmen Proposal Gift Box | Personalized ""Will You Be My Best Man?"" Keepsake Set","Nicole K.",5,"2026-05-07","Gorgeous! I ordered this for my bridal party and couldn't be happier. It added the perfect touch to our special day. Such a premium feel to it."
"Groomsmen Proposal Gift Box | Personalized ""Will You Be My Best Man?"" Keepsake Set","Brittany L.",5,"2025-08-11","Flawless! I ordered this for my bridal party and couldn't be happier. The quality is unmatched. I will definitely be ordering again."
"Groomsmen Proposal Gift Box | Personalized ""Will You Be My Best Man?"" Keepsake Set","Samantha W.",4,"2026-02-15","Gorgeous! I ordered this for the big day and couldn't be happier. I will definitely be ordering again. The material feels very luxurious."
"Groomsmen Proposal Gift Box | Personalized ""Will You Be My Best Man?"" Keepsake Set","Megan S.",5,"2025-09-29","Gorgeous! I ordered this for my bridal shower and couldn't be happier. This was my favorite purchase for the wedding. The quality is unmatched."
"Groomsmen Proposal Gift Box | Personalized ""Will You Be My Best Man?"" Keepsake Set","Christopher H.",4,"2025-08-28","Amazing! I ordered this for my fiance and couldn't be happier. This was my favorite purchase for the wedding. Everyone kept asking where I got this."
"Groomsmen Proposal Gift Box | Personalized ""Will You Be My Best Man?"" Keepsake Set","Megan S.",5,"2025-10-19","Premium quality! I ordered this for my bachelorette party and couldn't be happier. I'm so happy with how this turned out. The customization was exactly as I requested."
"Groomsmen Proposal Gift Box | Personalized ""Will You Be My Best Man?"" Keepsake Set","Natalie M.",5,"2025-11-14","Amazing! I ordered this for our wedding day and couldn't be happier. It added the perfect touch to our special day. I will definitely be ordering again."
"Groomsmen Proposal Gift Box | Personalized ""Will You Be My Best Man?"" Keepsake Set","Ashley B.",5,"2025-10-21","High quality! I ordered this for my fiance and couldn't be happier. This was my favorite purchase for the wedding. Customer service was so helpful too."
"Groomsmen Proposal Gift Box | Personalized ""Will You Be My Best Man?"" Keepsake Set","Charlotte R.",5,"2026-01-29","Premium quality! I ordered this for my bachelorette party and couldn't be happier. I will definitely be ordering again. Such a premium feel to it."
"Groomsmen Proposal Gift Box | Personalized ""Will You Be My Best Man?"" Keepsake Set","Daniel P.",5,"2025-05-27","Flawless! I ordered this for our rehearsal dinner and couldn't be happier. This was my favorite purchase for the wedding. It added the perfect touch to our special day."
"Groomsmen Proposal Gift Box | Personalized ""Will You Be My Best Man?"" Keepsake Set","Natalie M.",4,"2025-05-24","Beyond expectations! I ordered this for a gift and couldn't be happier. This was my favorite purchase for the wedding. I will definitely be ordering again."
"Groomsmen Proposal Gift Box | Personalized ""Will You Be My Best Man?"" Keepsake Set","Taylor F.",5,"2026-01-21","Gorgeous! I ordered this for our rehearsal dinner and couldn't be happier. The material feels very luxurious. It added the perfect touch to our special day."
"Groomsmen Proposal Gift Box | Personalized ""Will You Be My Best Man?"" Keepsake Set","Chloe E.",5,"2025-12-03","Perfect! I ordered this for a gift and couldn't be happier. Customer service was so helpful too. It looks even better in person."
"Groomsmen Proposal Gift Box | Personalized ""Will You Be My Best Man?"" Keepsake Set","Mia L.",5,"2025-05-23","Absolutely stunning! I ordered this for my bridal party and couldn't be happier. I will definitely be ordering again. Customer service was so helpful too."
"""Mr & Mrs"" Leather Luggage Tag Set | Personalized Honeymoon Travel Accessory","Matthew B.",5,"2025-08-13","Exquisite! I ordered this for the big day and couldn't be happier. I'm so happy with how this turned out. I've recommended this shop to all my engaged friends."
"""Mr & Mrs"" Leather Luggage Tag Set | Personalized Honeymoon Travel Accessory","Brittany L.",4,"2025-07-21","So elegant! I ordered this for my bridal party and couldn't be happier. Everyone kept asking where I got this. I will definitely be ordering again."
"""Mr & Mrs"" Leather Luggage Tag Set | Personalized Honeymoon Travel Accessory","Victoria J.",5,"2025-07-01","So elegant! I ordered this for my groomsmen and couldn't be happier. It added the perfect touch to our special day. The customization was exactly as I requested."
"""Mr & Mrs"" Leather Luggage Tag Set | Personalized Honeymoon Travel Accessory","Amanda C.",5,"2025-12-17","Beyond expectations! I ordered this for my bridesmaids and couldn't be happier. It added the perfect touch to our special day. I've recommended this shop to all my engaged friends."
"""Mr & Mrs"" Leather Luggage Tag Set | Personalized Honeymoon Travel Accessory","Alexis N.",5,"2025-07-17","Gorgeous! I ordered this for my bridal party and couldn't be happier. Such a premium feel to it. This was my favorite purchase for the wedding."
"""Mr & Mrs"" Leather Luggage Tag Set | Personalized Honeymoon Travel Accessory","Hannah G.",5,"2025-12-29","Flawless! I ordered this for the big day and couldn't be happier. The material feels very luxurious. The quality is unmatched."
"""Mr & Mrs"" Leather Luggage Tag Set | Personalized Honeymoon Travel Accessory","Megan S.",5,"2025-09-10","So elegant! I ordered this for our wedding day and couldn't be happier. Everyone kept asking where I got this. I will definitely be ordering again."
"""Mr & Mrs"" Leather Luggage Tag Set | Personalized Honeymoon Travel Accessory","Abigail P.",4,"2025-12-30","High quality! I ordered this for my bridal party and couldn't be happier. I've recommended this shop to all my engaged friends. Shipping was super fast and it was packaged perfectly."
"""Mr & Mrs"" Leather Luggage Tag Set | Personalized Honeymoon Travel Accessory","Madison A.",5,"2025-10-24","Gorgeous! I ordered this for a gift and couldn't be happier. The quality is unmatched. It looks even better in person."
"""Mr & Mrs"" Leather Luggage Tag Set | Personalized Honeymoon Travel Accessory","Rachel D.",5,"2025-07-27","Lovely! I ordered this for the big day and couldn't be happier. The quality is unmatched. The customization was exactly as I requested."
"""Mr & Mrs"" Leather Luggage Tag Set | Personalized Honeymoon Travel Accessory","Olivia H.",5,"2026-01-23","So elegant! I ordered this for our wedding day and couldn't be happier. I will definitely be ordering again. Shipping was super fast and it was packaged perfectly."
"""Mr & Mrs"" Leather Luggage Tag Set | Personalized Honeymoon Travel Accessory","Christopher H.",5,"2025-10-25","Flawless! I ordered this for my bridal shower and couldn't be happier. The quality is unmatched. Shipping was super fast and it was packaged perfectly."
"""Mr & Mrs"" Leather Luggage Tag Set | Personalized Honeymoon Travel Accessory","Joseph D.",5,"2025-05-29","Absolutely stunning! I ordered this for my bachelorette party and couldn't be happier. The customization was exactly as I requested. The details are just immaculate."
"""Mr & Mrs"" Leather Luggage Tag Set | Personalized Honeymoon Travel Accessory","Charlotte R.",5,"2025-12-25","Premium quality! I ordered this for our wedding day and couldn't be happier. I will definitely be ordering again. The material feels very luxurious."
"""Mr & Mrs"" Leather Luggage Tag Set | Personalized Honeymoon Travel Accessory","Olivia H.",4,"2025-06-28","Exquisite! I ordered this for my fiance and couldn't be happier. I will definitely be ordering again. Shipping was super fast and it was packaged perfectly."
"""Mr & Mrs"" Leather Luggage Tag Set | Personalized Honeymoon Travel Accessory","David M.",5,"2025-07-02","Premium quality! I ordered this for my wedding and couldn't be happier. I've recommended this shop to all my engaged friends. I will definitely be ordering again."
"""Mr & Mrs"" Leather Luggage Tag Set | Personalized Honeymoon Travel Accessory","Nicole K.",5,"2026-02-12","Lovely! I ordered this for my bachelorette party and couldn't be happier. Everyone kept asking where I got this. The customization was exactly as I requested."
"""Mr & Mrs"" Leather Luggage Tag Set | Personalized Honeymoon Travel Accessory","Joseph D.",5,"2026-05-08","Gorgeous! I ordered this for my bridal party and couldn't be happier. The material feels very luxurious. The quality is unmatched."
"""Mr & Mrs"" Leather Luggage Tag Set | Personalized Honeymoon Travel Accessory","Elizabeth V.",5,"2026-02-16","Incredible! I ordered this for my bridesmaids and couldn't be happier. Shipping was super fast and it was packaged perfectly. It added the perfect touch to our special day."
"""Mr & Mrs"" Leather Luggage Tag Set | Personalized Honeymoon Travel Accessory","Ashley B.",5,"2025-07-06","Perfect! I ordered this for my groomsmen and couldn't be happier. The material feels very luxurious. The customization was exactly as I requested."
"Bespoke Monogram Wax Seal Stickers | Peel & Stick Self-Adhesive","Taylor F.",5,"2026-04-02","Amazing! I ordered this for my bridal party and couldn't be happier. The details are just immaculate. I've recommended this shop to all my engaged friends."
"Bespoke Monogram Wax Seal Stickers | Peel & Stick Self-Adhesive","Nicole K.",5,"2025-10-24","Breathtaking! I ordered this for my wedding and couldn't be happier. Such a premium feel to it. The quality is unmatched."
"Bespoke Monogram Wax Seal Stickers | Peel & Stick Self-Adhesive","Mia L.",5,"2026-01-15","Flawless! I ordered this for our rehearsal dinner and couldn't be happier. Such a premium feel to it. It looks even better in person."
"Bespoke Monogram Wax Seal Stickers | Peel & Stick Self-Adhesive","Charlotte R.",5,"2026-04-19","High quality! I ordered this for my wedding and couldn't be happier. Shipping was super fast and it was packaged perfectly. Such a premium feel to it."
"Bespoke Monogram Wax Seal Stickers | Peel & Stick Self-Adhesive","Jessica T.",5,"2025-12-25","Beautiful! I ordered this for my wedding and couldn't be happier. The details are just immaculate. The material feels very luxurious."
"Bespoke Monogram Wax Seal Stickers | Peel & Stick Self-Adhesive","Grace B.",5,"2026-03-23","Breathtaking! I ordered this for my bridal party and couldn't be happier. It added the perfect touch to our special day. The quality is unmatched."
"Bespoke Monogram Wax Seal Stickers | Peel & Stick Self-Adhesive","Kayla P.",5,"2025-12-23","Breathtaking! I ordered this for my bridal shower and couldn't be happier. This was my favorite purchase for the wedding. Shipping was super fast and it was packaged perfectly."
"Bespoke Monogram Wax Seal Stickers | Peel & Stick Self-Adhesive","Sophia K.",5,"2025-12-31","Lovely! I ordered this for my wedding and couldn't be happier. The material feels very luxurious. I'm so happy with how this turned out."
"Bespoke Monogram Wax Seal Stickers | Peel & Stick Self-Adhesive","Sydney C.",4,"2026-04-28","Incredible! I ordered this for our rehearsal dinner and couldn't be happier. The details are just immaculate. The quality is unmatched."
"Bespoke Monogram Wax Seal Stickers | Peel & Stick Self-Adhesive","William L.",5,"2025-09-18","Incredible! I ordered this for my bridesmaids and couldn't be happier. The quality is unmatched. It added the perfect touch to our special day."
"Bespoke Monogram Wax Seal Stickers | Peel & Stick Self-Adhesive","Megan S.",5,"2026-03-27","Beyond expectations! I ordered this for my bridesmaids and couldn't be happier. The details are just immaculate. The quality is unmatched."
"Bespoke Monogram Wax Seal Stickers | Peel & Stick Self-Adhesive","Victoria J.",4,"2025-09-28","Lovely! I ordered this for my fiance and couldn't be happier. Customer service was so helpful too. It looks even better in person."
"Bespoke Monogram Wax Seal Stickers | Peel & Stick Self-Adhesive","David M.",5,"2026-01-04","Breathtaking! I ordered this for my bachelorette party and couldn't be happier. Everyone kept asking where I got this. This was my favorite purchase for the wedding."
"Bespoke Monogram Wax Seal Stickers | Peel & Stick Self-Adhesive","Sarah M.",5,"2025-12-05","Beyond expectations! I ordered this for a gift and couldn't be happier. It added the perfect touch to our special day. The material feels very luxurious."
"Bespoke Monogram Wax Seal Stickers | Peel & Stick Self-Adhesive","Ava S.",5,"2025-08-21","So elegant! I ordered this for my bachelorette party and couldn't be happier. This was my favorite purchase for the wedding. Customer service was so helpful too."
"Bespoke Monogram Wax Seal Stickers | Peel & Stick Self-Adhesive","James R.",5,"2025-10-30","Beyond expectations! I ordered this for my groomsmen and couldn't be happier. The details are just immaculate. This was my favorite purchase for the wedding."
"Bespoke Monogram Wax Seal Stickers | Peel & Stick Self-Adhesive","Daniel P.",5,"2025-12-10","So elegant! I ordered this for my wedding and couldn't be happier. Shipping was super fast and it was packaged perfectly. I'm so happy with how this turned out."
"Bespoke Monogram Wax Seal Stickers | Peel & Stick Self-Adhesive","Alexis N.",5,"2025-11-23","Beautiful! I ordered this for my bridal party and couldn't be happier. It added the perfect touch to our special day. This was my favorite purchase for the wedding."
"Bespoke Monogram Wax Seal Stickers | Peel & Stick Self-Adhesive","John C.",5,"2025-12-10","Absolutely stunning! I ordered this for my bridesmaids and couldn't be happier. The material feels very luxurious. I will definitely be ordering again."
"Bespoke Monogram Wax Seal Stickers | Peel & Stick Self-Adhesive","Sarah M.",5,"2025-08-07","Incredible! I ordered this for my bridesmaids and couldn't be happier. Such a premium feel to it. The quality is unmatched."
"Luxe Bridal Emergency Kit | Premium Wedding Day Survival Box","Victoria J.",5,"2025-08-30","Fantastic! I ordered this for our wedding day and couldn't be happier. Customer service was so helpful too. Shipping was super fast and it was packaged perfectly."
"Luxe Bridal Emergency Kit | Premium Wedding Day Survival Box","Sydney C.",5,"2025-09-12","Flawless! I ordered this for my fiance and couldn't be happier. I've recommended this shop to all my engaged friends. The material feels very luxurious."
"Luxe Bridal Emergency Kit | Premium Wedding Day Survival Box","Hannah G.",5,"2025-08-03","Absolutely stunning! I ordered this for our wedding day and couldn't be happier. I've recommended this shop to all my engaged friends. I'm so happy with how this turned out."
"Luxe Bridal Emergency Kit | Premium Wedding Day Survival Box","Amanda C.",5,"2025-10-13","Lovely! I ordered this for my wedding and couldn't be happier. It looks even better in person. I will definitely be ordering again."
"Luxe Bridal Emergency Kit | Premium Wedding Day Survival Box","Mia L.",5,"2026-03-11","High quality! I ordered this for my bachelorette party and couldn't be happier. The quality is unmatched. The material feels very luxurious."
"Luxe Bridal Emergency Kit | Premium Wedding Day Survival Box","Grace B.",5,"2026-05-11","So elegant! I ordered this for my groomsmen and couldn't be happier. I will definitely be ordering again. It added the perfect touch to our special day."
"Luxe Bridal Emergency Kit | Premium Wedding Day Survival Box","Taylor F.",5,"2026-02-07","Exquisite! I ordered this for our rehearsal dinner and couldn't be happier. I'm so happy with how this turned out. Such a premium feel to it."
"Luxe Bridal Emergency Kit | Premium Wedding Day Survival Box","Matthew B.",5,"2026-04-04","Beautiful! I ordered this for my fiance and couldn't be happier. Shipping was super fast and it was packaged perfectly. Customer service was so helpful too."
"Luxe Bridal Emergency Kit | Premium Wedding Day Survival Box","Robert S.",5,"2026-02-16","Beautiful! I ordered this for the big day and couldn't be happier. The material feels very luxurious. The quality is unmatched."
"Luxe Bridal Emergency Kit | Premium Wedding Day Survival Box","Christopher H.",5,"2025-09-16","Amazing! I ordered this for my bridesmaids and couldn't be happier. It looks even better in person. Everyone kept asking where I got this."
"Luxe Bridal Emergency Kit | Premium Wedding Day Survival Box","Abigail P.",5,"2025-07-15","Fantastic! I ordered this for our wedding day and couldn't be happier. I will definitely be ordering again. Such a premium feel to it."
"Luxe Bridal Emergency Kit | Premium Wedding Day Survival Box","Joseph D.",5,"2025-12-04","High quality! I ordered this for my groomsmen and couldn't be happier. The material feels very luxurious. Everyone kept asking where I got this."
"Luxe Bridal Emergency Kit | Premium Wedding Day Survival Box","Megan S.",5,"2025-05-18","Premium quality! I ordered this for our rehearsal dinner and couldn't be happier. The quality is unmatched. I'm so happy with how this turned out."
"Luxe Bridal Emergency Kit | Premium Wedding Day Survival Box","Alexis N.",5,"2025-07-13","Beyond expectations! I ordered this for a gift and couldn't be happier. The material feels very luxurious. Shipping was super fast and it was packaged perfectly."
"Luxe Bridal Emergency Kit | Premium Wedding Day Survival Box","Madison A.",5,"2025-11-03","Premium quality! I ordered this for our wedding day and couldn't be happier. I've recommended this shop to all my engaged friends. I'm so happy with how this turned out."
"Luxe Bridal Emergency Kit | Premium Wedding Day Survival Box","Chloe E.",5,"2026-01-29","Perfect! I ordered this for my bridesmaids and couldn't be happier. I will definitely be ordering again. I've recommended this shop to all my engaged friends."
"Luxe Bridal Emergency Kit | Premium Wedding Day Survival Box","Charlotte R.",5,"2026-05-12","Premium quality! I ordered this for my bridal party and couldn't be happier. It looks even better in person. Shipping was super fast and it was packaged perfectly."
"Luxe Bridal Emergency Kit | Premium Wedding Day Survival Box","David M.",4,"2025-09-23","Premium quality! I ordered this for my wedding and couldn't be happier. The details are just immaculate. Customer service was so helpful too."
"Luxe Bridal Emergency Kit | Premium Wedding Day Survival Box","Ava S.",5,"2025-09-03","Breathtaking! I ordered this for the big day and couldn't be happier. It looks even better in person. I've recommended this shop to all my engaged friends."
"Luxe Bridal Emergency Kit | Premium Wedding Day Survival Box","Kayla P.",5,"2025-10-29","Premium quality! I ordered this for the big day and couldn't be happier. Everyone kept asking where I got this. The material feels very luxurious."
"Heritage Velvet Ring Box | Luxury Ceremony & Photo Ring Display","Mia L.",5,"2026-03-16","Gorgeous! I ordered this for our wedding day and couldn't be happier. This was my favorite purchase for the wedding. The details are just immaculate."
"Heritage Velvet Ring Box | Luxury Ceremony & Photo Ring Display","Natalie M.",5,"2025-08-19","Premium quality! I ordered this for my wedding and couldn't be happier. I'm so happy with how this turned out. It added the perfect touch to our special day."
"Heritage Velvet Ring Box | Luxury Ceremony & Photo Ring Display","Brittany L.",5,"2025-12-04","High quality! I ordered this for my bridesmaids and couldn't be happier. Everyone kept asking where I got this. Customer service was so helpful too."
"Heritage Velvet Ring Box | Luxury Ceremony & Photo Ring Display","Mia L.",5,"2025-08-06","Exquisite! I ordered this for my bachelorette party and couldn't be happier. I've recommended this shop to all my engaged friends. This was my favorite purchase for the wedding."
"Heritage Velvet Ring Box | Luxury Ceremony & Photo Ring Display","Amanda C.",5,"2025-07-19","Perfect! I ordered this for my groomsmen and couldn't be happier. It added the perfect touch to our special day. The details are just immaculate."
"Heritage Velvet Ring Box | Luxury Ceremony & Photo Ring Display","Sydney C.",5,"2025-10-23","Breathtaking! I ordered this for my bachelorette party and couldn't be happier. I'm so happy with how this turned out. The quality is unmatched."
"Heritage Velvet Ring Box | Luxury Ceremony & Photo Ring Display","Emily R.",4,"2026-04-30","Fantastic! I ordered this for my bridal shower and couldn't be happier. Shipping was super fast and it was packaged perfectly. I've recommended this shop to all my engaged friends."
"Heritage Velvet Ring Box | Luxury Ceremony & Photo Ring Display","Sarah M.",5,"2025-06-04","Perfect! I ordered this for my wedding and couldn't be happier. Customer service was so helpful too. I'm so happy with how this turned out."
"Heritage Velvet Ring Box | Luxury Ceremony & Photo Ring Display","William L.",4,"2026-02-11","Beautiful! I ordered this for my fiance and couldn't be happier. This was my favorite purchase for the wedding. The customization was exactly as I requested."
"Heritage Velvet Ring Box | Luxury Ceremony & Photo Ring Display","Amanda C.",5,"2025-07-20","Amazing! I ordered this for our rehearsal dinner and couldn't be happier. This was my favorite purchase for the wedding. The customization was exactly as I requested."
"Heritage Velvet Ring Box | Luxury Ceremony & Photo Ring Display","Elizabeth V.",5,"2025-07-10","Gorgeous! I ordered this for my wedding and couldn't be happier. I will definitely be ordering again. The quality is unmatched."
"Heritage Velvet Ring Box | Luxury Ceremony & Photo Ring Display","Ava S.",5,"2025-12-26","Exquisite! I ordered this for my bridesmaids and couldn't be happier. The customization was exactly as I requested. The details are just immaculate."
"Heritage Velvet Ring Box | Luxury Ceremony & Photo Ring Display","Sydney C.",5,"2025-10-04","Beautiful! I ordered this for the big day and couldn't be happier. I will definitely be ordering again. The quality is unmatched."
"Heritage Velvet Ring Box | Luxury Ceremony & Photo Ring Display","David M.",5,"2025-09-07","High quality! I ordered this for my bridal party and couldn't be happier. The customization was exactly as I requested. This was my favorite purchase for the wedding."
"Heritage Velvet Ring Box | Luxury Ceremony & Photo Ring Display","Robert S.",5,"2025-12-06","Perfect! I ordered this for my bachelorette party and couldn't be happier. I've recommended this shop to all my engaged friends. I'm so happy with how this turned out."
"Heritage Velvet Ring Box | Luxury Ceremony & Photo Ring Display","Olivia H.",5,"2025-10-26","Perfect! I ordered this for the big day and couldn't be happier. It looks even better in person. The customization was exactly as I requested."
"Heritage Velvet Ring Box | Luxury Ceremony & Photo Ring Display","Samantha W.",5,"2025-05-19","Beyond expectations! I ordered this for my bridesmaids and couldn't be happier. It looks even better in person. Customer service was so helpful too."
"Heritage Velvet Ring Box | Luxury Ceremony & Photo Ring Display","Christopher H.",5,"2025-11-16","Breathtaking! I ordered this for our wedding day and couldn't be happier. Shipping was super fast and it was packaged perfectly. Such a premium feel to it."
"Heritage Velvet Ring Box | Luxury Ceremony & Photo Ring Display","Hannah G.",4,"2025-12-24","Fantastic! I ordered this for our wedding day and couldn't be happier. It added the perfect touch to our special day. The quality is unmatched."
"Heritage Velvet Ring Box | Luxury Ceremony & Photo Ring Display","Michael T.",5,"2025-08-18","Flawless! I ordered this for my bridal shower and couldn't be happier. The material feels very luxurious. The customization was exactly as I requested."
"Personalized Wedding Coloring & Activity Book for Kids | Digital Download","Sydney C.",5,"2026-02-21","Gorgeous! I ordered this for our wedding day and couldn't be happier. Customer service was so helpful too. Shipping was super fast and it was packaged perfectly."
"Personalized Wedding Coloring & Activity Book for Kids | Digital Download","William L.",5,"2026-02-06","High quality! I ordered this for our wedding day and couldn't be happier. I will definitely be ordering again. Customer service was so helpful too."
"Personalized Wedding Coloring & Activity Book for Kids | Digital Download","Christopher H.",5,"2025-11-13","Gorgeous! I ordered this for my fiance and couldn't be happier. Everyone kept asking where I got this. The quality is unmatched."
"Personalized Wedding Coloring & Activity Book for Kids | Digital Download","Jessica T.",5,"2025-07-30","Premium quality! I ordered this for my bachelorette party and couldn't be happier. The details are just immaculate. I've recommended this shop to all my engaged friends."
"Personalized Wedding Coloring & Activity Book for Kids | Digital Download","Olivia H.",5,"2026-04-27","Perfect! I ordered this for my bridal party and couldn't be happier. This was my favorite purchase for the wedding. The material feels very luxurious."
"Personalized Wedding Coloring & Activity Book for Kids | Digital Download","David M.",5,"2026-01-06","Fantastic! I ordered this for my wedding and couldn't be happier. The details are just immaculate. I will definitely be ordering again."
"Personalized Wedding Coloring & Activity Book for Kids | Digital Download","David M.",5,"2025-09-09","Gorgeous! I ordered this for my bachelorette party and couldn't be happier. It added the perfect touch to our special day. Everyone kept asking where I got this."
"Personalized Wedding Coloring & Activity Book for Kids | Digital Download","Natalie M.",5,"2025-09-03","Premium quality! I ordered this for a gift and couldn't be happier. The quality is unmatched. It looks even better in person."
"Personalized Wedding Coloring & Activity Book for Kids | Digital Download","Michael T.",5,"2026-02-12","Perfect! I ordered this for the big day and couldn't be happier. Shipping was super fast and it was packaged perfectly. The details are just immaculate."
"Personalized Wedding Coloring & Activity Book for Kids | Digital Download","Lauren H.",5,"2026-03-04","Beyond expectations! I ordered this for our wedding day and couldn't be happier. Shipping was super fast and it was packaged perfectly. The material feels very luxurious."
"Personalized Wedding Coloring & Activity Book for Kids | Digital Download","Joseph D.",4,"2026-05-10","Beyond expectations! I ordered this for my bridal shower and couldn't be happier. This was my favorite purchase for the wedding. The material feels very luxurious."
"Personalized Wedding Coloring & Activity Book for Kids | Digital Download","Christopher H.",5,"2025-07-15","Exquisite! I ordered this for my bridesmaids and couldn't be happier. Customer service was so helpful too. It looks even better in person."
"Personalized Wedding Coloring & Activity Book for Kids | Digital Download","Isabella G.",5,"2025-05-30","Beautiful! I ordered this for my bridal shower and couldn't be happier. This was my favorite purchase for the wedding. It looks even better in person."
"Personalized Wedding Coloring & Activity Book for Kids | Digital Download","Olivia H.",5,"2025-10-20","Beyond expectations! I ordered this for my bridal shower and couldn't be happier. Customer service was so helpful too. I've recommended this shop to all my engaged friends."
"Personalized Wedding Coloring & Activity Book for Kids | Digital Download","Sophia K.",5,"2026-05-05","Flawless! I ordered this for a gift and couldn't be happier. The details are just immaculate. I'm so happy with how this turned out."
"Personalized Wedding Coloring & Activity Book for Kids | Digital Download","Alexis N.",5,"2025-10-19","Premium quality! I ordered this for our rehearsal dinner and couldn't be happier. The material feels very luxurious. This was my favorite purchase for the wedding."
"Personalized Wedding Coloring & Activity Book for Kids | Digital Download","William L.",5,"2026-03-25","Breathtaking! I ordered this for my bachelorette party and couldn't be happier. This was my favorite purchase for the wedding. I'm so happy with how this turned out."
"Personalized Wedding Coloring & Activity Book for Kids | Digital Download","Abigail P.",5,"2026-02-14","Amazing! I ordered this for our rehearsal dinner and couldn't be happier. Such a premium feel to it. It added the perfect touch to our special day."
"Personalized Wedding Coloring & Activity Book for Kids | Digital Download","Megan S.",5,"2025-10-11","Flawless! I ordered this for my bridesmaids and couldn't be happier. The customization was exactly as I requested. Customer service was so helpful too."
"Personalized Wedding Coloring & Activity Book for Kids | Digital Download","Kayla P.",5,"2025-10-09","Perfect! I ordered this for my groomsmen and couldn't be happier. It added the perfect touch to our special day. It looks even better in person."
"Custom Wedding Vow Art Print | Personalized Heirloom Keepsake","William L.",5,"2025-07-24","Beyond expectations! I ordered this for my bachelorette party and couldn't be happier. This was my favorite purchase for the wedding. It added the perfect touch to our special day."
"Custom Wedding Vow Art Print | Personalized Heirloom Keepsake","Daniel P.",5,"2026-02-25","Lovely! I ordered this for my wedding and couldn't be happier. The details are just immaculate. The material feels very luxurious."
"Custom Wedding Vow Art Print | Personalized Heirloom Keepsake","Isabella G.",5,"2025-06-23","Gorgeous! I ordered this for the big day and couldn't be happier. The customization was exactly as I requested. I will definitely be ordering again."
"Custom Wedding Vow Art Print | Personalized Heirloom Keepsake","Ashley B.",5,"2025-05-28","Beautiful! I ordered this for the big day and couldn't be happier. Everyone kept asking where I got this. The quality is unmatched."
"Custom Wedding Vow Art Print | Personalized Heirloom Keepsake","Jessica T.",5,"2026-04-18","Absolutely stunning! I ordered this for my groomsmen and couldn't be happier. It looks even better in person. Everyone kept asking where I got this."
"Custom Wedding Vow Art Print | Personalized Heirloom Keepsake","James R.",5,"2026-03-14","Amazing! I ordered this for our rehearsal dinner and couldn't be happier. Such a premium feel to it. I will definitely be ordering again."
"Custom Wedding Vow Art Print | Personalized Heirloom Keepsake","Emily R.",5,"2026-05-05","Beyond expectations! I ordered this for a gift and couldn't be happier. Shipping was super fast and it was packaged perfectly. The material feels very luxurious."
"Custom Wedding Vow Art Print | Personalized Heirloom Keepsake","Olivia H.",5,"2025-10-13","So elegant! I ordered this for my wedding and couldn't be happier. The quality is unmatched. I'm so happy with how this turned out."
"Custom Wedding Vow Art Print | Personalized Heirloom Keepsake","Grace B.",4,"2025-10-16","High quality! I ordered this for our rehearsal dinner and couldn't be happier. I've recommended this shop to all my engaged friends. Shipping was super fast and it was packaged perfectly."
"Custom Wedding Vow Art Print | Personalized Heirloom Keepsake","Abigail P.",5,"2025-10-24","Beyond expectations! I ordered this for my bachelorette party and couldn't be happier. The quality is unmatched. Such a premium feel to it."
"Custom Wedding Vow Art Print | Personalized Heirloom Keepsake","Olivia H.",5,"2026-04-21","Amazing! I ordered this for our rehearsal dinner and couldn't be happier. The details are just immaculate. I will definitely be ordering again."
"Custom Wedding Vow Art Print | Personalized Heirloom Keepsake","James R.",5,"2025-10-02","Premium quality! I ordered this for my bridal party and couldn't be happier. Customer service was so helpful too. I'm so happy with how this turned out."
"Custom Wedding Vow Art Print | Personalized Heirloom Keepsake","Rachel D.",5,"2025-11-21","Exquisite! I ordered this for my bridesmaids and couldn't be happier. I will definitely be ordering again. I'm so happy with how this turned out."
"Custom Wedding Vow Art Print | Personalized Heirloom Keepsake","Amanda C.",5,"2025-08-04","Gorgeous! I ordered this for our rehearsal dinner and couldn't be happier. Such a premium feel to it. The material feels very luxurious."
"Custom Wedding Vow Art Print | Personalized Heirloom Keepsake","Daniel P.",5,"2026-04-23","Flawless! I ordered this for my bridesmaids and couldn't be happier. Shipping was super fast and it was packaged perfectly. I've recommended this shop to all my engaged friends."
"Custom Wedding Vow Art Print | Personalized Heirloom Keepsake","Alexis N.",5,"2025-07-07","Exquisite! I ordered this for my fiance and couldn't be happier. I've recommended this shop to all my engaged friends. It looks even better in person."
"Custom Wedding Vow Art Print | Personalized Heirloom Keepsake","Olivia H.",5,"2025-12-28","High quality! I ordered this for our wedding day and couldn't be happier. I will definitely be ordering again. The material feels very luxurious."
"Custom Wedding Vow Art Print | Personalized Heirloom Keepsake","Olivia H.",5,"2025-08-26","Amazing! I ordered this for our rehearsal dinner and couldn't be happier. Such a premium feel to it. Shipping was super fast and it was packaged perfectly."
"Custom Wedding Vow Art Print | Personalized Heirloom Keepsake","Olivia H.",5,"2026-02-07","Premium quality! I ordered this for my bridesmaids and couldn't be happier. I've recommended this shop to all my engaged friends. I'm so happy with how this turned out."
"Custom Wedding Vow Art Print | Personalized Heirloom Keepsake","Michael T.",5,"2025-07-16","Perfect! I ordered this for the big day and couldn't be happier. This was my favorite purchase for the wedding. Shipping was super fast and it was packaged perfectly."
"Custom Mirror Acrylic Seating Chart | Luxury Wedding Reception Display","Isabella G.",5,"2025-12-02","Lovely! I ordered this for a gift and couldn't be happier. It added the perfect touch to our special day. The material feels very luxurious."
"Custom Mirror Acrylic Seating Chart | Luxury Wedding Reception Display","Sydney C.",5,"2025-09-20","High quality! I ordered this for my groomsmen and couldn't be happier. This was my favorite purchase for the wedding. The quality is unmatched."
"Custom Mirror Acrylic Seating Chart | Luxury Wedding Reception Display","Ava S.",4,"2025-06-16","Lovely! I ordered this for my bridesmaids and couldn't be happier. Shipping was super fast and it was packaged perfectly. The customization was exactly as I requested."
"Custom Mirror Acrylic Seating Chart | Luxury Wedding Reception Display","Nicole K.",5,"2025-07-16","High quality! I ordered this for our wedding day and couldn't be happier. Everyone kept asking where I got this. The material feels very luxurious."
"Custom Mirror Acrylic Seating Chart | Luxury Wedding Reception Display","William L.",5,"2025-09-22","Exquisite! I ordered this for our rehearsal dinner and couldn't be happier. It added the perfect touch to our special day. This was my favorite purchase for the wedding."
"Custom Mirror Acrylic Seating Chart | Luxury Wedding Reception Display","Hannah G.",5,"2026-04-28","Beautiful! I ordered this for my fiance and couldn't be happier. Everyone kept asking where I got this. It looks even better in person."
"Custom Mirror Acrylic Seating Chart | Luxury Wedding Reception Display","Grace B.",5,"2025-05-31","Incredible! I ordered this for my groomsmen and couldn't be happier. The quality is unmatched. I'm so happy with how this turned out."
"Custom Mirror Acrylic Seating Chart | Luxury Wedding Reception Display","Ashley B.",5,"2026-03-04","Perfect! I ordered this for my wedding and couldn't be happier. Everyone kept asking where I got this. It looks even better in person."
"Custom Mirror Acrylic Seating Chart | Luxury Wedding Reception Display","Isabella G.",5,"2026-03-20","Amazing! I ordered this for a gift and couldn't be happier. I've recommended this shop to all my engaged friends. I'm so happy with how this turned out."
"Custom Mirror Acrylic Seating Chart | Luxury Wedding Reception Display","Hannah G.",5,"2025-11-04","Amazing! I ordered this for our rehearsal dinner and couldn't be happier. I'm so happy with how this turned out. Shipping was super fast and it was packaged perfectly."
"Custom Mirror Acrylic Seating Chart | Luxury Wedding Reception Display","Abigail P.",5,"2026-03-24","Flawless! I ordered this for a gift and couldn't be happier. The customization was exactly as I requested. It looks even better in person."
"Custom Mirror Acrylic Seating Chart | Luxury Wedding Reception Display","Sydney C.",5,"2025-12-14","So elegant! I ordered this for my fiance and couldn't be happier. This was my favorite purchase for the wedding. I will definitely be ordering again."
"Custom Mirror Acrylic Seating Chart | Luxury Wedding Reception Display","Emily R.",5,"2025-10-30","High quality! I ordered this for my wedding and couldn't be happier. I will definitely be ordering again. This was my favorite purchase for the wedding."
"Custom Mirror Acrylic Seating Chart | Luxury Wedding Reception Display","David M.",5,"2025-07-20","Incredible! I ordered this for my bridesmaids and couldn't be happier. This was my favorite purchase for the wedding. It added the perfect touch to our special day."
"Custom Mirror Acrylic Seating Chart | Luxury Wedding Reception Display","Hannah G.",5,"2025-06-14","So elegant! I ordered this for my bridal party and couldn't be happier. I will definitely be ordering again. It added the perfect touch to our special day."
"Custom Mirror Acrylic Seating Chart | Luxury Wedding Reception Display","Taylor F.",5,"2025-06-20","Exquisite! I ordered this for a gift and couldn't be happier. The quality is unmatched. The customization was exactly as I requested."
"Custom Mirror Acrylic Seating Chart | Luxury Wedding Reception Display","Lauren H.",5,"2026-03-18","Lovely! I ordered this for a gift and couldn't be happier. I will definitely be ordering again. Shipping was super fast and it was packaged perfectly."
"Custom Mirror Acrylic Seating Chart | Luxury Wedding Reception Display","Brittany L.",5,"2025-07-23","Gorgeous! I ordered this for a gift and couldn't be happier. Customer service was so helpful too. Everyone kept asking where I got this."
"Custom Mirror Acrylic Seating Chart | Luxury Wedding Reception Display","Christopher H.",5,"2025-10-29","Perfect! I ordered this for my bridal shower and couldn't be happier. I've recommended this shop to all my engaged friends. Everyone kept asking where I got this."
"Custom Mirror Acrylic Seating Chart | Luxury Wedding Reception Display","Sarah M.",5,"2025-09-05","So elegant! I ordered this for my bridesmaids and couldn't be happier. Customer service was so helpful too. I've recommended this shop to all my engaged friends."
"Everlasting Heirloom Rose Set (25 Handcrafted Blooms)","Samantha W.",5,"2026-03-06","Incredible! I ordered this for my bridal party and couldn't be happier. The details are just immaculate. It added the perfect touch to our special day."
"Everlasting Heirloom Rose Set (25 Handcrafted Blooms)","Ashley B.",5,"2025-07-07","Absolutely stunning! I ordered this for my bridal shower and couldn't be happier. I've recommended this shop to all my engaged friends. The material feels very luxurious."
"Everlasting Heirloom Rose Set (25 Handcrafted Blooms)","Ava S.",5,"2026-03-05","Premium quality! I ordered this for our rehearsal dinner and couldn't be happier. Customer service was so helpful too. The details are just immaculate."
"Everlasting Heirloom Rose Set (25 Handcrafted Blooms)","Matthew B.",5,"2025-10-31","Lovely! I ordered this for my groomsmen and couldn't be happier. It looks even better in person. It added the perfect touch to our special day."
"Everlasting Heirloom Rose Set (25 Handcrafted Blooms)","Daniel P.",5,"2026-02-12","Breathtaking! I ordered this for my wedding and couldn't be happier. The customization was exactly as I requested. The quality is unmatched."
"Everlasting Heirloom Rose Set (25 Handcrafted Blooms)","Natalie M.",5,"2025-08-23","Breathtaking! I ordered this for my wedding and couldn't be happier. It looks even better in person. Customer service was so helpful too."
"Everlasting Heirloom Rose Set (25 Handcrafted Blooms)","Samantha W.",4,"2026-01-21","Lovely! I ordered this for our wedding day and couldn't be happier. It added the perfect touch to our special day. Such a premium feel to it."
"Everlasting Heirloom Rose Set (25 Handcrafted Blooms)","John C.",5,"2026-05-17","Fantastic! I ordered this for our rehearsal dinner and couldn't be happier. It added the perfect touch to our special day. The details are just immaculate."
"Everlasting Heirloom Rose Set (25 Handcrafted Blooms)","Madison A.",5,"2025-10-04","Flawless! I ordered this for our wedding day and couldn't be happier. It added the perfect touch to our special day. Customer service was so helpful too."
"Everlasting Heirloom Rose Set (25 Handcrafted Blooms)","Megan S.",5,"2025-06-20","Fantastic! I ordered this for my bachelorette party and couldn't be happier. This was my favorite purchase for the wedding. I've recommended this shop to all my engaged friends."
"Everlasting Heirloom Rose Set (25 Handcrafted Blooms)","Ava S.",5,"2025-10-29","Amazing! I ordered this for our wedding day and couldn't be happier. The quality is unmatched. It added the perfect touch to our special day."
"Everlasting Heirloom Rose Set (25 Handcrafted Blooms)","David M.",4,"2025-11-13","Flawless! I ordered this for my bachelorette party and couldn't be happier. I'm so happy with how this turned out. It looks even better in person."
"Everlasting Heirloom Rose Set (25 Handcrafted Blooms)","Robert S.",5,"2025-12-04","Breathtaking! I ordered this for my wedding and couldn't be happier. The material feels very luxurious. Customer service was so helpful too."
"Everlasting Heirloom Rose Set (25 Handcrafted Blooms)","Sarah M.",5,"2025-10-08","So elegant! I ordered this for my bridesmaids and couldn't be happier. I'm so happy with how this turned out. It added the perfect touch to our special day."
"Everlasting Heirloom Rose Set (25 Handcrafted Blooms)","Ashley B.",5,"2026-04-15","Flawless! I ordered this for my bridesmaids and couldn't be happier. The material feels very luxurious. The customization was exactly as I requested."
"Everlasting Heirloom Rose Set (25 Handcrafted Blooms)","Kayla P.",5,"2025-06-05","Absolutely stunning! I ordered this for my bridesmaids and couldn't be happier. I've recommended this shop to all my engaged friends. I will definitely be ordering again."
"Everlasting Heirloom Rose Set (25 Handcrafted Blooms)","Taylor F.",5,"2025-06-14","Flawless! I ordered this for our rehearsal dinner and couldn't be happier. Such a premium feel to it. The customization was exactly as I requested."
"Everlasting Heirloom Rose Set (25 Handcrafted Blooms)","Isabella G.",5,"2025-12-21","Beyond expectations! I ordered this for our wedding day and couldn't be happier. The quality is unmatched. I will definitely be ordering again."
"Everlasting Heirloom Rose Set (25 Handcrafted Blooms)","Hannah G.",4,"2026-03-29","Fantastic! I ordered this for my bridal shower and couldn't be happier. It added the perfect touch to our special day. The quality is unmatched."
"Everlasting Heirloom Rose Set (25 Handcrafted Blooms)","Sarah M.",4,"2025-07-13","So elegant! I ordered this for the big day and couldn't be happier. Everyone kept asking where I got this. The customization was exactly as I requested."
"""Just Married"" Sunglasses ","Rachel D.",5,"2025-11-06","Perfect! I ordered this for our wedding day and couldn't be happier. I'm so happy with how this turned out. The details are just immaculate."
"""Just Married"" Sunglasses ","Lauren H.",4,"2026-03-24","Amazing! I ordered this for my groomsmen and couldn't be happier. I will definitely be ordering again. Shipping was super fast and it was packaged perfectly."
"""Just Married"" Sunglasses ","Sophia K.",4,"2025-12-26","So elegant! I ordered this for a gift and couldn't be happier. I'm so happy with how this turned out. Everyone kept asking where I got this."
"""Just Married"" Sunglasses ","Ava S.",5,"2025-10-07","Breathtaking! I ordered this for my bachelorette party and couldn't be happier. Everyone kept asking where I got this. Customer service was so helpful too."
"""Just Married"" Sunglasses ","Elizabeth V.",5,"2026-04-03","Beyond expectations! I ordered this for my groomsmen and couldn't be happier. This was my favorite purchase for the wedding. It looks even better in person."
"""Just Married"" Sunglasses ","Chloe E.",5,"2025-09-28","Fantastic! I ordered this for my fiance and couldn't be happier. Customer service was so helpful too. The material feels very luxurious."
"""Just Married"" Sunglasses ","Sydney C.",5,"2025-05-28","Amazing! I ordered this for my bridesmaids and couldn't be happier. Everyone kept asking where I got this. This was my favorite purchase for the wedding."
"""Just Married"" Sunglasses ","Ava S.",4,"2025-08-02","So elegant! I ordered this for our rehearsal dinner and couldn't be happier. The material feels very luxurious. The details are just immaculate."
"""Just Married"" Sunglasses ","Hannah G.",4,"2025-06-12","Beyond expectations! I ordered this for a gift and couldn't be happier. The customization was exactly as I requested. Shipping was super fast and it was packaged perfectly."
"""Just Married"" Sunglasses ","Abigail P.",4,"2025-05-31","Perfect! I ordered this for my fiance and couldn't be happier. I'm so happy with how this turned out. I will definitely be ordering again."
"""Just Married"" Sunglasses ","William L.",5,"2026-04-08","Breathtaking! I ordered this for my groomsmen and couldn't be happier. I'm so happy with how this turned out. The details are just immaculate."
"""Just Married"" Sunglasses ","Mia L.",5,"2026-04-24","Fantastic! I ordered this for my wedding and couldn't be happier. Such a premium feel to it. This was my favorite purchase for the wedding."
"""Just Married"" Sunglasses ","Taylor F.",5,"2026-01-12","Absolutely stunning! I ordered this for my bridal shower and couldn't be happier. I'm so happy with how this turned out. Such a premium feel to it."
"""Just Married"" Sunglasses ","Michael T.",5,"2025-11-14","Gorgeous! I ordered this for the big day and couldn't be happier. I've recommended this shop to all my engaged friends. Customer service was so helpful too."
"""Just Married"" Sunglasses ","Emily R.",5,"2026-04-30","Beyond expectations! I ordered this for my bachelorette party and couldn't be happier. The quality is unmatched. Everyone kept asking where I got this."
"""Just Married"" Sunglasses ","Sarah M.",5,"2025-12-02","Flawless! I ordered this for a gift and couldn't be happier. The details are just immaculate. The quality is unmatched."
"""Just Married"" Sunglasses ","Charlotte R.",5,"2025-09-20","Breathtaking! I ordered this for my bridal shower and couldn't be happier. This was my favorite purchase for the wedding. It looks even better in person."
"""Just Married"" Sunglasses ","Daniel P.",5,"2025-10-08","Absolutely stunning! I ordered this for the big day and couldn't be happier. The quality is unmatched. I've recommended this shop to all my engaged friends."
"""Just Married"" Sunglasses ","Robert S.",5,"2026-02-04","So elegant! I ordered this for the big day and couldn't be happier. I'm so happy with how this turned out. Everyone kept asking where I got this."
"""Just Married"" Sunglasses ","Isabella G.",5,"2025-09-24","Premium quality! I ordered this for my bridal shower and couldn't be happier. Such a premium feel to it. The customization was exactly as I requested."
"Personal Product Specialist (1-on-1 Concierge)","Amanda C.",4,"2025-05-29","Flawless! I ordered this for my wedding and couldn't be happier. Customer service was so helpful too. Shipping was super fast and it was packaged perfectly."
"Personal Product Specialist (1-on-1 Concierge)","Daniel P.",5,"2026-03-23","Lovely! I ordered this for my bachelorette party and couldn't be happier. I'm so happy with how this turned out. Everyone kept asking where I got this."
"Personal Product Specialist (1-on-1 Concierge)","Grace B.",5,"2026-03-11","High quality! I ordered this for my bridal shower and couldn't be happier. I will definitely be ordering again. Shipping was super fast and it was packaged perfectly."
"Personal Product Specialist (1-on-1 Concierge)","Ashley B.",5,"2025-08-22","Beyond expectations! I ordered this for my groomsmen and couldn't be happier. I've recommended this shop to all my engaged friends. It added the perfect touch to our special day."
"Personal Product Specialist (1-on-1 Concierge)","Olivia H.",5,"2025-12-15","Beautiful! I ordered this for my fiance and couldn't be happier. It looks even better in person. The details are just immaculate."
"Personal Product Specialist (1-on-1 Concierge)","Charlotte R.",5,"2026-01-17","So elegant! I ordered this for my bridal party and couldn't be happier. The material feels very luxurious. Customer service was so helpful too."
"Personal Product Specialist (1-on-1 Concierge)","Alexis N.",5,"2025-06-17","Perfect! I ordered this for my bridal party and couldn't be happier. The details are just immaculate. The quality is unmatched."
"Personal Product Specialist (1-on-1 Concierge)","Elizabeth V.",5,"2026-05-14","Fantastic! I ordered this for my groomsmen and couldn't be happier. I will definitely be ordering again. The quality is unmatched."
"Personal Product Specialist (1-on-1 Concierge)","William L.",5,"2025-06-20","Absolutely stunning! I ordered this for my bridesmaids and couldn't be happier. The details are just immaculate. I will definitely be ordering again."
"Personal Product Specialist (1-on-1 Concierge)","Natalie M.",5,"2025-11-20","Breathtaking! I ordered this for our wedding day and couldn't be happier. Everyone kept asking where I got this. The quality is unmatched."
"Personal Product Specialist (1-on-1 Concierge)","Christopher H.",5,"2025-09-21","Amazing! I ordered this for my bridal shower and couldn't be happier. I've recommended this shop to all my engaged friends. I will definitely be ordering again."
"Personal Product Specialist (1-on-1 Concierge)","William L.",4,"2025-06-11","Absolutely stunning! I ordered this for a gift and couldn't be happier. I'm so happy with how this turned out. Customer service was so helpful too."
"Personal Product Specialist (1-on-1 Concierge)","Alexis N.",5,"2026-02-28","High quality! I ordered this for my fiance and couldn't be happier. The details are just immaculate. Such a premium feel to it."
"Personal Product Specialist (1-on-1 Concierge)","Elizabeth V.",5,"2026-03-15","Lovely! I ordered this for our wedding day and couldn't be happier. The material feels very luxurious. It looks even better in person."
"Personal Product Specialist (1-on-1 Concierge)","Charlotte R.",4,"2025-09-02","Beyond expectations! I ordered this for a gift and couldn't be happier. Such a premium feel to it. The quality is unmatched."
"Personal Product Specialist (1-on-1 Concierge)","Amanda C.",5,"2026-02-18","Beyond expectations! I ordered this for my bridal shower and couldn't be happier. Everyone kept asking where I got this. I will definitely be ordering again."
"Personal Product Specialist (1-on-1 Concierge)","Rachel D.",4,"2025-11-15","So elegant! I ordered this for our wedding day and couldn't be happier. The material feels very luxurious. It added the perfect touch to our special day."
"Personal Product Specialist (1-on-1 Concierge)","Lauren H.",5,"2026-01-18","So elegant! I ordered this for my wedding and couldn't be happier. It added the perfect touch to our special day. Shipping was super fast and it was packaged perfectly."
"Personal Product Specialist (1-on-1 Concierge)","Christopher H.",5,"2026-04-22","Exquisite! I ordered this for my bridal shower and couldn't be happier. It looks even better in person. The details are just immaculate."
"Personal Product Specialist (1-on-1 Concierge)","Natalie M.",5,"2025-10-19","Incredible! I ordered this for a gift and couldn't be happier. Shipping was super fast and it was packaged perfectly. I'm so happy with how this turned out."
"Bespoke Interlocking Photo Keepsake | Personalized Couples Heirloom Display","Matthew B.",4,"2026-02-16","Amazing! I ordered this for my bridal party and couldn't be happier. It added the perfect touch to our special day. I'm so happy with how this turned out."
"Bespoke Interlocking Photo Keepsake | Personalized Couples Heirloom Display","Olivia H.",5,"2025-12-31","Flawless! I ordered this for my fiance and couldn't be happier. It looks even better in person. Everyone kept asking where I got this."
"Bespoke Interlocking Photo Keepsake | Personalized Couples Heirloom Display","Nicole K.",5,"2026-02-23","So elegant! I ordered this for my bridal party and couldn't be happier. I've recommended this shop to all my engaged friends. I will definitely be ordering again."
"Bespoke Interlocking Photo Keepsake | Personalized Couples Heirloom Display","Natalie M.",5,"2026-03-05","Beyond expectations! I ordered this for my fiance and couldn't be happier. The material feels very luxurious. I will definitely be ordering again."
"Bespoke Interlocking Photo Keepsake | Personalized Couples Heirloom Display","Christopher H.",5,"2026-03-09","Incredible! I ordered this for our rehearsal dinner and couldn't be happier. Everyone kept asking where I got this. I will definitely be ordering again."
"Bespoke Interlocking Photo Keepsake | Personalized Couples Heirloom Display","Abigail P.",5,"2025-12-03","Premium quality! I ordered this for our rehearsal dinner and couldn't be happier. Such a premium feel to it. This was my favorite purchase for the wedding."
"Bespoke Interlocking Photo Keepsake | Personalized Couples Heirloom Display","Emily R.",5,"2026-02-15","Perfect! I ordered this for my bachelorette party and couldn't be happier. It added the perfect touch to our special day. Such a premium feel to it."
"Bespoke Interlocking Photo Keepsake | Personalized Couples Heirloom Display","Rachel D.",5,"2025-11-04","Amazing! I ordered this for our rehearsal dinner and couldn't be happier. This was my favorite purchase for the wedding. The customization was exactly as I requested."
"Bespoke Interlocking Photo Keepsake | Personalized Couples Heirloom Display","Megan S.",5,"2025-06-01","Incredible! I ordered this for my bridesmaids and couldn't be happier. I will definitely be ordering again. This was my favorite purchase for the wedding."
"Bespoke Interlocking Photo Keepsake | Personalized Couples Heirloom Display","Kayla P.",4,"2025-09-19","Lovely! I ordered this for the big day and couldn't be happier. It looks even better in person. The quality is unmatched."
"Bespoke Interlocking Photo Keepsake | Personalized Couples Heirloom Display","Brittany L.",5,"2025-12-12","So elegant! I ordered this for my bridesmaids and couldn't be happier. The details are just immaculate. It added the perfect touch to our special day."
"Bespoke Interlocking Photo Keepsake | Personalized Couples Heirloom Display","Robert S.",5,"2025-09-11","Flawless! I ordered this for my bridal party and couldn't be happier. I've recommended this shop to all my engaged friends. This was my favorite purchase for the wedding."
"Bespoke Interlocking Photo Keepsake | Personalized Couples Heirloom Display","James R.",5,"2025-12-29","Exquisite! I ordered this for our rehearsal dinner and couldn't be happier. The material feels very luxurious. This was my favorite purchase for the wedding."
"Bespoke Interlocking Photo Keepsake | Personalized Couples Heirloom Display","Natalie M.",5,"2025-10-06","Fantastic! I ordered this for my bachelorette party and couldn't be happier. I'm so happy with how this turned out. The customization was exactly as I requested."
"Bespoke Interlocking Photo Keepsake | Personalized Couples Heirloom Display","Matthew B.",4,"2026-03-26","Incredible! I ordered this for my fiance and couldn't be happier. The customization was exactly as I requested. The material feels very luxurious."
"Bespoke Interlocking Photo Keepsake | Personalized Couples Heirloom Display","Robert S.",5,"2025-07-16","Lovely! I ordered this for our wedding day and couldn't be happier. I'm so happy with how this turned out. It looks even better in person."
"Bespoke Interlocking Photo Keepsake | Personalized Couples Heirloom Display","Daniel P.",5,"2025-09-24","Lovely! I ordered this for my bridal shower and couldn't be happier. It added the perfect touch to our special day. The material feels very luxurious."
"Bespoke Interlocking Photo Keepsake | Personalized Couples Heirloom Display","Hannah G.",5,"2025-08-23","Beyond expectations! I ordered this for my bridal party and couldn't be happier. The material feels very luxurious. Everyone kept asking where I got this."
"Bespoke Interlocking Photo Keepsake | Personalized Couples Heirloom Display","Christopher H.",5,"2025-09-16","Lovely! I ordered this for our rehearsal dinner and couldn't be happier. It looks even better in person. I've recommended this shop to all my engaged friends."
"Bespoke Interlocking Photo Keepsake | Personalized Couples Heirloom Display","William L.",4,"2026-01-24","Flawless! I ordered this for my groomsmen and couldn't be happier. It looks even better in person. Everyone kept asking where I got this."
"Bespoke Mirrored Acrylic Wedding Welcome Sign | Heirloom Gold & Silver Decor","Sophia K.",5,"2025-07-19","Fantastic! I ordered this for my bachelorette party and couldn't be happier. Such a premium feel to it. I'm so happy with how this turned out."
"Bespoke Mirrored Acrylic Wedding Welcome Sign | Heirloom Gold & Silver Decor","Nicole K.",5,"2026-02-07","Gorgeous! I ordered this for my bridal shower and couldn't be happier. I'm so happy with how this turned out. It looks even better in person."
"Bespoke Mirrored Acrylic Wedding Welcome Sign | Heirloom Gold & Silver Decor","Isabella G.",4,"2026-05-16","Breathtaking! I ordered this for my wedding and couldn't be happier. The details are just immaculate. Customer service was so helpful too."
"Bespoke Mirrored Acrylic Wedding Welcome Sign | Heirloom Gold & Silver Decor","Taylor F.",5,"2025-08-31","Breathtaking! I ordered this for our wedding day and couldn't be happier. I've recommended this shop to all my engaged friends. It added the perfect touch to our special day."
"Bespoke Mirrored Acrylic Wedding Welcome Sign | Heirloom Gold & Silver Decor","Victoria J.",5,"2026-01-22","Absolutely stunning! I ordered this for my bridal shower and couldn't be happier. I will definitely be ordering again. I've recommended this shop to all my engaged friends."
"Bespoke Mirrored Acrylic Wedding Welcome Sign | Heirloom Gold & Silver Decor","Charlotte R.",4,"2025-08-02","Beautiful! I ordered this for my fiance and couldn't be happier. Customer service was so helpful too. It looks even better in person."
"Bespoke Mirrored Acrylic Wedding Welcome Sign | Heirloom Gold & Silver Decor","Sydney C.",5,"2025-07-11","Flawless! I ordered this for my bridesmaids and couldn't be happier. The quality is unmatched. It looks even better in person."
"Bespoke Mirrored Acrylic Wedding Welcome Sign | Heirloom Gold & Silver Decor","Sophia K.",4,"2025-12-01","Premium quality! I ordered this for a gift and couldn't be happier. It added the perfect touch to our special day. It looks even better in person."
"Bespoke Mirrored Acrylic Wedding Welcome Sign | Heirloom Gold & Silver Decor","Kayla P.",5,"2025-10-11","Beautiful! I ordered this for my bridesmaids and couldn't be happier. I've recommended this shop to all my engaged friends. The details are just immaculate."
"Bespoke Mirrored Acrylic Wedding Welcome Sign | Heirloom Gold & Silver Decor","Joseph D.",5,"2025-12-10","Breathtaking! I ordered this for the big day and couldn't be happier. Shipping was super fast and it was packaged perfectly. Such a premium feel to it."
"Bespoke Mirrored Acrylic Wedding Welcome Sign | Heirloom Gold & Silver Decor","Elizabeth V.",5,"2025-06-03","Lovely! I ordered this for my bridal shower and couldn't be happier. The quality is unmatched. It looks even better in person."
"Bespoke Mirrored Acrylic Wedding Welcome Sign | Heirloom Gold & Silver Decor","Kayla P.",5,"2025-07-23","Perfect! I ordered this for our rehearsal dinner and couldn't be happier. Customer service was so helpful too. The quality is unmatched."
"Bespoke Mirrored Acrylic Wedding Welcome Sign | Heirloom Gold & Silver Decor","Megan S.",4,"2025-08-17","Gorgeous! I ordered this for my bridesmaids and couldn't be happier. I will definitely be ordering again. I'm so happy with how this turned out."
"Bespoke Mirrored Acrylic Wedding Welcome Sign | Heirloom Gold & Silver Decor","Samantha W.",5,"2025-06-26","High quality! I ordered this for my groomsmen and couldn't be happier. Customer service was so helpful too. This was my favorite purchase for the wedding."
"Bespoke Mirrored Acrylic Wedding Welcome Sign | Heirloom Gold & Silver Decor","William L.",5,"2025-08-11","Beautiful! I ordered this for my wedding and couldn't be happier. The quality is unmatched. I've recommended this shop to all my engaged friends."
"Bespoke Mirrored Acrylic Wedding Welcome Sign | Heirloom Gold & Silver Decor","Nicole K.",5,"2025-06-11","Incredible! I ordered this for my fiance and couldn't be happier. I will definitely be ordering again. It added the perfect touch to our special day."
"Bespoke Mirrored Acrylic Wedding Welcome Sign | Heirloom Gold & Silver Decor","Sarah M.",5,"2025-11-06","So elegant! I ordered this for my groomsmen and couldn't be happier. It looks even better in person. The details are just immaculate."
"Bespoke Mirrored Acrylic Wedding Welcome Sign | Heirloom Gold & Silver Decor","Mia L.",5,"2025-12-02","Premium quality! I ordered this for my groomsmen and couldn't be happier. I'm so happy with how this turned out. Customer service was so helpful too."
"Bespoke Mirrored Acrylic Wedding Welcome Sign | Heirloom Gold & Silver Decor","Daniel P.",5,"2026-01-13","Beyond expectations! I ordered this for our rehearsal dinner and couldn't be happier. The details are just immaculate. I will definitely be ordering again."
"Bespoke Mirrored Acrylic Wedding Welcome Sign | Heirloom Gold & Silver Decor","Ava S.",5,"2025-07-26","Incredible! I ordered this for my bachelorette party and couldn't be happier. Such a premium feel to it. Everyone kept asking where I got this."
"Bespoke Engraved Stemless Wine Glass Set | Heirloom Couples Glassware","Chloe E.",5,"2025-07-16","Amazing! I ordered this for our rehearsal dinner and couldn't be happier. The details are just immaculate. Everyone kept asking where I got this."
"Bespoke Engraved Stemless Wine Glass Set | Heirloom Couples Glassware","Hannah G.",5,"2025-10-06","Flawless! I ordered this for a gift and couldn't be happier. Such a premium feel to it. Everyone kept asking where I got this."
"Bespoke Engraved Stemless Wine Glass Set | Heirloom Couples Glassware","Daniel P.",5,"2025-09-08","Lovely! I ordered this for our rehearsal dinner and couldn't be happier. The quality is unmatched. Customer service was so helpful too."
"Bespoke Engraved Stemless Wine Glass Set | Heirloom Couples Glassware","David M.",5,"2026-05-01","Premium quality! I ordered this for my groomsmen and couldn't be happier. The details are just immaculate. I'm so happy with how this turned out."
"Bespoke Engraved Stemless Wine Glass Set | Heirloom Couples Glassware","Elizabeth V.",5,"2026-04-08","Incredible! I ordered this for my fiance and couldn't be happier. Customer service was so helpful too. The details are just immaculate."
"Bespoke Engraved Stemless Wine Glass Set | Heirloom Couples Glassware","Rachel D.",5,"2025-10-25","Exquisite! I ordered this for my bridal party and couldn't be happier. It looks even better in person. The material feels very luxurious."
"Bespoke Engraved Stemless Wine Glass Set | Heirloom Couples Glassware","William L.",5,"2026-05-01","Lovely! I ordered this for a gift and couldn't be happier. I'm so happy with how this turned out. The material feels very luxurious."
"Bespoke Engraved Stemless Wine Glass Set | Heirloom Couples Glassware","Sarah M.",5,"2025-07-14","Gorgeous! I ordered this for my bridesmaids and couldn't be happier. Everyone kept asking where I got this. This was my favorite purchase for the wedding."
"Bespoke Engraved Stemless Wine Glass Set | Heirloom Couples Glassware","Samantha W.",5,"2025-09-03","Beyond expectations! I ordered this for the big day and couldn't be happier. I've recommended this shop to all my engaged friends. I'm so happy with how this turned out."
"Bespoke Engraved Stemless Wine Glass Set | Heirloom Couples Glassware","Chloe E.",5,"2025-09-11","High quality! I ordered this for my wedding and couldn't be happier. The customization was exactly as I requested. I've recommended this shop to all my engaged friends."
"Bespoke Engraved Stemless Wine Glass Set | Heirloom Couples Glassware","Matthew B.",5,"2025-08-29","Beyond expectations! I ordered this for my bachelorette party and couldn't be happier. Everyone kept asking where I got this. Such a premium feel to it."
"Bespoke Engraved Stemless Wine Glass Set | Heirloom Couples Glassware","Emma T.",5,"2025-06-04","Breathtaking! I ordered this for my bachelorette party and couldn't be happier. The customization was exactly as I requested. It looks even better in person."
"Bespoke Engraved Stemless Wine Glass Set | Heirloom Couples Glassware","Elizabeth V.",4,"2025-07-06","Premium quality! I ordered this for my groomsmen and couldn't be happier. It looks even better in person. Customer service was so helpful too."
"Bespoke Engraved Stemless Wine Glass Set | Heirloom Couples Glassware","Megan S.",5,"2025-12-27","Flawless! I ordered this for my bridal party and couldn't be happier. I'm so happy with how this turned out. It looks even better in person."
"Bespoke Engraved Stemless Wine Glass Set | Heirloom Couples Glassware","Victoria J.",5,"2025-07-25","Amazing! I ordered this for the big day and couldn't be happier. Everyone kept asking where I got this. I will definitely be ordering again."
"Bespoke Engraved Stemless Wine Glass Set | Heirloom Couples Glassware","Michael T.",5,"2026-03-27","High quality! I ordered this for my groomsmen and couldn't be happier. Such a premium feel to it. It looks even better in person."
"Bespoke Engraved Stemless Wine Glass Set | Heirloom Couples Glassware","Samantha W.",5,"2025-12-24","Perfect! I ordered this for a gift and couldn't be happier. I've recommended this shop to all my engaged friends. The customization was exactly as I requested."
"Bespoke Engraved Stemless Wine Glass Set | Heirloom Couples Glassware","Alexis N.",5,"2025-08-12","Perfect! I ordered this for my bachelorette party and couldn't be happier. The material feels very luxurious. It looks even better in person."
"Bespoke Engraved Stemless Wine Glass Set | Heirloom Couples Glassware","Sydney C.",5,"2026-01-13","Lovely! I ordered this for our wedding day and couldn't be happier. Everyone kept asking where I got this. This was my favorite purchase for the wedding."
"Bespoke Engraved Stemless Wine Glass Set | Heirloom Couples Glassware","Lauren H.",5,"2026-03-12","Flawless! I ordered this for my groomsmen and couldn't be happier. I will definitely be ordering again. The customization was exactly as I requested."
"The Calia Botanical Welcome Sign | Bespoke Engagement Signage","Olivia H.",5,"2025-11-06","Breathtaking! I ordered this for my wedding and couldn't be happier. It added the perfect touch to our special day. I will definitely be ordering again."
"The Calia Botanical Welcome Sign | Bespoke Engagement Signage","James R.",5,"2025-08-27","Amazing! I ordered this for our rehearsal dinner and couldn't be happier. This was my favorite purchase for the wedding. The details are just immaculate."
"The Calia Botanical Welcome Sign | Bespoke Engagement Signage","David M.",5,"2026-04-26","Absolutely stunning! I ordered this for our wedding day and couldn't be happier. I've recommended this shop to all my engaged friends. Everyone kept asking where I got this."
"The Calia Botanical Welcome Sign | Bespoke Engagement Signage","Natalie M.",5,"2025-07-30","Amazing! I ordered this for my bridal shower and couldn't be happier. Such a premium feel to it. Customer service was so helpful too."
"The Calia Botanical Welcome Sign | Bespoke Engagement Signage","Sarah M.",5,"2026-02-04","Fantastic! I ordered this for my groomsmen and couldn't be happier. This was my favorite purchase for the wedding. Everyone kept asking where I got this."
"The Calia Botanical Welcome Sign | Bespoke Engagement Signage","Victoria J.",5,"2026-04-16","Exquisite! I ordered this for my groomsmen and couldn't be happier. The quality is unmatched. Customer service was so helpful too."
"The Calia Botanical Welcome Sign | Bespoke Engagement Signage","Emily R.",5,"2025-12-18","Breathtaking! I ordered this for my fiance and couldn't be happier. It looks even better in person. The details are just immaculate."
"The Calia Botanical Welcome Sign | Bespoke Engagement Signage","Emily R.",5,"2026-01-26","Flawless! I ordered this for my bridesmaids and couldn't be happier. Such a premium feel to it. Everyone kept asking where I got this."
"The Calia Botanical Welcome Sign | Bespoke Engagement Signage","Emma T.",5,"2025-05-24","Premium quality! I ordered this for my bridal party and couldn't be happier. Shipping was super fast and it was packaged perfectly. This was my favorite purchase for the wedding."
"The Calia Botanical Welcome Sign | Bespoke Engagement Signage","Victoria J.",5,"2025-08-28","Lovely! I ordered this for my bachelorette party and couldn't be happier. The customization was exactly as I requested. I will definitely be ordering again."
"The Calia Botanical Welcome Sign | Bespoke Engagement Signage","Lauren H.",4,"2025-09-26","Exquisite! I ordered this for my bridesmaids and couldn't be happier. Shipping was super fast and it was packaged perfectly. The quality is unmatched."
"The Calia Botanical Welcome Sign | Bespoke Engagement Signage","Nicole K.",5,"2026-01-01","Beyond expectations! I ordered this for our rehearsal dinner and couldn't be happier. The details are just immaculate. I'm so happy with how this turned out."
"The Calia Botanical Welcome Sign | Bespoke Engagement Signage","Emily R.",4,"2025-08-02","Breathtaking! I ordered this for my wedding and couldn't be happier. The material feels very luxurious. I'm so happy with how this turned out."
"The Calia Botanical Welcome Sign | Bespoke Engagement Signage","Olivia H.",4,"2025-09-12","Premium quality! I ordered this for my fiance and couldn't be happier. I've recommended this shop to all my engaged friends. I'm so happy with how this turned out."
"The Calia Botanical Welcome Sign | Bespoke Engagement Signage","James R.",5,"2025-07-01","Breathtaking! I ordered this for the big day and couldn't be happier. Everyone kept asking where I got this. The material feels very luxurious."
"The Calia Botanical Welcome Sign | Bespoke Engagement Signage","John C.",5,"2025-11-16","High quality! I ordered this for my bridal shower and couldn't be happier. The details are just immaculate. Customer service was so helpful too."
"The Calia Botanical Welcome Sign | Bespoke Engagement Signage","Mia L.",5,"2026-04-07","Perfect! I ordered this for a gift and couldn't be happier. The quality is unmatched. The customization was exactly as I requested."
"The Calia Botanical Welcome Sign | Bespoke Engagement Signage","Daniel P.",5,"2025-11-16","Premium quality! I ordered this for a gift and couldn't be happier. I've recommended this shop to all my engaged friends. Such a premium feel to it."
"The Calia Botanical Welcome Sign | Bespoke Engagement Signage","Daniel P.",5,"2025-11-14","So elegant! I ordered this for my wedding and couldn't be happier. The quality is unmatched. It added the perfect touch to our special day."
"The Calia Botanical Welcome Sign | Bespoke Engagement Signage","Emma T.",5,"2025-09-20","Premium quality! I ordered this for my bridesmaids and couldn't be happier. Such a premium feel to it. I will definitely be ordering again."
"Bespoke Illuminated Script Sign | Heirloom Reception Decor","Ava S.",5,"2025-10-04","Gorgeous! I ordered this for the big day and couldn't be happier. Customer service was so helpful too. I've recommended this shop to all my engaged friends."
"Bespoke Illuminated Script Sign | Heirloom Reception Decor","Chloe E.",5,"2026-01-28","Exquisite! I ordered this for our rehearsal dinner and couldn't be happier. Shipping was super fast and it was packaged perfectly. It looks even better in person."
"Bespoke Illuminated Script Sign | Heirloom Reception Decor","Robert S.",4,"2026-01-03","Gorgeous! I ordered this for a gift and couldn't be happier. The customization was exactly as I requested. The details are just immaculate."
"Bespoke Illuminated Script Sign | Heirloom Reception Decor","Megan S.",5,"2025-10-31","Lovely! I ordered this for a gift and couldn't be happier. The material feels very luxurious. The quality is unmatched."
"Bespoke Illuminated Script Sign | Heirloom Reception Decor","Alexis N.",5,"2025-09-30","Beautiful! I ordered this for my groomsmen and couldn't be happier. The quality is unmatched. Such a premium feel to it."
"Bespoke Illuminated Script Sign | Heirloom Reception Decor","William L.",5,"2025-09-09","High quality! I ordered this for my bridal party and couldn't be happier. Everyone kept asking where I got this. Customer service was so helpful too."
"Bespoke Illuminated Script Sign | Heirloom Reception Decor","Charlotte R.",4,"2025-06-19","Flawless! I ordered this for my bachelorette party and couldn't be happier. Customer service was so helpful too. The quality is unmatched."
"Bespoke Illuminated Script Sign | Heirloom Reception Decor","Samantha W.",5,"2025-09-18","High quality! I ordered this for our wedding day and couldn't be happier. Such a premium feel to it. The material feels very luxurious."
"Bespoke Illuminated Script Sign | Heirloom Reception Decor","Jessica T.",5,"2025-12-17","Amazing! I ordered this for my groomsmen and couldn't be happier. The customization was exactly as I requested. Such a premium feel to it."
"Bespoke Illuminated Script Sign | Heirloom Reception Decor","Hannah G.",5,"2025-12-02","Fantastic! I ordered this for my bridal shower and couldn't be happier. Customer service was so helpful too. Everyone kept asking where I got this."
"Bespoke Illuminated Script Sign | Heirloom Reception Decor","Olivia H.",5,"2025-10-01","Exquisite! I ordered this for a gift and couldn't be happier. Customer service was so helpful too. The details are just immaculate."
"Bespoke Illuminated Script Sign | Heirloom Reception Decor","Kayla P.",5,"2025-11-04","Premium quality! I ordered this for my bachelorette party and couldn't be happier. Shipping was super fast and it was packaged perfectly. The customization was exactly as I requested."
"Bespoke Illuminated Script Sign | Heirloom Reception Decor","Sydney C.",5,"2025-05-21","Amazing! I ordered this for the big day and couldn't be happier. It added the perfect touch to our special day. The details are just immaculate."
"Bespoke Illuminated Script Sign | Heirloom Reception Decor","Olivia H.",5,"2026-03-29","Amazing! I ordered this for my bachelorette party and couldn't be happier. I've recommended this shop to all my engaged friends. It looks even better in person."
"Bespoke Illuminated Script Sign | Heirloom Reception Decor","Emma T.",4,"2025-05-26","Beautiful! I ordered this for a gift and couldn't be happier. The quality is unmatched. I've recommended this shop to all my engaged friends."
"Bespoke Illuminated Script Sign | Heirloom Reception Decor","John C.",4,"2025-09-03","Fantastic! I ordered this for our rehearsal dinner and couldn't be happier. I will definitely be ordering again. Everyone kept asking where I got this."
"Bespoke Illuminated Script Sign | Heirloom Reception Decor","Kayla P.",5,"2025-12-16","Gorgeous! I ordered this for a gift and couldn't be happier. Customer service was so helpful too. It added the perfect touch to our special day."
"Bespoke Illuminated Script Sign | Heirloom Reception Decor","Kayla P.",5,"2026-05-10","So elegant! I ordered this for my fiance and couldn't be happier. This was my favorite purchase for the wedding. The quality is unmatched."
"Bespoke Illuminated Script Sign | Heirloom Reception Decor","Elizabeth V.",5,"2026-03-31","So elegant! I ordered this for my bridal shower and couldn't be happier. The customization was exactly as I requested. The material feels very luxurious."
"Bespoke Illuminated Script Sign | Heirloom Reception Decor","Joseph D.",5,"2025-06-02","Gorgeous! I ordered this for our rehearsal dinner and couldn't be happier. Shipping was super fast and it was packaged perfectly. The quality is unmatched."
"Personalized Heirloom Wedding Cake Topper | Custom Calligraphy Mr. & Mrs. Centerpiece","Samantha W.",5,"2025-06-25","So elegant! I ordered this for my bridal shower and couldn't be happier. It added the perfect touch to our special day. It looks even better in person."
"Personalized Heirloom Wedding Cake Topper | Custom Calligraphy Mr. & Mrs. Centerpiece","Ava S.",5,"2025-06-28","Incredible! I ordered this for our rehearsal dinner and couldn't be happier. Shipping was super fast and it was packaged perfectly. I've recommended this shop to all my engaged friends."
"Personalized Heirloom Wedding Cake Topper | Custom Calligraphy Mr. & Mrs. Centerpiece","Grace B.",5,"2025-07-04","Flawless! I ordered this for my groomsmen and couldn't be happier. The material feels very luxurious. I've recommended this shop to all my engaged friends."
"Personalized Heirloom Wedding Cake Topper | Custom Calligraphy Mr. & Mrs. Centerpiece","Hannah G.",5,"2025-10-31","Flawless! I ordered this for my groomsmen and couldn't be happier. I will definitely be ordering again. It added the perfect touch to our special day."
"Personalized Heirloom Wedding Cake Topper | Custom Calligraphy Mr. & Mrs. Centerpiece","Sophia K.",5,"2026-01-18","Beyond expectations! I ordered this for my groomsmen and couldn't be happier. This was my favorite purchase for the wedding. The quality is unmatched."
"Personalized Heirloom Wedding Cake Topper | Custom Calligraphy Mr. & Mrs. Centerpiece","Grace B.",4,"2025-09-30","Perfect! I ordered this for our rehearsal dinner and couldn't be happier. It looks even better in person. Such a premium feel to it."
"Personalized Heirloom Wedding Cake Topper | Custom Calligraphy Mr. & Mrs. Centerpiece","Natalie M.",5,"2025-09-21","Exquisite! I ordered this for our rehearsal dinner and couldn't be happier. Shipping was super fast and it was packaged perfectly. I've recommended this shop to all my engaged friends."
"Personalized Heirloom Wedding Cake Topper | Custom Calligraphy Mr. & Mrs. Centerpiece","Taylor F.",5,"2025-08-07","Fantastic! I ordered this for my bridesmaids and couldn't be happier. The details are just immaculate. I'm so happy with how this turned out."
"Personalized Heirloom Wedding Cake Topper | Custom Calligraphy Mr. & Mrs. Centerpiece","Alexis N.",5,"2025-08-16","Fantastic! I ordered this for my bridal party and couldn't be happier. Customer service was so helpful too. I'm so happy with how this turned out."
"Personalized Heirloom Wedding Cake Topper | Custom Calligraphy Mr. & Mrs. Centerpiece","Lauren H.",5,"2025-11-09","Premium quality! I ordered this for the big day and couldn't be happier. The customization was exactly as I requested. Such a premium feel to it."
"Personalized Heirloom Wedding Cake Topper | Custom Calligraphy Mr. & Mrs. Centerpiece","Charlotte R.",5,"2026-04-09","High quality! I ordered this for my bridal party and couldn't be happier. Everyone kept asking where I got this. It looks even better in person."
"Personalized Heirloom Wedding Cake Topper | Custom Calligraphy Mr. & Mrs. Centerpiece","Matthew B.",5,"2025-06-01","Flawless! I ordered this for our wedding day and couldn't be happier. It added the perfect touch to our special day. Everyone kept asking where I got this."
"Personalized Heirloom Wedding Cake Topper | Custom Calligraphy Mr. & Mrs. Centerpiece","Lauren H.",5,"2025-10-12","Perfect! I ordered this for my wedding and couldn't be happier. This was my favorite purchase for the wedding. Such a premium feel to it."
"Personalized Heirloom Wedding Cake Topper | Custom Calligraphy Mr. & Mrs. Centerpiece","Kayla P.",5,"2026-01-13","High quality! I ordered this for my fiance and couldn't be happier. It looks even better in person. Shipping was super fast and it was packaged perfectly."
"Personalized Heirloom Wedding Cake Topper | Custom Calligraphy Mr. & Mrs. Centerpiece","David M.",5,"2025-05-20","Incredible! I ordered this for my bridesmaids and couldn't be happier. The quality is unmatched. It looks even better in person."
"Personalized Heirloom Wedding Cake Topper | Custom Calligraphy Mr. & Mrs. Centerpiece","Charlotte R.",5,"2026-05-02","Exquisite! I ordered this for our wedding day and couldn't be happier. Such a premium feel to it. The material feels very luxurious."
"Personalized Heirloom Wedding Cake Topper | Custom Calligraphy Mr. & Mrs. Centerpiece","Rachel D.",5,"2025-09-11","Absolutely stunning! I ordered this for my bachelorette party and couldn't be happier. It looks even better in person. Shipping was super fast and it was packaged perfectly."
"Personalized Heirloom Wedding Cake Topper | Custom Calligraphy Mr. & Mrs. Centerpiece","Matthew B.",5,"2025-08-24","So elegant! I ordered this for a gift and couldn't be happier. Shipping was super fast and it was packaged perfectly. Everyone kept asking where I got this."
"Personalized Heirloom Wedding Cake Topper | Custom Calligraphy Mr. & Mrs. Centerpiece","Emily R.",4,"2026-01-09","High quality! I ordered this for our rehearsal dinner and couldn't be happier. The details are just immaculate. I've recommended this shop to all my engaged friends."
"Personalized Heirloom Wedding Cake Topper | Custom Calligraphy Mr. & Mrs. Centerpiece","Chloe E.",5,"2026-01-27","Breathtaking! I ordered this for the big day and couldn't be happier. Customer service was so helpful too. The quality is unmatched."
"Bespoke Handmade Wax Seal Stickers | Custom Monogram & Botanical Envelope Seals","Mia L.",5,"2026-02-02","Amazing! I ordered this for our wedding day and couldn't be happier. Customer service was so helpful too. I will definitely be ordering again."
"Bespoke Handmade Wax Seal Stickers | Custom Monogram & Botanical Envelope Seals","Mia L.",5,"2026-03-27","Premium quality! I ordered this for a gift and couldn't be happier. It looks even better in person. This was my favorite purchase for the wedding."
"Bespoke Handmade Wax Seal Stickers | Custom Monogram & Botanical Envelope Seals","Hannah G.",5,"2025-06-08","Amazing! I ordered this for a gift and couldn't be happier. Such a premium feel to it. I'm so happy with how this turned out."
"Bespoke Handmade Wax Seal Stickers | Custom Monogram & Botanical Envelope Seals","John C.",5,"2025-05-20","Premium quality! I ordered this for a gift and couldn't be happier. Shipping was super fast and it was packaged perfectly. I've recommended this shop to all my engaged friends."
"Bespoke Handmade Wax Seal Stickers | Custom Monogram & Botanical Envelope Seals","Jessica T.",5,"2025-10-17","Premium quality! I ordered this for my groomsmen and couldn't be happier. Shipping was super fast and it was packaged perfectly. Such a premium feel to it."
"Bespoke Handmade Wax Seal Stickers | Custom Monogram & Botanical Envelope Seals","Samantha W.",5,"2026-01-20","Beyond expectations! I ordered this for my bridesmaids and couldn't be happier. Customer service was so helpful too. I've recommended this shop to all my engaged friends."
"Bespoke Handmade Wax Seal Stickers | Custom Monogram & Botanical Envelope Seals","Samantha W.",5,"2025-07-25","Perfect! I ordered this for a gift and couldn't be happier. Customer service was so helpful too. It added the perfect touch to our special day."
"Bespoke Handmade Wax Seal Stickers | Custom Monogram & Botanical Envelope Seals","Madison A.",5,"2025-09-14","Absolutely stunning! I ordered this for my wedding and couldn't be happier. The customization was exactly as I requested. The material feels very luxurious."
"Bespoke Handmade Wax Seal Stickers | Custom Monogram & Botanical Envelope Seals","Elizabeth V.",5,"2026-03-29","Exquisite! I ordered this for our wedding day and couldn't be happier. The material feels very luxurious. Customer service was so helpful too."
"Bespoke Handmade Wax Seal Stickers | Custom Monogram & Botanical Envelope Seals","Grace B.",5,"2025-07-10","High quality! I ordered this for the big day and couldn't be happier. It added the perfect touch to our special day. Customer service was so helpful too."
"Bespoke Handmade Wax Seal Stickers | Custom Monogram & Botanical Envelope Seals","Grace B.",5,"2026-04-19","Exquisite! I ordered this for my bachelorette party and couldn't be happier. I've recommended this shop to all my engaged friends. Everyone kept asking where I got this."
"Bespoke Handmade Wax Seal Stickers | Custom Monogram & Botanical Envelope Seals","Rachel D.",5,"2025-11-23","High quality! I ordered this for my bachelorette party and couldn't be happier. I've recommended this shop to all my engaged friends. The material feels very luxurious."
"Bespoke Handmade Wax Seal Stickers | Custom Monogram & Botanical Envelope Seals","Samantha W.",5,"2026-03-13","Lovely! I ordered this for my wedding and couldn't be happier. The details are just immaculate. It added the perfect touch to our special day."
"Bespoke Handmade Wax Seal Stickers | Custom Monogram & Botanical Envelope Seals","Kayla P.",5,"2026-01-19","Incredible! I ordered this for my bachelorette party and couldn't be happier. Shipping was super fast and it was packaged perfectly. This was my favorite purchase for the wedding."
"Bespoke Handmade Wax Seal Stickers | Custom Monogram & Botanical Envelope Seals","James R.",5,"2025-11-27","Incredible! I ordered this for my groomsmen and couldn't be happier. Such a premium feel to it. I'm so happy with how this turned out."
"Bespoke Handmade Wax Seal Stickers | Custom Monogram & Botanical Envelope Seals","Christopher H.",5,"2025-09-18","Beyond expectations! I ordered this for my bridesmaids and couldn't be happier. I will definitely be ordering again. Everyone kept asking where I got this."
"Bespoke Handmade Wax Seal Stickers | Custom Monogram & Botanical Envelope Seals","Madison A.",5,"2025-10-15","Exquisite! I ordered this for our rehearsal dinner and couldn't be happier. The customization was exactly as I requested. Such a premium feel to it."
"Bespoke Handmade Wax Seal Stickers | Custom Monogram & Botanical Envelope Seals","Grace B.",5,"2025-09-20","Premium quality! I ordered this for the big day and couldn't be happier. Customer service was so helpful too. The details are just immaculate."
"Bespoke Handmade Wax Seal Stickers | Custom Monogram & Botanical Envelope Seals","Chloe E.",5,"2025-12-11","Perfect! I ordered this for my groomsmen and couldn't be happier. The material feels very luxurious. I'm so happy with how this turned out."
"Bespoke Handmade Wax Seal Stickers | Custom Monogram & Botanical Envelope Seals","Hannah G.",5,"2025-10-03","Absolutely stunning! I ordered this for my bridesmaids and couldn't be happier. This was my favorite purchase for the wedding. The details are just immaculate."
"Bespoke Botanical Ceramic Ring Dish | Personalized Heirloom Trinket Tray","John C.",5,"2026-03-09","High quality! I ordered this for a gift and couldn't be happier. It looks even better in person. I will definitely be ordering again."
"Bespoke Botanical Ceramic Ring Dish | Personalized Heirloom Trinket Tray","Rachel D.",5,"2025-08-22","Breathtaking! I ordered this for our rehearsal dinner and couldn't be happier. I will definitely be ordering again. Everyone kept asking where I got this."
"Bespoke Botanical Ceramic Ring Dish | Personalized Heirloom Trinket Tray","Matthew B.",5,"2026-03-20","Perfect! I ordered this for our rehearsal dinner and couldn't be happier. I'm so happy with how this turned out. It looks even better in person."
"Bespoke Botanical Ceramic Ring Dish | Personalized Heirloom Trinket Tray","Brittany L.",5,"2026-03-26","Lovely! I ordered this for my bridesmaids and couldn't be happier. The quality is unmatched. Shipping was super fast and it was packaged perfectly."
"Bespoke Botanical Ceramic Ring Dish | Personalized Heirloom Trinket Tray","Grace B.",5,"2025-11-22","Fantastic! I ordered this for my bachelorette party and couldn't be happier. Customer service was so helpful too. Such a premium feel to it."
"Bespoke Botanical Ceramic Ring Dish | Personalized Heirloom Trinket Tray","Daniel P.",4,"2025-07-19","Breathtaking! I ordered this for my bridal shower and couldn't be happier. I will definitely be ordering again. It added the perfect touch to our special day."
"Bespoke Botanical Ceramic Ring Dish | Personalized Heirloom Trinket Tray","Grace B.",5,"2025-06-12","Beautiful! I ordered this for my bridal shower and couldn't be happier. Shipping was super fast and it was packaged perfectly. It looks even better in person."
"Bespoke Botanical Ceramic Ring Dish | Personalized Heirloom Trinket Tray","Natalie M.",5,"2026-04-27","Amazing! I ordered this for the big day and couldn't be happier. I've recommended this shop to all my engaged friends. Customer service was so helpful too."
"Bespoke Botanical Ceramic Ring Dish | Personalized Heirloom Trinket Tray","Ava S.",5,"2025-10-01","Gorgeous! I ordered this for my bachelorette party and couldn't be happier. I've recommended this shop to all my engaged friends. Everyone kept asking where I got this."
"Bespoke Botanical Ceramic Ring Dish | Personalized Heirloom Trinket Tray","Abigail P.",5,"2025-08-31","Beyond expectations! I ordered this for my wedding and couldn't be happier. It looks even better in person. Shipping was super fast and it was packaged perfectly."
"Bespoke Botanical Ceramic Ring Dish | Personalized Heirloom Trinket Tray","Madison A.",5,"2025-10-09","Flawless! I ordered this for my bridal shower and couldn't be happier. It looks even better in person. Shipping was super fast and it was packaged perfectly."
"Bespoke Botanical Ceramic Ring Dish | Personalized Heirloom Trinket Tray","Natalie M.",5,"2025-12-25","Breathtaking! I ordered this for my bridal shower and couldn't be happier. It looks even better in person. Shipping was super fast and it was packaged perfectly."
"Bespoke Botanical Ceramic Ring Dish | Personalized Heirloom Trinket Tray","Ashley B.",5,"2025-09-30","Flawless! I ordered this for my groomsmen and couldn't be happier. I've recommended this shop to all my engaged friends. Such a premium feel to it."
"Bespoke Botanical Ceramic Ring Dish | Personalized Heirloom Trinket Tray","Taylor F.",5,"2025-08-10","So elegant! I ordered this for my bachelorette party and couldn't be happier. I will definitely be ordering again. It added the perfect touch to our special day."
"Bespoke Botanical Ceramic Ring Dish | Personalized Heirloom Trinket Tray","Olivia H.",4,"2026-02-12","Incredible! I ordered this for our wedding day and couldn't be happier. It looks even better in person. Customer service was so helpful too."
"Bespoke Botanical Ceramic Ring Dish | Personalized Heirloom Trinket Tray","Abigail P.",5,"2026-01-19","Beautiful! I ordered this for a gift and couldn't be happier. It added the perfect touch to our special day. The material feels very luxurious."
"Bespoke Botanical Ceramic Ring Dish | Personalized Heirloom Trinket Tray","Amanda C.",4,"2025-11-29","Breathtaking! I ordered this for my wedding and couldn't be happier. It looks even better in person. Everyone kept asking where I got this."
"Bespoke Botanical Ceramic Ring Dish | Personalized Heirloom Trinket Tray","Jessica T.",5,"2025-06-04","Perfect! I ordered this for my bridal shower and couldn't be happier. I'm so happy with how this turned out. This was my favorite purchase for the wedding."
"Bespoke Botanical Ceramic Ring Dish | Personalized Heirloom Trinket Tray","Victoria J.",4,"2025-10-31","Incredible! I ordered this for my bridal party and couldn't be happier. This was my favorite purchase for the wedding. The material feels very luxurious."
"Bespoke Botanical Ceramic Ring Dish | Personalized Heirloom Trinket Tray","Emily R.",5,"2026-05-03","Absolutely stunning! I ordered this for our rehearsal dinner and couldn't be happier. Customer service was so helpful too. The material feels very luxurious."
"Bespoke Monogram Cocktail Napkins | Personalized Heirloom Wedding Details (Pack of 50)","Sydney C.",4,"2025-10-27","Exquisite! I ordered this for our rehearsal dinner and couldn't be happier. I'm so happy with how this turned out. It added the perfect touch to our special day."
"Bespoke Monogram Cocktail Napkins | Personalized Heirloom Wedding Details (Pack of 50)","Emma T.",5,"2026-03-03","So elegant! I ordered this for my bachelorette party and couldn't be happier. It looks even better in person. It added the perfect touch to our special day."
"Bespoke Monogram Cocktail Napkins | Personalized Heirloom Wedding Details (Pack of 50)","Emily R.",5,"2026-01-28","Fantastic! I ordered this for my wedding and couldn't be happier. The quality is unmatched. The details are just immaculate."
"Bespoke Monogram Cocktail Napkins | Personalized Heirloom Wedding Details (Pack of 50)","Jessica T.",4,"2025-07-11","High quality! I ordered this for our wedding day and couldn't be happier. The details are just immaculate. The customization was exactly as I requested."
"Bespoke Monogram Cocktail Napkins | Personalized Heirloom Wedding Details (Pack of 50)","Abigail P.",4,"2025-06-12","Perfect! I ordered this for our rehearsal dinner and couldn't be happier. Shipping was super fast and it was packaged perfectly. Everyone kept asking where I got this."
"Bespoke Monogram Cocktail Napkins | Personalized Heirloom Wedding Details (Pack of 50)","Taylor F.",5,"2025-08-07","Beautiful! I ordered this for our rehearsal dinner and couldn't be happier. The quality is unmatched. The details are just immaculate."
"Bespoke Monogram Cocktail Napkins | Personalized Heirloom Wedding Details (Pack of 50)","Natalie M.",5,"2025-06-29","High quality! I ordered this for my bachelorette party and couldn't be happier. Everyone kept asking where I got this. This was my favorite purchase for the wedding."
"Bespoke Monogram Cocktail Napkins | Personalized Heirloom Wedding Details (Pack of 50)","Alexis N.",5,"2026-05-16","Premium quality! I ordered this for my bridal shower and couldn't be happier. The customization was exactly as I requested. The material feels very luxurious."
"Bespoke Monogram Cocktail Napkins | Personalized Heirloom Wedding Details (Pack of 50)","Ava S.",5,"2025-11-01","Perfect! I ordered this for my wedding and couldn't be happier. Such a premium feel to it. Everyone kept asking where I got this."
"Bespoke Monogram Cocktail Napkins | Personalized Heirloom Wedding Details (Pack of 50)","Madison A.",4,"2025-09-05","Flawless! I ordered this for my bridal shower and couldn't be happier. The quality is unmatched. Everyone kept asking where I got this."
"Bespoke Monogram Cocktail Napkins | Personalized Heirloom Wedding Details (Pack of 50)","Christopher H.",5,"2025-09-03","Absolutely stunning! I ordered this for our rehearsal dinner and couldn't be happier. It looks even better in person. It added the perfect touch to our special day."
"Bespoke Monogram Cocktail Napkins | Personalized Heirloom Wedding Details (Pack of 50)","Christopher H.",5,"2026-05-10","Fantastic! I ordered this for my wedding and couldn't be happier. It added the perfect touch to our special day. The details are just immaculate."
"Bespoke Monogram Cocktail Napkins | Personalized Heirloom Wedding Details (Pack of 50)","Natalie M.",5,"2026-05-04","Gorgeous! I ordered this for our wedding day and couldn't be happier. It added the perfect touch to our special day. It looks even better in person."
"Bespoke Monogram Cocktail Napkins | Personalized Heirloom Wedding Details (Pack of 50)","Christopher H.",5,"2025-06-01","So elegant! I ordered this for my bridal party and couldn't be happier. The customization was exactly as I requested. It added the perfect touch to our special day."
"Bespoke Monogram Cocktail Napkins | Personalized Heirloom Wedding Details (Pack of 50)","Chloe E.",5,"2026-01-27","Gorgeous! I ordered this for the big day and couldn't be happier. It looks even better in person. I've recommended this shop to all my engaged friends."
"Bespoke Monogram Cocktail Napkins | Personalized Heirloom Wedding Details (Pack of 50)","Natalie M.",4,"2025-06-20","High quality! I ordered this for a gift and couldn't be happier. The details are just immaculate. I'm so happy with how this turned out."
"Bespoke Monogram Cocktail Napkins | Personalized Heirloom Wedding Details (Pack of 50)","Michael T.",5,"2025-11-05","Incredible! I ordered this for my bridal shower and couldn't be happier. Everyone kept asking where I got this. Customer service was so helpful too."
"Bespoke Monogram Cocktail Napkins | Personalized Heirloom Wedding Details (Pack of 50)","Lauren H.",5,"2026-04-17","Lovely! I ordered this for my groomsmen and couldn't be happier. Shipping was super fast and it was packaged perfectly. The material feels very luxurious."
"Bespoke Monogram Cocktail Napkins | Personalized Heirloom Wedding Details (Pack of 50)","Robert S.",5,"2026-05-15","Exquisite! I ordered this for my bridal party and couldn't be happier. This was my favorite purchase for the wedding. Everyone kept asking where I got this."
"Bespoke Monogram Cocktail Napkins | Personalized Heirloom Wedding Details (Pack of 50)","Ashley B.",5,"2026-05-17","So elegant! I ordered this for my wedding and couldn't be happier. The customization was exactly as I requested. I will definitely be ordering again."
"Bespoke Personalized Golf Balls | Luxury Groomsmen Gifts & Heirloom Wedding Favors","Lauren H.",5,"2025-12-13","Breathtaking! I ordered this for my groomsmen and couldn't be happier. Shipping was super fast and it was packaged perfectly. I will definitely be ordering again."
"Bespoke Personalized Golf Balls | Luxury Groomsmen Gifts & Heirloom Wedding Favors","Kayla P.",5,"2026-03-05","Flawless! I ordered this for a gift and couldn't be happier. I will definitely be ordering again. It added the perfect touch to our special day."
"Bespoke Personalized Golf Balls | Luxury Groomsmen Gifts & Heirloom Wedding Favors","John C.",5,"2025-08-22","Absolutely stunning! I ordered this for my bachelorette party and couldn't be happier. The quality is unmatched. I've recommended this shop to all my engaged friends."
"Bespoke Personalized Golf Balls | Luxury Groomsmen Gifts & Heirloom Wedding Favors","Chloe E.",5,"2026-03-09","Beyond expectations! I ordered this for our wedding day and couldn't be happier. Shipping was super fast and it was packaged perfectly. The quality is unmatched."
"Bespoke Personalized Golf Balls | Luxury Groomsmen Gifts & Heirloom Wedding Favors","Ashley B.",4,"2025-09-29","Beyond expectations! I ordered this for my bridesmaids and couldn't be happier. This was my favorite purchase for the wedding. Such a premium feel to it."
"Bespoke Personalized Golf Balls | Luxury Groomsmen Gifts & Heirloom Wedding Favors","Taylor F.",5,"2025-06-06","Gorgeous! I ordered this for my bridal party and couldn't be happier. I've recommended this shop to all my engaged friends. It added the perfect touch to our special day."
"Bespoke Personalized Golf Balls | Luxury Groomsmen Gifts & Heirloom Wedding Favors","William L.",5,"2026-03-11","So elegant! I ordered this for my groomsmen and couldn't be happier. Shipping was super fast and it was packaged perfectly. Such a premium feel to it."
"Bespoke Personalized Golf Balls | Luxury Groomsmen Gifts & Heirloom Wedding Favors","William L.",5,"2025-09-17","So elegant! I ordered this for my wedding and couldn't be happier. Such a premium feel to it. I'm so happy with how this turned out."
"Bespoke Personalized Golf Balls | Luxury Groomsmen Gifts & Heirloom Wedding Favors","Amanda C.",5,"2026-04-05","Beautiful! I ordered this for my fiance and couldn't be happier. I will definitely be ordering again. I'm so happy with how this turned out."
"Bespoke Personalized Golf Balls | Luxury Groomsmen Gifts & Heirloom Wedding Favors","Abigail P.",5,"2025-12-08","Breathtaking! I ordered this for our wedding day and couldn't be happier. Shipping was super fast and it was packaged perfectly. The customization was exactly as I requested."
"Bespoke Personalized Golf Balls | Luxury Groomsmen Gifts & Heirloom Wedding Favors","Hannah G.",4,"2025-08-09","Incredible! I ordered this for my groomsmen and couldn't be happier. This was my favorite purchase for the wedding. It looks even better in person."
"Bespoke Personalized Golf Balls | Luxury Groomsmen Gifts & Heirloom Wedding Favors","Rachel D.",5,"2025-08-21","Beyond expectations! I ordered this for my bridal shower and couldn't be happier. Such a premium feel to it. I've recommended this shop to all my engaged friends."
"Bespoke Personalized Golf Balls | Luxury Groomsmen Gifts & Heirloom Wedding Favors","Natalie M.",5,"2025-09-18","Exquisite! I ordered this for the big day and couldn't be happier. Such a premium feel to it. I'm so happy with how this turned out."
"Bespoke Personalized Golf Balls | Luxury Groomsmen Gifts & Heirloom Wedding Favors","David M.",5,"2025-06-23","Fantastic! I ordered this for my bridesmaids and couldn't be happier. I will definitely be ordering again. It looks even better in person."
"Bespoke Personalized Golf Balls | Luxury Groomsmen Gifts & Heirloom Wedding Favors","Jessica T.",5,"2025-05-19","Fantastic! I ordered this for my wedding and couldn't be happier. Customer service was so helpful too. Such a premium feel to it."
"Bespoke Personalized Golf Balls | Luxury Groomsmen Gifts & Heirloom Wedding Favors","Alexis N.",5,"2025-09-01","Exquisite! I ordered this for my groomsmen and couldn't be happier. Shipping was super fast and it was packaged perfectly. Such a premium feel to it."
"Bespoke Personalized Golf Balls | Luxury Groomsmen Gifts & Heirloom Wedding Favors","Ashley B.",5,"2025-05-23","Perfect! I ordered this for our rehearsal dinner and couldn't be happier. Such a premium feel to it. The customization was exactly as I requested."
"Bespoke Personalized Golf Balls | Luxury Groomsmen Gifts & Heirloom Wedding Favors","Alexis N.",5,"2025-10-01","Gorgeous! I ordered this for my bachelorette party and couldn't be happier. This was my favorite purchase for the wedding. Customer service was so helpful too."
"Bespoke Personalized Golf Balls | Luxury Groomsmen Gifts & Heirloom Wedding Favors","Sophia K.",4,"2025-06-18","Absolutely stunning! I ordered this for our rehearsal dinner and couldn't be happier. Shipping was super fast and it was packaged perfectly. Such a premium feel to it."
"Bespoke Personalized Golf Balls | Luxury Groomsmen Gifts & Heirloom Wedding Favors","Mia L.",5,"2026-01-08","Premium quality! I ordered this for my groomsmen and couldn't be happier. The quality is unmatched. The material feels very luxurious."
"Bespoke ""Beers & Birdies"" Neoprene Can Cooler | Custom Golf Weekend Favor","Elizabeth V.",5,"2026-02-25","Beautiful! I ordered this for our wedding day and couldn't be happier. The customization was exactly as I requested. It added the perfect touch to our special day."
"Bespoke ""Beers & Birdies"" Neoprene Can Cooler | Custom Golf Weekend Favor","Hannah G.",4,"2025-11-04","Gorgeous! I ordered this for my fiance and couldn't be happier. Everyone kept asking where I got this. It added the perfect touch to our special day."
"Bespoke ""Beers & Birdies"" Neoprene Can Cooler | Custom Golf Weekend Favor","Ava S.",5,"2026-01-20","Gorgeous! I ordered this for the big day and couldn't be happier. The details are just immaculate. I've recommended this shop to all my engaged friends."
"Bespoke ""Beers & Birdies"" Neoprene Can Cooler | Custom Golf Weekend Favor","Ava S.",4,"2025-09-04","Exquisite! I ordered this for my bridal shower and couldn't be happier. Everyone kept asking where I got this. I've recommended this shop to all my engaged friends."
"Bespoke ""Beers & Birdies"" Neoprene Can Cooler | Custom Golf Weekend Favor","Joseph D.",4,"2025-06-19","Absolutely stunning! I ordered this for my bachelorette party and couldn't be happier. I will definitely be ordering again. This was my favorite purchase for the wedding."
"Bespoke ""Beers & Birdies"" Neoprene Can Cooler | Custom Golf Weekend Favor","Jessica T.",5,"2025-10-24","High quality! I ordered this for the big day and couldn't be happier. Everyone kept asking where I got this. The quality is unmatched."
"Bespoke ""Beers & Birdies"" Neoprene Can Cooler | Custom Golf Weekend Favor","Ashley B.",5,"2025-07-30","Beautiful! I ordered this for my fiance and couldn't be happier. Everyone kept asking where I got this. Customer service was so helpful too."
"Bespoke ""Beers & Birdies"" Neoprene Can Cooler | Custom Golf Weekend Favor","Mia L.",5,"2026-01-16","Amazing! I ordered this for my fiance and couldn't be happier. Customer service was so helpful too. The quality is unmatched."
"Bespoke ""Beers & Birdies"" Neoprene Can Cooler | Custom Golf Weekend Favor","Ashley B.",5,"2025-08-18","Lovely! I ordered this for my bridal shower and couldn't be happier. The material feels very luxurious. It added the perfect touch to our special day."
"Bespoke ""Beers & Birdies"" Neoprene Can Cooler | Custom Golf Weekend Favor","Megan S.",5,"2026-03-09","Flawless! I ordered this for the big day and couldn't be happier. I've recommended this shop to all my engaged friends. I'm so happy with how this turned out."
"Bespoke ""Beers & Birdies"" Neoprene Can Cooler | Custom Golf Weekend Favor","Isabella G.",5,"2025-10-28","So elegant! I ordered this for my bridal shower and couldn't be happier. The quality is unmatched. Such a premium feel to it."
"Bespoke ""Beers & Birdies"" Neoprene Can Cooler | Custom Golf Weekend Favor","Nicole K.",5,"2025-11-18","Beyond expectations! I ordered this for our wedding day and couldn't be happier. Such a premium feel to it. It looks even better in person."
"Bespoke ""Beers & Birdies"" Neoprene Can Cooler | Custom Golf Weekend Favor","James R.",5,"2026-01-16","Exquisite! I ordered this for my bridal party and couldn't be happier. It added the perfect touch to our special day. I will definitely be ordering again."
"Bespoke ""Beers & Birdies"" Neoprene Can Cooler | Custom Golf Weekend Favor","Ava S.",5,"2025-07-13","Beyond expectations! I ordered this for my wedding and couldn't be happier. Such a premium feel to it. I've recommended this shop to all my engaged friends."
"Bespoke ""Beers & Birdies"" Neoprene Can Cooler | Custom Golf Weekend Favor","Olivia H.",5,"2025-09-01","Exquisite! I ordered this for my bachelorette party and couldn't be happier. The quality is unmatched. I've recommended this shop to all my engaged friends."
"Bespoke ""Beers & Birdies"" Neoprene Can Cooler | Custom Golf Weekend Favor","Elizabeth V.",4,"2025-10-07","High quality! I ordered this for my bridesmaids and couldn't be happier. It looks even better in person. The details are just immaculate."
"Bespoke ""Beers & Birdies"" Neoprene Can Cooler | Custom Golf Weekend Favor","Kayla P.",5,"2025-07-21","Exquisite! I ordered this for my fiance and couldn't be happier. Everyone kept asking where I got this. The quality is unmatched."
"Bespoke ""Beers & Birdies"" Neoprene Can Cooler | Custom Golf Weekend Favor","Grace B.",5,"2025-09-08","Premium quality! I ordered this for my wedding and couldn't be happier. Shipping was super fast and it was packaged perfectly. The details are just immaculate."
"Bespoke ""Beers & Birdies"" Neoprene Can Cooler | Custom Golf Weekend Favor","Hannah G.",5,"2025-06-20","Absolutely stunning! I ordered this for my groomsmen and couldn't be happier. Customer service was so helpful too. This was my favorite purchase for the wedding."
"Bespoke ""Beers & Birdies"" Neoprene Can Cooler | Custom Golf Weekend Favor","Elizabeth V.",4,"2025-06-09","High quality! I ordered this for our rehearsal dinner and couldn't be happier. Customer service was so helpful too. This was my favorite purchase for the wedding."
"The Heirloom Corduroy Cosmetic Pouch | Personalized Bridal Party Gift","Lauren H.",5,"2025-06-04","Breathtaking! I ordered this for my bridal shower and couldn't be happier. I will definitely be ordering again. I've recommended this shop to all my engaged friends."
"The Heirloom Corduroy Cosmetic Pouch | Personalized Bridal Party Gift","Taylor F.",5,"2026-05-17","Gorgeous! I ordered this for my bridal party and couldn't be happier. Shipping was super fast and it was packaged perfectly. I will definitely be ordering again."
"The Heirloom Corduroy Cosmetic Pouch | Personalized Bridal Party Gift","Abigail P.",5,"2025-09-04","Lovely! I ordered this for my bridal shower and couldn't be happier. Such a premium feel to it. This was my favorite purchase for the wedding."
"The Heirloom Corduroy Cosmetic Pouch | Personalized Bridal Party Gift","Madison A.",5,"2025-07-09","Absolutely stunning! I ordered this for the big day and couldn't be happier. It looks even better in person. Customer service was so helpful too."
"The Heirloom Corduroy Cosmetic Pouch | Personalized Bridal Party Gift","Emma T.",5,"2025-10-29","Lovely! I ordered this for my bridesmaids and couldn't be happier. The details are just immaculate. This was my favorite purchase for the wedding."
"The Heirloom Corduroy Cosmetic Pouch | Personalized Bridal Party Gift","Abigail P.",5,"2025-10-11","Incredible! I ordered this for my fiance and couldn't be happier. The quality is unmatched. It added the perfect touch to our special day."
"The Heirloom Corduroy Cosmetic Pouch | Personalized Bridal Party Gift","Daniel P.",5,"2026-04-14","Flawless! I ordered this for our wedding day and couldn't be happier. Such a premium feel to it. Everyone kept asking where I got this."
"The Heirloom Corduroy Cosmetic Pouch | Personalized Bridal Party Gift","Lauren H.",5,"2025-07-31","Flawless! I ordered this for my bridal shower and couldn't be happier. Everyone kept asking where I got this. It added the perfect touch to our special day."
"The Heirloom Corduroy Cosmetic Pouch | Personalized Bridal Party Gift","James R.",5,"2026-03-04","Absolutely stunning! I ordered this for my fiance and couldn't be happier. Everyone kept asking where I got this. The material feels very luxurious."
"The Heirloom Corduroy Cosmetic Pouch | Personalized Bridal Party Gift","Mia L.",5,"2025-12-27","Gorgeous! I ordered this for my groomsmen and couldn't be happier. It added the perfect touch to our special day. The quality is unmatched."
"The Heirloom Corduroy Cosmetic Pouch | Personalized Bridal Party Gift","Robert S.",5,"2025-12-06","Beyond expectations! I ordered this for the big day and couldn't be happier. I will definitely be ordering again. The customization was exactly as I requested."
"The Heirloom Corduroy Cosmetic Pouch | Personalized Bridal Party Gift","Lauren H.",5,"2025-11-13","Incredible! I ordered this for my bridal shower and couldn't be happier. I will definitely be ordering again. This was my favorite purchase for the wedding."
"The Heirloom Corduroy Cosmetic Pouch | Personalized Bridal Party Gift","Grace B.",4,"2025-12-31","Incredible! I ordered this for our wedding day and couldn't be happier. I've recommended this shop to all my engaged friends. Customer service was so helpful too."
"The Heirloom Corduroy Cosmetic Pouch | Personalized Bridal Party Gift","Robert S.",5,"2026-03-21","Beyond expectations! I ordered this for my fiance and couldn't be happier. I'm so happy with how this turned out. The material feels very luxurious."
"The Heirloom Corduroy Cosmetic Pouch | Personalized Bridal Party Gift","Sydney C.",5,"2025-10-04","High quality! I ordered this for my fiance and couldn't be happier. Shipping was super fast and it was packaged perfectly. I'm so happy with how this turned out."
"The Heirloom Corduroy Cosmetic Pouch | Personalized Bridal Party Gift","Hannah G.",5,"2025-06-21","Fantastic! I ordered this for my bachelorette party and couldn't be happier. Customer service was so helpful too. Such a premium feel to it."
"The Heirloom Corduroy Cosmetic Pouch | Personalized Bridal Party Gift","Daniel P.",5,"2025-06-22","Beyond expectations! I ordered this for our wedding day and couldn't be happier. It added the perfect touch to our special day. Everyone kept asking where I got this."
"The Heirloom Corduroy Cosmetic Pouch | Personalized Bridal Party Gift","Jessica T.",5,"2026-02-19","So elegant! I ordered this for my bridal party and couldn't be happier. I will definitely be ordering again. This was my favorite purchase for the wedding."
"The Heirloom Corduroy Cosmetic Pouch | Personalized Bridal Party Gift","Madison A.",5,"2025-11-26","High quality! I ordered this for my bridesmaids and couldn't be happier. The material feels very luxurious. I've recommended this shop to all my engaged friends."
"The Heirloom Corduroy Cosmetic Pouch | Personalized Bridal Party Gift","Emma T.",5,"2025-11-25","Lovely! I ordered this for my groomsmen and couldn't be happier. The material feels very luxurious. Customer service was so helpful too."
"Bespoke Leather-Wrapped Hip Flask | Personalized Heirloom Groomsmen Gift","Nicole K.",5,"2025-12-28","Premium quality! I ordered this for our rehearsal dinner and couldn't be happier. The quality is unmatched. I'm so happy with how this turned out."
"Bespoke Leather-Wrapped Hip Flask | Personalized Heirloom Groomsmen Gift","Madison A.",5,"2026-05-17","Beyond expectations! I ordered this for my fiance and couldn't be happier. The details are just immaculate. I'm so happy with how this turned out."
"Bespoke Leather-Wrapped Hip Flask | Personalized Heirloom Groomsmen Gift","Nicole K.",5,"2025-05-28","Gorgeous! I ordered this for my fiance and couldn't be happier. I will definitely be ordering again. Customer service was so helpful too."
"Bespoke Leather-Wrapped Hip Flask | Personalized Heirloom Groomsmen Gift","Rachel D.",5,"2026-05-06","Lovely! I ordered this for my bridesmaids and couldn't be happier. The material feels very luxurious. It added the perfect touch to our special day."
"Bespoke Leather-Wrapped Hip Flask | Personalized Heirloom Groomsmen Gift","Hannah G.",5,"2025-09-29","Gorgeous! I ordered this for our rehearsal dinner and couldn't be happier. Customer service was so helpful too. The material feels very luxurious."
"Bespoke Leather-Wrapped Hip Flask | Personalized Heirloom Groomsmen Gift","Alexis N.",5,"2025-12-17","Breathtaking! I ordered this for the big day and couldn't be happier. The quality is unmatched. Everyone kept asking where I got this."
"Bespoke Leather-Wrapped Hip Flask | Personalized Heirloom Groomsmen Gift","Ashley B.",5,"2026-04-27","Perfect! I ordered this for my groomsmen and couldn't be happier. Customer service was so helpful too. The details are just immaculate."
"Bespoke Leather-Wrapped Hip Flask | Personalized Heirloom Groomsmen Gift","Emily R.",5,"2026-02-11","Perfect! I ordered this for a gift and couldn't be happier. I will definitely be ordering again. The quality is unmatched."
"Bespoke Leather-Wrapped Hip Flask | Personalized Heirloom Groomsmen Gift","Jessica T.",5,"2025-07-26","Gorgeous! I ordered this for our rehearsal dinner and couldn't be happier. Customer service was so helpful too. The quality is unmatched."
"Bespoke Leather-Wrapped Hip Flask | Personalized Heirloom Groomsmen Gift","Sydney C.",5,"2025-08-11","Absolutely stunning! I ordered this for my bridal party and couldn't be happier. The quality is unmatched. It added the perfect touch to our special day."
"Bespoke Leather-Wrapped Hip Flask | Personalized Heirloom Groomsmen Gift","Elizabeth V.",5,"2025-08-30","Incredible! I ordered this for my wedding and couldn't be happier. It added the perfect touch to our special day. Such a premium feel to it."
"Bespoke Leather-Wrapped Hip Flask | Personalized Heirloom Groomsmen Gift","Taylor F.",5,"2025-09-24","Perfect! I ordered this for my wedding and couldn't be happier. I will definitely be ordering again. The customization was exactly as I requested."
"Bespoke Leather-Wrapped Hip Flask | Personalized Heirloom Groomsmen Gift","Madison A.",5,"2026-05-13","Incredible! I ordered this for my wedding and couldn't be happier. I'm so happy with how this turned out. It looks even better in person."
"Bespoke Leather-Wrapped Hip Flask | Personalized Heirloom Groomsmen Gift","Hannah G.",5,"2026-02-07","Flawless! I ordered this for a gift and couldn't be happier. Everyone kept asking where I got this. It looks even better in person."
"Bespoke Leather-Wrapped Hip Flask | Personalized Heirloom Groomsmen Gift","Robert S.",5,"2026-04-30","Amazing! I ordered this for our wedding day and couldn't be happier. The material feels very luxurious. Everyone kept asking where I got this."
"Bespoke Leather-Wrapped Hip Flask | Personalized Heirloom Groomsmen Gift","Charlotte R.",5,"2025-12-13","Beyond expectations! I ordered this for the big day and couldn't be happier. This was my favorite purchase for the wedding. I'm so happy with how this turned out."
"Bespoke Leather-Wrapped Hip Flask | Personalized Heirloom Groomsmen Gift","Isabella G.",4,"2025-11-13","Perfect! I ordered this for the big day and couldn't be happier. The material feels very luxurious. I've recommended this shop to all my engaged friends."
"Bespoke Leather-Wrapped Hip Flask | Personalized Heirloom Groomsmen Gift","Sophia K.",5,"2025-11-26","High quality! I ordered this for my bridesmaids and couldn't be happier. This was my favorite purchase for the wedding. Customer service was so helpful too."
"Bespoke Leather-Wrapped Hip Flask | Personalized Heirloom Groomsmen Gift","Elizabeth V.",5,"2025-05-20","Beyond expectations! I ordered this for our wedding day and couldn't be happier. Such a premium feel to it. It looks even better in person."
"Bespoke Leather-Wrapped Hip Flask | Personalized Heirloom Groomsmen Gift","Kayla P.",5,"2025-06-03","Beautiful! I ordered this for our wedding day and couldn't be happier. Customer service was so helpful too. The material feels very luxurious."
"Bespoke Engraved Compact Mirror | Custom Heirloom Bridal Gift","Kayla P.",4,"2025-10-25","Amazing! I ordered this for my bridal party and couldn't be happier. I'm so happy with how this turned out. It added the perfect touch to our special day."
"Bespoke Engraved Compact Mirror | Custom Heirloom Bridal Gift","Abigail P.",4,"2025-10-29","Absolutely stunning! I ordered this for our rehearsal dinner and couldn't be happier. The customization was exactly as I requested. The material feels very luxurious."
"Bespoke Engraved Compact Mirror | Custom Heirloom Bridal Gift","Robert S.",5,"2026-04-07","Perfect! I ordered this for my wedding and couldn't be happier. Everyone kept asking where I got this. The customization was exactly as I requested."
"Bespoke Engraved Compact Mirror | Custom Heirloom Bridal Gift","Sarah M.",5,"2026-05-13","Absolutely stunning! I ordered this for my groomsmen and couldn't be happier. I've recommended this shop to all my engaged friends. Customer service was so helpful too."
"Bespoke Engraved Compact Mirror | Custom Heirloom Bridal Gift","Mia L.",5,"2026-04-17","High quality! I ordered this for my bridal shower and couldn't be happier. This was my favorite purchase for the wedding. Customer service was so helpful too."
"Bespoke Engraved Compact Mirror | Custom Heirloom Bridal Gift","Ava S.",5,"2025-07-03","Beyond expectations! I ordered this for my bachelorette party and couldn't be happier. Shipping was super fast and it was packaged perfectly. The quality is unmatched."
"Bespoke Engraved Compact Mirror | Custom Heirloom Bridal Gift","Sophia K.",5,"2025-11-17","Beautiful! I ordered this for my groomsmen and couldn't be happier. Customer service was so helpful too. Such a premium feel to it."
"Bespoke Engraved Compact Mirror | Custom Heirloom Bridal Gift","William L.",5,"2025-12-29","Absolutely stunning! I ordered this for my bachelorette party and couldn't be happier. Such a premium feel to it. It added the perfect touch to our special day."
"Bespoke Engraved Compact Mirror | Custom Heirloom Bridal Gift","James R.",4,"2025-11-08","Lovely! I ordered this for my bridal shower and couldn't be happier. It looks even better in person. Everyone kept asking where I got this."
"Bespoke Engraved Compact Mirror | Custom Heirloom Bridal Gift","Sophia K.",5,"2025-11-08","Absolutely stunning! I ordered this for my bridesmaids and couldn't be happier. I'm so happy with how this turned out. I will definitely be ordering again."
"Bespoke Engraved Compact Mirror | Custom Heirloom Bridal Gift","Kayla P.",5,"2025-11-04","Gorgeous! I ordered this for the big day and couldn't be happier. Everyone kept asking where I got this. The customization was exactly as I requested."
"Bespoke Engraved Compact Mirror | Custom Heirloom Bridal Gift","Chloe E.",5,"2026-05-12","So elegant! I ordered this for my groomsmen and couldn't be happier. The quality is unmatched. Shipping was super fast and it was packaged perfectly."
"Bespoke Engraved Compact Mirror | Custom Heirloom Bridal Gift","Mia L.",5,"2026-04-16","So elegant! I ordered this for my bachelorette party and couldn't be happier. Shipping was super fast and it was packaged perfectly. Such a premium feel to it."
"Bespoke Engraved Compact Mirror | Custom Heirloom Bridal Gift","Madison A.",5,"2026-02-19","Lovely! I ordered this for my bridesmaids and couldn't be happier. It added the perfect touch to our special day. I will definitely be ordering again."
"Bespoke Engraved Compact Mirror | Custom Heirloom Bridal Gift","Nicole K.",5,"2026-04-12","Flawless! I ordered this for my wedding and couldn't be happier. Everyone kept asking where I got this. I've recommended this shop to all my engaged friends."
"Bespoke Engraved Compact Mirror | Custom Heirloom Bridal Gift","Olivia H.",5,"2025-11-29","Perfect! I ordered this for my bridal shower and couldn't be happier. I will definitely be ordering again. This was my favorite purchase for the wedding."
"Bespoke Engraved Compact Mirror | Custom Heirloom Bridal Gift","Christopher H.",5,"2025-12-30","Premium quality! I ordered this for my groomsmen and couldn't be happier. The quality is unmatched. The material feels very luxurious."
"Bespoke Engraved Compact Mirror | Custom Heirloom Bridal Gift","Brittany L.",5,"2025-09-03","Absolutely stunning! I ordered this for our wedding day and couldn't be happier. Shipping was super fast and it was packaged perfectly. It added the perfect touch to our special day."
"Bespoke Engraved Compact Mirror | Custom Heirloom Bridal Gift","Matthew B.",5,"2025-06-11","So elegant! I ordered this for my bridal shower and couldn't be happier. Everyone kept asking where I got this. I will definitely be ordering again."
"Bespoke Engraved Compact Mirror | Custom Heirloom Bridal Gift","Hannah G.",5,"2025-10-14","Incredible! I ordered this for our rehearsal dinner and couldn't be happier. I've recommended this shop to all my engaged friends. It added the perfect touch to our special day."
"Bespoke 16oz Acrylic Tumbler | Personalized Bridal Party & Wedding Favor","Daniel P.",5,"2026-01-17","Beyond expectations! I ordered this for the big day and couldn't be happier. It looks even better in person. The material feels very luxurious."
"Bespoke 16oz Acrylic Tumbler | Personalized Bridal Party & Wedding Favor","Chloe E.",5,"2026-03-11","Beyond expectations! I ordered this for my bridesmaids and couldn't be happier. The customization was exactly as I requested. It looks even better in person."
"Bespoke 16oz Acrylic Tumbler | Personalized Bridal Party & Wedding Favor","Michael T.",5,"2026-04-05","So elegant! I ordered this for my bridesmaids and couldn't be happier. I will definitely be ordering again. The material feels very luxurious."
"Bespoke 16oz Acrylic Tumbler | Personalized Bridal Party & Wedding Favor","John C.",5,"2025-10-19","Premium quality! I ordered this for a gift and couldn't be happier. I've recommended this shop to all my engaged friends. This was my favorite purchase for the wedding."
"Bespoke 16oz Acrylic Tumbler | Personalized Bridal Party & Wedding Favor","Victoria J.",5,"2026-01-23","Beyond expectations! I ordered this for the big day and couldn't be happier. The quality is unmatched. The details are just immaculate."
"Bespoke 16oz Acrylic Tumbler | Personalized Bridal Party & Wedding Favor","Charlotte R.",5,"2026-04-23","Absolutely stunning! I ordered this for the big day and couldn't be happier. The customization was exactly as I requested. I've recommended this shop to all my engaged friends."
"Bespoke 16oz Acrylic Tumbler | Personalized Bridal Party & Wedding Favor","Alexis N.",5,"2025-12-21","Flawless! I ordered this for my groomsmen and couldn't be happier. I will definitely be ordering again. The material feels very luxurious."
"Bespoke 16oz Acrylic Tumbler | Personalized Bridal Party & Wedding Favor","Michael T.",5,"2026-03-27","Flawless! I ordered this for my bridal shower and couldn't be happier. Customer service was so helpful too. The customization was exactly as I requested."
"Bespoke 16oz Acrylic Tumbler | Personalized Bridal Party & Wedding Favor","Alexis N.",5,"2025-06-13","Incredible! I ordered this for my bridal shower and couldn't be happier. Shipping was super fast and it was packaged perfectly. Everyone kept asking where I got this."
"Bespoke 16oz Acrylic Tumbler | Personalized Bridal Party & Wedding Favor","David M.",4,"2025-06-03","Fantastic! I ordered this for our wedding day and couldn't be happier. It looks even better in person. I've recommended this shop to all my engaged friends."
"Bespoke 16oz Acrylic Tumbler | Personalized Bridal Party & Wedding Favor","Jessica T.",5,"2025-10-07","Premium quality! I ordered this for my groomsmen and couldn't be happier. The quality is unmatched. It added the perfect touch to our special day."
"Bespoke 16oz Acrylic Tumbler | Personalized Bridal Party & Wedding Favor","Matthew B.",5,"2025-09-26","So elegant! I ordered this for my groomsmen and couldn't be happier. Such a premium feel to it. The details are just immaculate."
"Bespoke 16oz Acrylic Tumbler | Personalized Bridal Party & Wedding Favor","Emma T.",5,"2026-04-09","Fantastic! I ordered this for my bridal party and couldn't be happier. I'm so happy with how this turned out. Everyone kept asking where I got this."
"Bespoke 16oz Acrylic Tumbler | Personalized Bridal Party & Wedding Favor","Sarah M.",5,"2026-05-12","Absolutely stunning! I ordered this for my bridal party and couldn't be happier. Everyone kept asking where I got this. Such a premium feel to it."
"Bespoke 16oz Acrylic Tumbler | Personalized Bridal Party & Wedding Favor","Emily R.",4,"2025-06-25","Incredible! I ordered this for my fiance and couldn't be happier. Shipping was super fast and it was packaged perfectly. The customization was exactly as I requested."
"Bespoke 16oz Acrylic Tumbler | Personalized Bridal Party & Wedding Favor","Emily R.",5,"2025-09-03","Gorgeous! I ordered this for my bridal party and couldn't be happier. Everyone kept asking where I got this. It added the perfect touch to our special day."
"Bespoke 16oz Acrylic Tumbler | Personalized Bridal Party & Wedding Favor","Samantha W.",5,"2026-04-30","Breathtaking! I ordered this for my bridal shower and couldn't be happier. I'm so happy with how this turned out. I've recommended this shop to all my engaged friends."
"Bespoke 16oz Acrylic Tumbler | Personalized Bridal Party & Wedding Favor","Grace B.",5,"2026-03-08","Absolutely stunning! I ordered this for my bridesmaids and couldn't be happier. It added the perfect touch to our special day. The customization was exactly as I requested."
"Bespoke 16oz Acrylic Tumbler | Personalized Bridal Party & Wedding Favor","Grace B.",5,"2025-10-06","Perfect! I ordered this for my groomsmen and couldn't be happier. It added the perfect touch to our special day. The quality is unmatched."
"Bespoke 16oz Acrylic Tumbler | Personalized Bridal Party & Wedding Favor","Sophia K.",5,"2026-01-19","Fantastic! I ordered this for our wedding day and couldn't be happier. I've recommended this shop to all my engaged friends. The material feels very luxurious."
"Bespoke Matte Acrylic Tumbler | Personalized Bridal Party Heirloom","Charlotte R.",5,"2025-11-21","Fantastic! I ordered this for my wedding and couldn't be happier. Customer service was so helpful too. The customization was exactly as I requested."
"Bespoke Matte Acrylic Tumbler | Personalized Bridal Party Heirloom","Isabella G.",5,"2025-05-30","Lovely! I ordered this for my bridesmaids and couldn't be happier. Everyone kept asking where I got this. The details are just immaculate."
"Bespoke Matte Acrylic Tumbler | Personalized Bridal Party Heirloom","Isabella G.",5,"2025-08-30","Gorgeous! I ordered this for my bachelorette party and couldn't be happier. The material feels very luxurious. I will definitely be ordering again."
"Bespoke Matte Acrylic Tumbler | Personalized Bridal Party Heirloom","Emma T.",5,"2025-09-09","Flawless! I ordered this for our rehearsal dinner and couldn't be happier. Shipping was super fast and it was packaged perfectly. I'm so happy with how this turned out."
"Bespoke Matte Acrylic Tumbler | Personalized Bridal Party Heirloom","Alexis N.",5,"2025-09-05","Amazing! I ordered this for my wedding and couldn't be happier. Such a premium feel to it. The material feels very luxurious."
"Bespoke Matte Acrylic Tumbler | Personalized Bridal Party Heirloom","Robert S.",5,"2025-08-23","Amazing! I ordered this for my bridal party and couldn't be happier. Everyone kept asking where I got this. Such a premium feel to it."
"Bespoke Matte Acrylic Tumbler | Personalized Bridal Party Heirloom","Victoria J.",5,"2026-05-12","Fantastic! I ordered this for a gift and couldn't be happier. The quality is unmatched. I'm so happy with how this turned out."
"Bespoke Matte Acrylic Tumbler | Personalized Bridal Party Heirloom","Jessica T.",5,"2026-05-03","Flawless! I ordered this for my wedding and couldn't be happier. It added the perfect touch to our special day. Everyone kept asking where I got this."
"Bespoke Matte Acrylic Tumbler | Personalized Bridal Party Heirloom","Sarah M.",5,"2025-11-14","Gorgeous! I ordered this for my fiance and couldn't be happier. I've recommended this shop to all my engaged friends. The material feels very luxurious."
"Bespoke Matte Acrylic Tumbler | Personalized Bridal Party Heirloom","Rachel D.",5,"2025-05-23","Gorgeous! I ordered this for my bachelorette party and couldn't be happier. It added the perfect touch to our special day. Shipping was super fast and it was packaged perfectly."
"Bespoke Matte Acrylic Tumbler | Personalized Bridal Party Heirloom","Matthew B.",5,"2026-01-24","Perfect! I ordered this for my wedding and couldn't be happier. I will definitely be ordering again. This was my favorite purchase for the wedding."
"Bespoke Matte Acrylic Tumbler | Personalized Bridal Party Heirloom","Joseph D.",5,"2026-01-31","Amazing! I ordered this for the big day and couldn't be happier. It added the perfect touch to our special day. I'm so happy with how this turned out."
"Bespoke Matte Acrylic Tumbler | Personalized Bridal Party Heirloom","Emily R.",5,"2026-02-12","Breathtaking! I ordered this for my bridal shower and couldn't be happier. The material feels very luxurious. Such a premium feel to it."
"Bespoke Matte Acrylic Tumbler | Personalized Bridal Party Heirloom","Amanda C.",5,"2025-06-07","Premium quality! I ordered this for the big day and couldn't be happier. I will definitely be ordering again. Such a premium feel to it."
"Bespoke Matte Acrylic Tumbler | Personalized Bridal Party Heirloom","Christopher H.",5,"2025-10-08","Exquisite! I ordered this for my bridal party and couldn't be happier. Shipping was super fast and it was packaged perfectly. I will definitely be ordering again."
"Bespoke Matte Acrylic Tumbler | Personalized Bridal Party Heirloom","Chloe E.",5,"2026-04-11","Absolutely stunning! I ordered this for my bridesmaids and couldn't be happier. The material feels very luxurious. Customer service was so helpful too."
"Bespoke Matte Acrylic Tumbler | Personalized Bridal Party Heirloom","Victoria J.",5,"2026-04-20","Lovely! I ordered this for our wedding day and couldn't be happier. The details are just immaculate. Shipping was super fast and it was packaged perfectly."
"Bespoke Matte Acrylic Tumbler | Personalized Bridal Party Heirloom","Daniel P.",5,"2025-10-08","So elegant! I ordered this for my wedding and couldn't be happier. The quality is unmatched. Everyone kept asking where I got this."
"Bespoke Matte Acrylic Tumbler | Personalized Bridal Party Heirloom","Hannah G.",5,"2025-07-26","Breathtaking! I ordered this for my bachelorette party and couldn't be happier. The details are just immaculate. This was my favorite purchase for the wedding."
"Bespoke Matte Acrylic Tumbler | Personalized Bridal Party Heirloom","Robert S.",5,"2026-05-06","Absolutely stunning! I ordered this for our wedding day and couldn't be happier. It looks even better in person. This was my favorite purchase for the wedding."
"Bespoke Hand-Crocheted Bridal Tote | Personalized Heirloom Beach Bag","William L.",5,"2026-03-03","Absolutely stunning! I ordered this for my fiance and couldn't be happier. I've recommended this shop to all my engaged friends. I will definitely be ordering again."
"Bespoke Hand-Crocheted Bridal Tote | Personalized Heirloom Beach Bag","Madison A.",5,"2026-05-08","Lovely! I ordered this for my bridal party and couldn't be happier. I've recommended this shop to all my engaged friends. The details are just immaculate."
"Bespoke Hand-Crocheted Bridal Tote | Personalized Heirloom Beach Bag","Victoria J.",4,"2026-01-18","Incredible! I ordered this for my bridal party and couldn't be happier. Everyone kept asking where I got this. Customer service was so helpful too."
"Bespoke Hand-Crocheted Bridal Tote | Personalized Heirloom Beach Bag","Jessica T.",5,"2026-01-16","Beyond expectations! I ordered this for a gift and couldn't be happier. Customer service was so helpful too. The customization was exactly as I requested."
"Bespoke Hand-Crocheted Bridal Tote | Personalized Heirloom Beach Bag","Robert S.",5,"2025-09-03","Beyond expectations! I ordered this for my bridal shower and couldn't be happier. It added the perfect touch to our special day. Everyone kept asking where I got this."
"Bespoke Hand-Crocheted Bridal Tote | Personalized Heirloom Beach Bag","Isabella G.",4,"2025-06-14","High quality! I ordered this for our rehearsal dinner and couldn't be happier. Everyone kept asking where I got this. It looks even better in person."
"Bespoke Hand-Crocheted Bridal Tote | Personalized Heirloom Beach Bag","Sydney C.",5,"2026-05-10","So elegant! I ordered this for a gift and couldn't be happier. Customer service was so helpful too. It added the perfect touch to our special day."
"Bespoke Hand-Crocheted Bridal Tote | Personalized Heirloom Beach Bag","Joseph D.",5,"2025-08-28","Perfect! I ordered this for the big day and couldn't be happier. The details are just immaculate. I will definitely be ordering again."
"Bespoke Hand-Crocheted Bridal Tote | Personalized Heirloom Beach Bag","Mia L.",5,"2026-03-01","Incredible! I ordered this for my bridesmaids and couldn't be happier. Such a premium feel to it. The details are just immaculate."
"Bespoke Hand-Crocheted Bridal Tote | Personalized Heirloom Beach Bag","Ashley B.",5,"2025-12-15","High quality! I ordered this for my groomsmen and couldn't be happier. I've recommended this shop to all my engaged friends. The customization was exactly as I requested."
"Bespoke Hand-Crocheted Bridal Tote | Personalized Heirloom Beach Bag","Jessica T.",5,"2026-02-04","Beyond expectations! I ordered this for my fiance and couldn't be happier. It added the perfect touch to our special day. I will definitely be ordering again."
"Bespoke Hand-Crocheted Bridal Tote | Personalized Heirloom Beach Bag","Alexis N.",5,"2025-12-14","Absolutely stunning! I ordered this for my groomsmen and couldn't be happier. Such a premium feel to it. Everyone kept asking where I got this."
"Bespoke Hand-Crocheted Bridal Tote | Personalized Heirloom Beach Bag","Ashley B.",4,"2025-06-07","Amazing! I ordered this for my bridal party and couldn't be happier. The customization was exactly as I requested. It added the perfect touch to our special day."
"Bespoke Hand-Crocheted Bridal Tote | Personalized Heirloom Beach Bag","Madison A.",5,"2025-06-21","Exquisite! I ordered this for my bridal party and couldn't be happier. Customer service was so helpful too. It added the perfect touch to our special day."
"Bespoke Hand-Crocheted Bridal Tote | Personalized Heirloom Beach Bag","John C.",5,"2026-05-07","High quality! I ordered this for my bridal party and couldn't be happier. Such a premium feel to it. The quality is unmatched."
"Bespoke Hand-Crocheted Bridal Tote | Personalized Heirloom Beach Bag","Mia L.",4,"2025-10-01","Gorgeous! I ordered this for my groomsmen and couldn't be happier. The details are just immaculate. The quality is unmatched."
"Bespoke Hand-Crocheted Bridal Tote | Personalized Heirloom Beach Bag","Emma T.",5,"2026-04-22","Fantastic! I ordered this for my bridesmaids and couldn't be happier. It added the perfect touch to our special day. The quality is unmatched."
"Bespoke Hand-Crocheted Bridal Tote | Personalized Heirloom Beach Bag","Mia L.",4,"2026-03-26","Amazing! I ordered this for my wedding and couldn't be happier. This was my favorite purchase for the wedding. I've recommended this shop to all my engaged friends."
"Bespoke Hand-Crocheted Bridal Tote | Personalized Heirloom Beach Bag","James R.",5,"2025-07-18","High quality! I ordered this for my bridesmaids and couldn't be happier. The customization was exactly as I requested. Shipping was super fast and it was packaged perfectly."
"Bespoke Hand-Crocheted Bridal Tote | Personalized Heirloom Beach Bag","William L.",5,"2025-09-01","High quality! I ordered this for my groomsmen and couldn't be happier. Customer service was so helpful too. It added the perfect touch to our special day."
"Bespoke Engraved Champagne Flute | Personalized Bridal Party Glassware","Abigail P.",5,"2026-05-08","Fantastic! I ordered this for my fiance and couldn't be happier. Customer service was so helpful too. It looks even better in person."
"Bespoke Engraved Champagne Flute | Personalized Bridal Party Glassware","Jessica T.",5,"2026-04-18","Exquisite! I ordered this for my bridesmaids and couldn't be happier. Such a premium feel to it. I'm so happy with how this turned out."
"Bespoke Engraved Champagne Flute | Personalized Bridal Party Glassware","Rachel D.",5,"2025-09-25","High quality! I ordered this for a gift and couldn't be happier. Everyone kept asking where I got this. I've recommended this shop to all my engaged friends."
"Bespoke Engraved Champagne Flute | Personalized Bridal Party Glassware","Brittany L.",4,"2025-08-03","Beyond expectations! I ordered this for a gift and couldn't be happier. Such a premium feel to it. I will definitely be ordering again."
"Bespoke Engraved Champagne Flute | Personalized Bridal Party Glassware","John C.",5,"2026-02-01","Incredible! I ordered this for my fiance and couldn't be happier. I'm so happy with how this turned out. It added the perfect touch to our special day."
"Bespoke Engraved Champagne Flute | Personalized Bridal Party Glassware","Megan S.",5,"2026-01-08","Lovely! I ordered this for my bridesmaids and couldn't be happier. The material feels very luxurious. It added the perfect touch to our special day."
"Bespoke Engraved Champagne Flute | Personalized Bridal Party Glassware","Nicole K.",5,"2026-02-10","Absolutely stunning! I ordered this for our rehearsal dinner and couldn't be happier. It added the perfect touch to our special day. Such a premium feel to it."
"Bespoke Engraved Champagne Flute | Personalized Bridal Party Glassware","Hannah G.",5,"2025-10-21","Beautiful! I ordered this for our rehearsal dinner and couldn't be happier. Everyone kept asking where I got this. I've recommended this shop to all my engaged friends."
"Bespoke Engraved Champagne Flute | Personalized Bridal Party Glassware","Elizabeth V.",5,"2026-02-28","So elegant! I ordered this for my bridal shower and couldn't be happier. Customer service was so helpful too. Everyone kept asking where I got this."
"Bespoke Engraved Champagne Flute | Personalized Bridal Party Glassware","Natalie M.",5,"2026-01-23","Gorgeous! I ordered this for the big day and couldn't be happier. I will definitely be ordering again. The details are just immaculate."
"Bespoke Engraved Champagne Flute | Personalized Bridal Party Glassware","Sophia K.",5,"2025-12-06","Lovely! I ordered this for my bridal party and couldn't be happier. The material feels very luxurious. I've recommended this shop to all my engaged friends."
"Bespoke Engraved Champagne Flute | Personalized Bridal Party Glassware","Charlotte R.",5,"2026-01-08","Beautiful! I ordered this for my wedding and couldn't be happier. The customization was exactly as I requested. Such a premium feel to it."
"Bespoke Engraved Champagne Flute | Personalized Bridal Party Glassware","Michael T.",5,"2025-11-30","Gorgeous! I ordered this for my groomsmen and couldn't be happier. It added the perfect touch to our special day. Customer service was so helpful too."
"Bespoke Engraved Champagne Flute | Personalized Bridal Party Glassware","Amanda C.",5,"2025-10-21","So elegant! I ordered this for my wedding and couldn't be happier. Everyone kept asking where I got this. It looks even better in person."
"Bespoke Engraved Champagne Flute | Personalized Bridal Party Glassware","Mia L.",5,"2025-11-19","Amazing! I ordered this for a gift and couldn't be happier. I've recommended this shop to all my engaged friends. It added the perfect touch to our special day."
"Bespoke Engraved Champagne Flute | Personalized Bridal Party Glassware","Natalie M.",5,"2026-01-25","Exquisite! I ordered this for our rehearsal dinner and couldn't be happier. It added the perfect touch to our special day. I will definitely be ordering again."
"Bespoke Engraved Champagne Flute | Personalized Bridal Party Glassware","Jessica T.",5,"2026-03-06","Amazing! I ordered this for our wedding day and couldn't be happier. The details are just immaculate. I'm so happy with how this turned out."
"Bespoke Engraved Champagne Flute | Personalized Bridal Party Glassware","Christopher H.",5,"2025-07-31","Lovely! I ordered this for my groomsmen and couldn't be happier. Customer service was so helpful too. This was my favorite purchase for the wedding."
"Bespoke Engraved Champagne Flute | Personalized Bridal Party Glassware","Elizabeth V.",5,"2025-12-10","Amazing! I ordered this for a gift and couldn't be happier. It looks even better in person. I will definitely be ordering again."
"Bespoke Engraved Champagne Flute | Personalized Bridal Party Glassware","Olivia H.",5,"2026-01-04","Gorgeous! I ordered this for my bridesmaids and couldn't be happier. The customization was exactly as I requested. The material feels very luxurious."
"Bespoke Embroidered Heirloom Canvas Tote | Custom Bridal Party Gift","Sophia K.",5,"2025-06-24","Exquisite! I ordered this for my bachelorette party and couldn't be happier. Customer service was so helpful too. The customization was exactly as I requested."
"Bespoke Embroidered Heirloom Canvas Tote | Custom Bridal Party Gift","Joseph D.",5,"2025-07-02","Absolutely stunning! I ordered this for our rehearsal dinner and couldn't be happier. Everyone kept asking where I got this. The customization was exactly as I requested."
"Bespoke Embroidered Heirloom Canvas Tote | Custom Bridal Party Gift","Hannah G.",5,"2026-02-23","Flawless! I ordered this for my groomsmen and couldn't be happier. Shipping was super fast and it was packaged perfectly. The customization was exactly as I requested."
"Bespoke Embroidered Heirloom Canvas Tote | Custom Bridal Party Gift","Elizabeth V.",4,"2025-11-18","Beautiful! I ordered this for the big day and couldn't be happier. This was my favorite purchase for the wedding. Everyone kept asking where I got this."
"Bespoke Embroidered Heirloom Canvas Tote | Custom Bridal Party Gift","William L.",5,"2025-10-07","Fantastic! I ordered this for our rehearsal dinner and couldn't be happier. Such a premium feel to it. It added the perfect touch to our special day."
"Bespoke Embroidered Heirloom Canvas Tote | Custom Bridal Party Gift","James R.",5,"2026-02-09","Breathtaking! I ordered this for my wedding and couldn't be happier. Customer service was so helpful too. It added the perfect touch to our special day."
"Bespoke Embroidered Heirloom Canvas Tote | Custom Bridal Party Gift","Isabella G.",5,"2026-04-01","Flawless! I ordered this for my bridal party and couldn't be happier. The customization was exactly as I requested. Such a premium feel to it."
"Bespoke Embroidered Heirloom Canvas Tote | Custom Bridal Party Gift","Michael T.",5,"2025-09-21","Gorgeous! I ordered this for our rehearsal dinner and couldn't be happier. Everyone kept asking where I got this. It looks even better in person."
"Bespoke Embroidered Heirloom Canvas Tote | Custom Bridal Party Gift","Jessica T.",4,"2026-02-21","Lovely! I ordered this for our rehearsal dinner and couldn't be happier. I will definitely be ordering again. The quality is unmatched."
"Bespoke Embroidered Heirloom Canvas Tote | Custom Bridal Party Gift","Hannah G.",5,"2026-01-31","Perfect! I ordered this for my bridesmaids and couldn't be happier. Customer service was so helpful too. The quality is unmatched."
"Bespoke Embroidered Heirloom Canvas Tote | Custom Bridal Party Gift","Sarah M.",5,"2026-05-03","Fantastic! I ordered this for our rehearsal dinner and couldn't be happier. It looks even better in person. This was my favorite purchase for the wedding."
"Bespoke Embroidered Heirloom Canvas Tote | Custom Bridal Party Gift","Sydney C.",4,"2025-10-15","Premium quality! I ordered this for my bridal party and couldn't be happier. I will definitely be ordering again. Everyone kept asking where I got this."
"Bespoke Embroidered Heirloom Canvas Tote | Custom Bridal Party Gift","Isabella G.",4,"2025-10-28","Flawless! I ordered this for our wedding day and couldn't be happier. It added the perfect touch to our special day. Everyone kept asking where I got this."
"Bespoke Embroidered Heirloom Canvas Tote | Custom Bridal Party Gift","Joseph D.",5,"2025-09-01","Absolutely stunning! I ordered this for my bridal shower and couldn't be happier. The customization was exactly as I requested. The quality is unmatched."
"Bespoke Embroidered Heirloom Canvas Tote | Custom Bridal Party Gift","Kayla P.",5,"2026-02-02","Beautiful! I ordered this for our wedding day and couldn't be happier. The details are just immaculate. The quality is unmatched."
"Bespoke Embroidered Heirloom Canvas Tote | Custom Bridal Party Gift","Grace B.",5,"2025-12-24","Gorgeous! I ordered this for my wedding and couldn't be happier. Customer service was so helpful too. It added the perfect touch to our special day."
"Bespoke Embroidered Heirloom Canvas Tote | Custom Bridal Party Gift","Megan S.",5,"2025-12-28","Premium quality! I ordered this for our rehearsal dinner and couldn't be happier. Everyone kept asking where I got this. Such a premium feel to it."
"Bespoke Embroidered Heirloom Canvas Tote | Custom Bridal Party Gift","Rachel D.",5,"2025-11-17","Premium quality! I ordered this for my bachelorette party and couldn't be happier. It added the perfect touch to our special day. Everyone kept asking where I got this."
"Bespoke Embroidered Heirloom Canvas Tote | Custom Bridal Party Gift","Matthew B.",5,"2026-01-16","Premium quality! I ordered this for my bridal shower and couldn't be happier. It looks even better in person. This was my favorite purchase for the wedding."
"Bespoke Embroidered Heirloom Canvas Tote | Custom Bridal Party Gift","Taylor F.",5,"2025-10-23","So elegant! I ordered this for my fiance and couldn't be happier. It looks even better in person. This was my favorite purchase for the wedding."
"Personalized Organic Turkish Cotton Towel | Bespoke Bridal Party Gift & Wedding Favor","Abigail P.",4,"2025-10-08","Breathtaking! I ordered this for the big day and couldn't be happier. The material feels very luxurious. The customization was exactly as I requested."
"Personalized Organic Turkish Cotton Towel | Bespoke Bridal Party Gift & Wedding Favor","Emily R.",5,"2025-10-02","So elegant! I ordered this for our rehearsal dinner and couldn't be happier. This was my favorite purchase for the wedding. The quality is unmatched."
"Personalized Organic Turkish Cotton Towel | Bespoke Bridal Party Gift & Wedding Favor","Matthew B.",5,"2025-09-13","Incredible! I ordered this for my wedding and couldn't be happier. I've recommended this shop to all my engaged friends. Everyone kept asking where I got this."
"Personalized Organic Turkish Cotton Towel | Bespoke Bridal Party Gift & Wedding Favor","John C.",5,"2025-12-06","Exquisite! I ordered this for our wedding day and couldn't be happier. Everyone kept asking where I got this. I've recommended this shop to all my engaged friends."
"Personalized Organic Turkish Cotton Towel | Bespoke Bridal Party Gift & Wedding Favor","Jessica T.",5,"2025-11-20","So elegant! I ordered this for a gift and couldn't be happier. Shipping was super fast and it was packaged perfectly. I've recommended this shop to all my engaged friends."
"Personalized Organic Turkish Cotton Towel | Bespoke Bridal Party Gift & Wedding Favor","Rachel D.",4,"2025-05-20","So elegant! I ordered this for my bridesmaids and couldn't be happier. Such a premium feel to it. This was my favorite purchase for the wedding."
"Personalized Organic Turkish Cotton Towel | Bespoke Bridal Party Gift & Wedding Favor","Victoria J.",4,"2025-07-11","Incredible! I ordered this for my bridal shower and couldn't be happier. Such a premium feel to it. Shipping was super fast and it was packaged perfectly."
"Personalized Organic Turkish Cotton Towel | Bespoke Bridal Party Gift & Wedding Favor","Rachel D.",5,"2026-01-01","Gorgeous! I ordered this for our rehearsal dinner and couldn't be happier. This was my favorite purchase for the wedding. It added the perfect touch to our special day."
"Personalized Organic Turkish Cotton Towel | Bespoke Bridal Party Gift & Wedding Favor","Jessica T.",5,"2025-07-03","Amazing! I ordered this for my groomsmen and couldn't be happier. I've recommended this shop to all my engaged friends. The customization was exactly as I requested."
"Personalized Organic Turkish Cotton Towel | Bespoke Bridal Party Gift & Wedding Favor","Hannah G.",5,"2025-11-25","Fantastic! I ordered this for my bridesmaids and couldn't be happier. Such a premium feel to it. This was my favorite purchase for the wedding."
"Personalized Organic Turkish Cotton Towel | Bespoke Bridal Party Gift & Wedding Favor","Jessica T.",4,"2025-06-03","Perfect! I ordered this for our rehearsal dinner and couldn't be happier. I'm so happy with how this turned out. It looks even better in person."
"Personalized Organic Turkish Cotton Towel | Bespoke Bridal Party Gift & Wedding Favor","Sydney C.",5,"2026-04-28","Gorgeous! I ordered this for my groomsmen and couldn't be happier. The material feels very luxurious. It looks even better in person."
"Personalized Organic Turkish Cotton Towel | Bespoke Bridal Party Gift & Wedding Favor","Sophia K.",5,"2026-04-25","Breathtaking! I ordered this for my bachelorette party and couldn't be happier. Everyone kept asking where I got this. It looks even better in person."
"Personalized Organic Turkish Cotton Towel | Bespoke Bridal Party Gift & Wedding Favor","Ava S.",5,"2025-08-18","Perfect! I ordered this for my bachelorette party and couldn't be happier. Customer service was so helpful too. It added the perfect touch to our special day."
"Personalized Organic Turkish Cotton Towel | Bespoke Bridal Party Gift & Wedding Favor","Hannah G.",5,"2026-01-10","Gorgeous! I ordered this for our wedding day and couldn't be happier. The details are just immaculate. This was my favorite purchase for the wedding."
"Personalized Organic Turkish Cotton Towel | Bespoke Bridal Party Gift & Wedding Favor","Olivia H.",5,"2025-10-20","Absolutely stunning! I ordered this for our wedding day and couldn't be happier. Everyone kept asking where I got this. It added the perfect touch to our special day."
"Personalized Organic Turkish Cotton Towel | Bespoke Bridal Party Gift & Wedding Favor","Megan S.",5,"2025-09-25","Fantastic! I ordered this for our rehearsal dinner and couldn't be happier. I'm so happy with how this turned out. I've recommended this shop to all my engaged friends."
"Personalized Organic Turkish Cotton Towel | Bespoke Bridal Party Gift & Wedding Favor","Jessica T.",5,"2025-10-31","Lovely! I ordered this for our wedding day and couldn't be happier. It looks even better in person. The material feels very luxurious."
"Personalized Organic Turkish Cotton Towel | Bespoke Bridal Party Gift & Wedding Favor","Victoria J.",4,"2025-12-30","Beautiful! I ordered this for our rehearsal dinner and couldn't be happier. Customer service was so helpful too. Shipping was super fast and it was packaged perfectly."
"Personalized Organic Turkish Cotton Towel | Bespoke Bridal Party Gift & Wedding Favor","Ashley B.",5,"2026-04-04","Premium quality! I ordered this for a gift and couldn't be happier. I've recommended this shop to all my engaged friends. The customization was exactly as I requested."
"Bespoke Satin Bridesmaid Pajama Set | Personalized Luxury Bridal Sleepwear","William L.",5,"2025-09-29","Beyond expectations! I ordered this for a gift and couldn't be happier. Shipping was super fast and it was packaged perfectly. Customer service was so helpful too."
"Bespoke Satin Bridesmaid Pajama Set | Personalized Luxury Bridal Sleepwear","Amanda C.",5,"2025-05-20","Premium quality! I ordered this for my fiance and couldn't be happier. It added the perfect touch to our special day. Shipping was super fast and it was packaged perfectly."
"Bespoke Satin Bridesmaid Pajama Set | Personalized Luxury Bridal Sleepwear","Christopher H.",5,"2025-06-29","Exquisite! I ordered this for the big day and couldn't be happier. The quality is unmatched. It looks even better in person."
"Bespoke Satin Bridesmaid Pajama Set | Personalized Luxury Bridal Sleepwear","Natalie M.",5,"2025-05-31","High quality! I ordered this for my bridal shower and couldn't be happier. The customization was exactly as I requested. Shipping was super fast and it was packaged perfectly."
"Bespoke Satin Bridesmaid Pajama Set | Personalized Luxury Bridal Sleepwear","Amanda C.",5,"2026-02-15","Beautiful! I ordered this for my bridal shower and couldn't be happier. The details are just immaculate. It added the perfect touch to our special day."
"Bespoke Satin Bridesmaid Pajama Set | Personalized Luxury Bridal Sleepwear","Hannah G.",5,"2025-10-15","So elegant! I ordered this for our wedding day and couldn't be happier. The quality is unmatched. It added the perfect touch to our special day."
"Bespoke Satin Bridesmaid Pajama Set | Personalized Luxury Bridal Sleepwear","Amanda C.",5,"2025-12-17","Premium quality! I ordered this for my groomsmen and couldn't be happier. I'm so happy with how this turned out. The details are just immaculate."
"Bespoke Satin Bridesmaid Pajama Set | Personalized Luxury Bridal Sleepwear","Hannah G.",4,"2026-03-25","Exquisite! I ordered this for my bachelorette party and couldn't be happier. Such a premium feel to it. The quality is unmatched."
"Bespoke Satin Bridesmaid Pajama Set | Personalized Luxury Bridal Sleepwear","Samantha W.",5,"2026-03-28","Beautiful! I ordered this for my bridal shower and couldn't be happier. It added the perfect touch to our special day. The quality is unmatched."
"Bespoke Satin Bridesmaid Pajama Set | Personalized Luxury Bridal Sleepwear","Sophia K.",5,"2026-02-17","Lovely! I ordered this for my bridal party and couldn't be happier. The details are just immaculate. I will definitely be ordering again."
"Bespoke Satin Bridesmaid Pajama Set | Personalized Luxury Bridal Sleepwear","Ava S.",4,"2025-07-06","Premium quality! I ordered this for my bridesmaids and couldn't be happier. The quality is unmatched. It added the perfect touch to our special day."
"Bespoke Satin Bridesmaid Pajama Set | Personalized Luxury Bridal Sleepwear","Grace B.",5,"2025-09-14","Amazing! I ordered this for my bridesmaids and couldn't be happier. The details are just immaculate. Such a premium feel to it."
"Bespoke Satin Bridesmaid Pajama Set | Personalized Luxury Bridal Sleepwear","Emma T.",4,"2025-06-20","Gorgeous! I ordered this for the big day and couldn't be happier. The quality is unmatched. It looks even better in person."
"Bespoke Satin Bridesmaid Pajama Set | Personalized Luxury Bridal Sleepwear","Alexis N.",5,"2025-10-22","So elegant! I ordered this for my bridesmaids and couldn't be happier. Shipping was super fast and it was packaged perfectly. This was my favorite purchase for the wedding."
"Bespoke Satin Bridesmaid Pajama Set | Personalized Luxury Bridal Sleepwear","Rachel D.",5,"2025-06-05","Perfect! I ordered this for my bridal party and couldn't be happier. Everyone kept asking where I got this. It looks even better in person."
"Bespoke Satin Bridesmaid Pajama Set | Personalized Luxury Bridal Sleepwear","Isabella G.",4,"2026-05-10","High quality! I ordered this for my groomsmen and couldn't be happier. Customer service was so helpful too. I've recommended this shop to all my engaged friends."
"Bespoke Satin Bridesmaid Pajama Set | Personalized Luxury Bridal Sleepwear","Chloe E.",5,"2026-02-03","Exquisite! I ordered this for my bridesmaids and couldn't be happier. This was my favorite purchase for the wedding. It looks even better in person."
"Bespoke Satin Bridesmaid Pajama Set | Personalized Luxury Bridal Sleepwear","Victoria J.",5,"2025-12-04","Amazing! I ordered this for my bridal party and couldn't be happier. The quality is unmatched. Everyone kept asking where I got this."
"Bespoke Satin Bridesmaid Pajama Set | Personalized Luxury Bridal Sleepwear","Alexis N.",5,"2025-10-18","High quality! I ordered this for my groomsmen and couldn't be happier. I've recommended this shop to all my engaged friends. The details are just immaculate."
"Bespoke Satin Bridesmaid Pajama Set | Personalized Luxury Bridal Sleepwear","Nicole K.",5,"2025-11-26","Perfect! I ordered this for my bridal shower and couldn't be happier. Shipping was super fast and it was packaged perfectly. I'm so happy with how this turned out."
"Bespoke Heirloom Whiskey Glass & Decanter Collection","Elizabeth V.",5,"2025-12-16","Incredible! I ordered this for my bridesmaids and couldn't be happier. The details are just immaculate. I will definitely be ordering again."
"Bespoke Heirloom Whiskey Glass & Decanter Collection","Grace B.",5,"2025-08-09","Flawless! I ordered this for my bachelorette party and couldn't be happier. The quality is unmatched. It added the perfect touch to our special day."
"Bespoke Heirloom Whiskey Glass & Decanter Collection","Megan S.",5,"2025-06-24","Beautiful! I ordered this for a gift and couldn't be happier. The details are just immaculate. I'm so happy with how this turned out."
"Bespoke Heirloom Whiskey Glass & Decanter Collection","Robert S.",5,"2025-07-21","Premium quality! I ordered this for my bachelorette party and couldn't be happier. The quality is unmatched. It looks even better in person."
"Bespoke Heirloom Whiskey Glass & Decanter Collection","Charlotte R.",5,"2026-05-05","Beautiful! I ordered this for my bridal shower and couldn't be happier. Everyone kept asking where I got this. Such a premium feel to it."
"Bespoke Heirloom Whiskey Glass & Decanter Collection","Amanda C.",5,"2025-07-25","Exquisite! I ordered this for my wedding and couldn't be happier. Shipping was super fast and it was packaged perfectly. The material feels very luxurious."
"Bespoke Heirloom Whiskey Glass & Decanter Collection","Jessica T.",5,"2026-02-12","Fantastic! I ordered this for my bachelorette party and couldn't be happier. I'm so happy with how this turned out. The material feels very luxurious."
"Bespoke Heirloom Whiskey Glass & Decanter Collection","Taylor F.",4,"2025-06-15","Gorgeous! I ordered this for the big day and couldn't be happier. It added the perfect touch to our special day. I've recommended this shop to all my engaged friends."
"Bespoke Heirloom Whiskey Glass & Decanter Collection","David M.",5,"2025-07-03","Absolutely stunning! I ordered this for our wedding day and couldn't be happier. I will definitely be ordering again. I'm so happy with how this turned out."
"Bespoke Heirloom Whiskey Glass & Decanter Collection","Amanda C.",5,"2026-01-03","Lovely! I ordered this for my bridesmaids and couldn't be happier. The details are just immaculate. Everyone kept asking where I got this."
"Bespoke Heirloom Whiskey Glass & Decanter Collection","Kayla P.",5,"2025-10-08","Amazing! I ordered this for my bridal party and couldn't be happier. This was my favorite purchase for the wedding. It looks even better in person."
"Bespoke Heirloom Whiskey Glass & Decanter Collection","Victoria J.",5,"2025-07-05","High quality! I ordered this for my groomsmen and couldn't be happier. The material feels very luxurious. This was my favorite purchase for the wedding."
"Bespoke Heirloom Whiskey Glass & Decanter Collection","Megan S.",5,"2025-07-27","Beyond expectations! I ordered this for my bridesmaids and couldn't be happier. Such a premium feel to it. I will definitely be ordering again."
"Bespoke Heirloom Whiskey Glass & Decanter Collection","Sydney C.",4,"2025-12-21","Amazing! I ordered this for our rehearsal dinner and couldn't be happier. It added the perfect touch to our special day. I will definitely be ordering again."
"Bespoke Heirloom Whiskey Glass & Decanter Collection","Sydney C.",5,"2025-08-29","Absolutely stunning! I ordered this for my bridal party and couldn't be happier. Everyone kept asking where I got this. Customer service was so helpful too."
"Bespoke Heirloom Whiskey Glass & Decanter Collection","Natalie M.",5,"2026-04-06","Breathtaking! I ordered this for my wedding and couldn't be happier. The material feels very luxurious. The details are just immaculate."
"Bespoke Heirloom Whiskey Glass & Decanter Collection","Hannah G.",5,"2025-08-11","Beautiful! I ordered this for our wedding day and couldn't be happier. Shipping was super fast and it was packaged perfectly. I've recommended this shop to all my engaged friends."
"Bespoke Heirloom Whiskey Glass & Decanter Collection","Emma T.",5,"2025-11-12","Incredible! I ordered this for my wedding and couldn't be happier. Such a premium feel to it. The material feels very luxurious."
"Bespoke Heirloom Whiskey Glass & Decanter Collection","Matthew B.",5,"2026-02-19","Beyond expectations! I ordered this for my bridal shower and couldn't be happier. Shipping was super fast and it was packaged perfectly. The details are just immaculate."
"Bespoke Heirloom Whiskey Glass & Decanter Collection","Madison A.",5,"2026-03-21","High quality! I ordered this for our wedding day and couldn't be happier. I will definitely be ordering again. Shipping was super fast and it was packaged perfectly."
"The Heirloom Acrylic Wedding Invitation Suite | Gold Foil & Fine Art Details","Joseph D.",5,"2025-10-14","Lovely! I ordered this for my bridal shower and couldn't be happier. It looks even better in person. Such a premium feel to it."
"The Heirloom Acrylic Wedding Invitation Suite | Gold Foil & Fine Art Details","Chloe E.",4,"2025-05-30","Incredible! I ordered this for our wedding day and couldn't be happier. It added the perfect touch to our special day. I will definitely be ordering again."
"The Heirloom Acrylic Wedding Invitation Suite | Gold Foil & Fine Art Details","John C.",5,"2025-10-03","Fantastic! I ordered this for my bachelorette party and couldn't be happier. Such a premium feel to it. The details are just immaculate."
"The Heirloom Acrylic Wedding Invitation Suite | Gold Foil & Fine Art Details","Mia L.",5,"2025-07-25","Beyond expectations! I ordered this for my wedding and couldn't be happier. The customization was exactly as I requested. I will definitely be ordering again."
"The Heirloom Acrylic Wedding Invitation Suite | Gold Foil & Fine Art Details","John C.",5,"2026-04-25","Flawless! I ordered this for my bridesmaids and couldn't be happier. It added the perfect touch to our special day. The details are just immaculate."
"The Heirloom Acrylic Wedding Invitation Suite | Gold Foil & Fine Art Details","Olivia H.",5,"2025-08-21","Gorgeous! I ordered this for my wedding and couldn't be happier. Customer service was so helpful too. Everyone kept asking where I got this."
"The Heirloom Acrylic Wedding Invitation Suite | Gold Foil & Fine Art Details","Sophia K.",5,"2025-07-24","Incredible! I ordered this for our rehearsal dinner and couldn't be happier. The customization was exactly as I requested. The material feels very luxurious."
"The Heirloom Acrylic Wedding Invitation Suite | Gold Foil & Fine Art Details","Madison A.",5,"2025-07-10","Gorgeous! I ordered this for our rehearsal dinner and couldn't be happier. The quality is unmatched. The details are just immaculate."
"The Heirloom Acrylic Wedding Invitation Suite | Gold Foil & Fine Art Details","Robert S.",5,"2025-11-22","Amazing! I ordered this for my bridal party and couldn't be happier. The customization was exactly as I requested. The details are just immaculate."
"The Heirloom Acrylic Wedding Invitation Suite | Gold Foil & Fine Art Details","Christopher H.",5,"2025-06-09","So elegant! I ordered this for my groomsmen and couldn't be happier. Customer service was so helpful too. It added the perfect touch to our special day."
"The Heirloom Acrylic Wedding Invitation Suite | Gold Foil & Fine Art Details","Chloe E.",5,"2025-05-26","Amazing! I ordered this for our wedding day and couldn't be happier. Shipping was super fast and it was packaged perfectly. The material feels very luxurious."
"The Heirloom Acrylic Wedding Invitation Suite | Gold Foil & Fine Art Details","Isabella G.",5,"2025-08-19","Absolutely stunning! I ordered this for my bridal shower and couldn't be happier. I'm so happy with how this turned out. Everyone kept asking where I got this."
"The Heirloom Acrylic Wedding Invitation Suite | Gold Foil & Fine Art Details","Sophia K.",5,"2026-04-01","Lovely! I ordered this for my wedding and couldn't be happier. I've recommended this shop to all my engaged friends. Everyone kept asking where I got this."
"The Heirloom Acrylic Wedding Invitation Suite | Gold Foil & Fine Art Details","Sophia K.",5,"2025-12-02","High quality! I ordered this for my bridal party and couldn't be happier. Everyone kept asking where I got this. It looks even better in person."
"The Heirloom Acrylic Wedding Invitation Suite | Gold Foil & Fine Art Details","William L.",5,"2026-03-16","Incredible! I ordered this for our wedding day and couldn't be happier. I've recommended this shop to all my engaged friends. Customer service was so helpful too."
"The Heirloom Acrylic Wedding Invitation Suite | Gold Foil & Fine Art Details","John C.",4,"2025-11-01","Flawless! I ordered this for my bachelorette party and couldn't be happier. Shipping was super fast and it was packaged perfectly. It looks even better in person."
"The Heirloom Acrylic Wedding Invitation Suite | Gold Foil & Fine Art Details","Matthew B.",5,"2025-07-10","Absolutely stunning! I ordered this for my bridal party and couldn't be happier. The customization was exactly as I requested. Everyone kept asking where I got this."
"The Heirloom Acrylic Wedding Invitation Suite | Gold Foil & Fine Art Details","Ava S.",5,"2025-10-14","Premium quality! I ordered this for my bachelorette party and couldn't be happier. The quality is unmatched. Such a premium feel to it."
"The Heirloom Acrylic Wedding Invitation Suite | Gold Foil & Fine Art Details","Kayla P.",5,"2025-05-25","Premium quality! I ordered this for my groomsmen and couldn't be happier. The customization was exactly as I requested. I'm so happy with how this turned out."
"The Heirloom Acrylic Wedding Invitation Suite | Gold Foil & Fine Art Details","Emily R.",4,"2026-05-17","Absolutely stunning! I ordered this for my wedding and couldn't be happier. I will definitely be ordering again. Shipping was super fast and it was packaged perfectly."
"Bespoke Wire Script Bridal Hanger | Personalized Heirloom Wedding Dress Hanger","John C.",5,"2025-12-25","So elegant! I ordered this for my groomsmen and couldn't be happier. The details are just immaculate. Everyone kept asking where I got this."
"Bespoke Wire Script Bridal Hanger | Personalized Heirloom Wedding Dress Hanger","Charlotte R.",5,"2025-10-19","Premium quality! I ordered this for my fiance and couldn't be happier. Shipping was super fast and it was packaged perfectly. The details are just immaculate."
"Bespoke Wire Script Bridal Hanger | Personalized Heirloom Wedding Dress Hanger","Victoria J.",5,"2026-01-18","Premium quality! I ordered this for my bachelorette party and couldn't be happier. It added the perfect touch to our special day. It looks even better in person."
"Bespoke Wire Script Bridal Hanger | Personalized Heirloom Wedding Dress Hanger","Elizabeth V.",5,"2026-02-26","Incredible! I ordered this for my wedding and couldn't be happier. The quality is unmatched. Customer service was so helpful too."
"Bespoke Wire Script Bridal Hanger | Personalized Heirloom Wedding Dress Hanger","Nicole K.",5,"2025-11-21","Exquisite! I ordered this for my bridal party and couldn't be happier. Everyone kept asking where I got this. Customer service was so helpful too."
"Bespoke Wire Script Bridal Hanger | Personalized Heirloom Wedding Dress Hanger","Sarah M.",5,"2026-04-16","Incredible! I ordered this for my groomsmen and couldn't be happier. Customer service was so helpful too. I will definitely be ordering again."
"Bespoke Wire Script Bridal Hanger | Personalized Heirloom Wedding Dress Hanger","Samantha W.",5,"2026-03-08","Perfect! I ordered this for my bridal shower and couldn't be happier. Shipping was super fast and it was packaged perfectly. The details are just immaculate."
"Bespoke Wire Script Bridal Hanger | Personalized Heirloom Wedding Dress Hanger","Emily R.",5,"2025-09-14","Lovely! I ordered this for my wedding and couldn't be happier. I will definitely be ordering again. Such a premium feel to it."
"Bespoke Wire Script Bridal Hanger | Personalized Heirloom Wedding Dress Hanger","Brittany L.",5,"2026-02-22","Exquisite! I ordered this for my bachelorette party and couldn't be happier. The details are just immaculate. It looks even better in person."
"Bespoke Wire Script Bridal Hanger | Personalized Heirloom Wedding Dress Hanger","Madison A.",5,"2026-05-17","Lovely! I ordered this for my bridal party and couldn't be happier. The details are just immaculate. This was my favorite purchase for the wedding."
"Bespoke Wire Script Bridal Hanger | Personalized Heirloom Wedding Dress Hanger","Lauren H.",5,"2026-01-25","So elegant! I ordered this for our wedding day and couldn't be happier. Shipping was super fast and it was packaged perfectly. The details are just immaculate."
"Bespoke Wire Script Bridal Hanger | Personalized Heirloom Wedding Dress Hanger","Alexis N.",5,"2025-11-15","So elegant! I ordered this for my bridal shower and couldn't be happier. The details are just immaculate. The quality is unmatched."
"Bespoke Wire Script Bridal Hanger | Personalized Heirloom Wedding Dress Hanger","Nicole K.",5,"2025-11-21","Exquisite! I ordered this for our rehearsal dinner and couldn't be happier. Such a premium feel to it. Shipping was super fast and it was packaged perfectly."
"Bespoke Wire Script Bridal Hanger | Personalized Heirloom Wedding Dress Hanger","Chloe E.",4,"2025-12-11","Amazing! I ordered this for our wedding day and couldn't be happier. It looks even better in person. I've recommended this shop to all my engaged friends."
"Bespoke Wire Script Bridal Hanger | Personalized Heirloom Wedding Dress Hanger","Joseph D.",5,"2025-10-11","Absolutely stunning! I ordered this for our rehearsal dinner and couldn't be happier. This was my favorite purchase for the wedding. It looks even better in person."
"Bespoke Wire Script Bridal Hanger | Personalized Heirloom Wedding Dress Hanger","Sarah M.",5,"2025-11-15","So elegant! I ordered this for my bridal shower and couldn't be happier. I will definitely be ordering again. It looks even better in person."
"Bespoke Wire Script Bridal Hanger | Personalized Heirloom Wedding Dress Hanger","John C.",5,"2025-07-01","High quality! I ordered this for my bridesmaids and couldn't be happier. It looks even better in person. Everyone kept asking where I got this."
"Bespoke Wire Script Bridal Hanger | Personalized Heirloom Wedding Dress Hanger","Ava S.",5,"2026-01-31","Fantastic! I ordered this for our rehearsal dinner and couldn't be happier. The quality is unmatched. Shipping was super fast and it was packaged perfectly."
"Bespoke Wire Script Bridal Hanger | Personalized Heirloom Wedding Dress Hanger","Elizabeth V.",5,"2025-10-31","Flawless! I ordered this for my bridal party and couldn't be happier. Such a premium feel to it. It added the perfect touch to our special day."
"Bespoke Wire Script Bridal Hanger | Personalized Heirloom Wedding Dress Hanger","Sophia K.",4,"2025-07-22","So elegant! I ordered this for my bachelorette party and couldn't be happier. I'm so happy with how this turned out. The customization was exactly as I requested."
"Bespoke Folded Wedding Place Cards | Heirloom Quality Minimalist Seating Plan","John C.",5,"2025-12-27","High quality! I ordered this for my fiance and couldn't be happier. Everyone kept asking where I got this. I will definitely be ordering again."
"Bespoke Folded Wedding Place Cards | Heirloom Quality Minimalist Seating Plan","Victoria J.",5,"2026-01-28","Beautiful! I ordered this for our rehearsal dinner and couldn't be happier. It looks even better in person. The material feels very luxurious."
"Bespoke Folded Wedding Place Cards | Heirloom Quality Minimalist Seating Plan","Rachel D.",5,"2025-07-28","High quality! I ordered this for my bridesmaids and couldn't be happier. The details are just immaculate. The material feels very luxurious."
"Bespoke Folded Wedding Place Cards | Heirloom Quality Minimalist Seating Plan","Isabella G.",5,"2025-11-24","So elegant! I ordered this for my bridesmaids and couldn't be happier. This was my favorite purchase for the wedding. The details are just immaculate."
"Bespoke Folded Wedding Place Cards | Heirloom Quality Minimalist Seating Plan","Christopher H.",4,"2025-06-29","Perfect! I ordered this for a gift and couldn't be happier. Shipping was super fast and it was packaged perfectly. Customer service was so helpful too."
"Bespoke Folded Wedding Place Cards | Heirloom Quality Minimalist Seating Plan","Sydney C.",5,"2025-07-25","Beautiful! I ordered this for our rehearsal dinner and couldn't be happier. Customer service was so helpful too. Everyone kept asking where I got this."
"Bespoke Folded Wedding Place Cards | Heirloom Quality Minimalist Seating Plan","Sophia K.",5,"2025-07-02","Amazing! I ordered this for our rehearsal dinner and couldn't be happier. It added the perfect touch to our special day. This was my favorite purchase for the wedding."
"Bespoke Folded Wedding Place Cards | Heirloom Quality Minimalist Seating Plan","David M.",5,"2025-06-27","Breathtaking! I ordered this for our rehearsal dinner and couldn't be happier. The quality is unmatched. The material feels very luxurious."
"Bespoke Folded Wedding Place Cards | Heirloom Quality Minimalist Seating Plan","Grace B.",4,"2025-09-29","Beautiful! I ordered this for my bridal shower and couldn't be happier. It looks even better in person. The quality is unmatched."
"Bespoke Folded Wedding Place Cards | Heirloom Quality Minimalist Seating Plan","Joseph D.",5,"2026-04-06","Incredible! I ordered this for our wedding day and couldn't be happier. Customer service was so helpful too. It added the perfect touch to our special day."
"Bespoke Folded Wedding Place Cards | Heirloom Quality Minimalist Seating Plan","Charlotte R.",5,"2025-06-16","Lovely! I ordered this for my bridal party and couldn't be happier. I will definitely be ordering again. Everyone kept asking where I got this."
"Bespoke Folded Wedding Place Cards | Heirloom Quality Minimalist Seating Plan","Emma T.",5,"2025-10-19","Perfect! I ordered this for our rehearsal dinner and couldn't be happier. The material feels very luxurious. It looks even better in person."
"Bespoke Folded Wedding Place Cards | Heirloom Quality Minimalist Seating Plan","Madison A.",5,"2026-04-30","Fantastic! I ordered this for my wedding and couldn't be happier. I'm so happy with how this turned out. I will definitely be ordering again."
"Bespoke Folded Wedding Place Cards | Heirloom Quality Minimalist Seating Plan","Madison A.",5,"2025-08-28","Breathtaking! I ordered this for our rehearsal dinner and couldn't be happier. Such a premium feel to it. Shipping was super fast and it was packaged perfectly."
"Bespoke Folded Wedding Place Cards | Heirloom Quality Minimalist Seating Plan","Nicole K.",5,"2025-10-01","So elegant! I ordered this for my wedding and couldn't be happier. It added the perfect touch to our special day. I'm so happy with how this turned out."
"Bespoke Folded Wedding Place Cards | Heirloom Quality Minimalist Seating Plan","William L.",5,"2025-09-08","So elegant! I ordered this for my bridesmaids and couldn't be happier. Everyone kept asking where I got this. Customer service was so helpful too."
"Bespoke Folded Wedding Place Cards | Heirloom Quality Minimalist Seating Plan","Sarah M.",5,"2026-04-09","Beyond expectations! I ordered this for my fiance and couldn't be happier. Shipping was super fast and it was packaged perfectly. I've recommended this shop to all my engaged friends."
"Bespoke Folded Wedding Place Cards | Heirloom Quality Minimalist Seating Plan","Emily R.",5,"2026-05-07","High quality! I ordered this for a gift and couldn't be happier. This was my favorite purchase for the wedding. Customer service was so helpful too."
"Bespoke Folded Wedding Place Cards | Heirloom Quality Minimalist Seating Plan","Madison A.",5,"2025-09-08","Fantastic! I ordered this for our rehearsal dinner and couldn't be happier. The material feels very luxurious. The customization was exactly as I requested."
"Bespoke Folded Wedding Place Cards | Heirloom Quality Minimalist Seating Plan","Emma T.",5,"2026-01-16","Perfect! I ordered this for a gift and couldn't be happier. I'm so happy with how this turned out. This was my favorite purchase for the wedding."
"Bespoke Laser-Engraved Wedding Shot Glasses (Set of 6)  | 2 oz Heirloom Clear Glass Favors","Joseph D.",5,"2026-01-25","Amazing! I ordered this for the big day and couldn't be happier. This was my favorite purchase for the wedding. Such a premium feel to it."
"Bespoke Laser-Engraved Wedding Shot Glasses (Set of 6)  | 2 oz Heirloom Clear Glass Favors","Charlotte R.",5,"2025-11-27","Breathtaking! I ordered this for my fiance and couldn't be happier. Everyone kept asking where I got this. I will definitely be ordering again."
"Bespoke Laser-Engraved Wedding Shot Glasses (Set of 6)  | 2 oz Heirloom Clear Glass Favors","Rachel D.",5,"2026-04-14","Breathtaking! I ordered this for my bridesmaids and couldn't be happier. The details are just immaculate. This was my favorite purchase for the wedding."
"Bespoke Laser-Engraved Wedding Shot Glasses (Set of 6)  | 2 oz Heirloom Clear Glass Favors","Elizabeth V.",5,"2025-09-16","So elegant! I ordered this for my bridesmaids and couldn't be happier. Customer service was so helpful too. The material feels very luxurious."
"Bespoke Laser-Engraved Wedding Shot Glasses (Set of 6)  | 2 oz Heirloom Clear Glass Favors","Madison A.",5,"2025-10-02","Absolutely stunning! I ordered this for my bridal shower and couldn't be happier. I will definitely be ordering again. The customization was exactly as I requested."
"Bespoke Laser-Engraved Wedding Shot Glasses (Set of 6)  | 2 oz Heirloom Clear Glass Favors","Chloe E.",4,"2026-03-29","Fantastic! I ordered this for the big day and couldn't be happier. The material feels very luxurious. Such a premium feel to it."
"Bespoke Laser-Engraved Wedding Shot Glasses (Set of 6)  | 2 oz Heirloom Clear Glass Favors","Elizabeth V.",5,"2025-12-23","Absolutely stunning! I ordered this for my wedding and couldn't be happier. I'm so happy with how this turned out. Shipping was super fast and it was packaged perfectly."
"Bespoke Laser-Engraved Wedding Shot Glasses (Set of 6)  | 2 oz Heirloom Clear Glass Favors","Mia L.",5,"2025-07-03","Incredible! I ordered this for my wedding and couldn't be happier. I'm so happy with how this turned out. This was my favorite purchase for the wedding."
"Bespoke Laser-Engraved Wedding Shot Glasses (Set of 6)  | 2 oz Heirloom Clear Glass Favors","Abigail P.",5,"2025-10-26","Perfect! I ordered this for my bridal shower and couldn't be happier. Everyone kept asking where I got this. Shipping was super fast and it was packaged perfectly."
"Bespoke Laser-Engraved Wedding Shot Glasses (Set of 6)  | 2 oz Heirloom Clear Glass Favors","Sophia K.",4,"2025-07-26","Fantastic! I ordered this for my groomsmen and couldn't be happier. I will definitely be ordering again. Such a premium feel to it."
"Bespoke Laser-Engraved Wedding Shot Glasses (Set of 6)  | 2 oz Heirloom Clear Glass Favors","Matthew B.",5,"2026-04-30","Premium quality! I ordered this for my bridesmaids and couldn't be happier. I've recommended this shop to all my engaged friends. I'm so happy with how this turned out."
"Bespoke Laser-Engraved Wedding Shot Glasses (Set of 6)  | 2 oz Heirloom Clear Glass Favors","Ava S.",5,"2026-04-26","Perfect! I ordered this for my bridal party and couldn't be happier. Shipping was super fast and it was packaged perfectly. Customer service was so helpful too."
"Bespoke Laser-Engraved Wedding Shot Glasses (Set of 6)  | 2 oz Heirloom Clear Glass Favors","Ashley B.",5,"2025-09-29","Beautiful! I ordered this for my fiance and couldn't be happier. I will definitely be ordering again. The details are just immaculate."
"Bespoke Laser-Engraved Wedding Shot Glasses (Set of 6)  | 2 oz Heirloom Clear Glass Favors","Alexis N.",4,"2025-12-25","So elegant! I ordered this for our wedding day and couldn't be happier. Customer service was so helpful too. The customization was exactly as I requested."
"Bespoke Laser-Engraved Wedding Shot Glasses (Set of 6)  | 2 oz Heirloom Clear Glass Favors","Megan S.",5,"2025-06-08","So elegant! I ordered this for our rehearsal dinner and couldn't be happier. Customer service was so helpful too. It looks even better in person."
"Bespoke Laser-Engraved Wedding Shot Glasses (Set of 6)  | 2 oz Heirloom Clear Glass Favors","Hannah G.",5,"2025-11-24","Exquisite! I ordered this for my bridesmaids and couldn't be happier. The material feels very luxurious. Everyone kept asking where I got this."
"Bespoke Laser-Engraved Wedding Shot Glasses (Set of 6)  | 2 oz Heirloom Clear Glass Favors","Amanda C.",5,"2025-05-20","High quality! I ordered this for my bachelorette party and couldn't be happier. Shipping was super fast and it was packaged perfectly. Everyone kept asking where I got this."
"Bespoke Laser-Engraved Wedding Shot Glasses (Set of 6)  | 2 oz Heirloom Clear Glass Favors","Victoria J.",5,"2026-02-08","Absolutely stunning! I ordered this for a gift and couldn't be happier. The material feels very luxurious. I've recommended this shop to all my engaged friends."
"Bespoke Laser-Engraved Wedding Shot Glasses (Set of 6)  | 2 oz Heirloom Clear Glass Favors","Elizabeth V.",5,"2026-03-24","Perfect! I ordered this for my bridesmaids and couldn't be happier. This was my favorite purchase for the wedding. I've recommended this shop to all my engaged friends."
"Bespoke Laser-Engraved Wedding Shot Glasses (Set of 6)  | 2 oz Heirloom Clear Glass Favors","Ashley B.",5,"2026-01-06","Exquisite! I ordered this for my wedding and couldn't be happier. This was my favorite purchase for the wedding. The details are just immaculate."
"Bespoke Engraved Wooden Bridal Hangers | Heirloom Wedding Party Gifts","Isabella G.",4,"2025-09-13","Gorgeous! I ordered this for the big day and couldn't be happier. This was my favorite purchase for the wedding. Everyone kept asking where I got this."
"Bespoke Engraved Wooden Bridal Hangers | Heirloom Wedding Party Gifts","Brittany L.",5,"2026-01-26","Exquisite! I ordered this for the big day and couldn't be happier. The quality is unmatched. It added the perfect touch to our special day."
"Bespoke Engraved Wooden Bridal Hangers | Heirloom Wedding Party Gifts","Lauren H.",5,"2025-08-28","Amazing! I ordered this for my bachelorette party and couldn't be happier. The quality is unmatched. Shipping was super fast and it was packaged perfectly."
"Bespoke Engraved Wooden Bridal Hangers | Heirloom Wedding Party Gifts","Lauren H.",4,"2026-02-10","Beyond expectations! I ordered this for my bridal shower and couldn't be happier. I'm so happy with how this turned out. I've recommended this shop to all my engaged friends."
"Bespoke Engraved Wooden Bridal Hangers | Heirloom Wedding Party Gifts","Victoria J.",4,"2026-04-30","Lovely! I ordered this for my groomsmen and couldn't be happier. The material feels very luxurious. Everyone kept asking where I got this."
"Bespoke Engraved Wooden Bridal Hangers | Heirloom Wedding Party Gifts","Jessica T.",5,"2026-05-08","Exquisite! I ordered this for the big day and couldn't be happier. It looks even better in person. I've recommended this shop to all my engaged friends."
"Bespoke Engraved Wooden Bridal Hangers | Heirloom Wedding Party Gifts","Amanda C.",5,"2025-11-08","Flawless! I ordered this for our wedding day and couldn't be happier. Customer service was so helpful too. Shipping was super fast and it was packaged perfectly."
"Bespoke Engraved Wooden Bridal Hangers | Heirloom Wedding Party Gifts","Megan S.",5,"2025-11-04","Gorgeous! I ordered this for my bridal party and couldn't be happier. It added the perfect touch to our special day. I will definitely be ordering again."
"Bespoke Engraved Wooden Bridal Hangers | Heirloom Wedding Party Gifts","Christopher H.",5,"2026-01-30","Perfect! I ordered this for my bridesmaids and couldn't be happier. The customization was exactly as I requested. Such a premium feel to it."
"Bespoke Engraved Wooden Bridal Hangers | Heirloom Wedding Party Gifts","William L.",5,"2026-04-16","Beautiful! I ordered this for my groomsmen and couldn't be happier. It added the perfect touch to our special day. It looks even better in person."
"Bespoke Engraved Wooden Bridal Hangers | Heirloom Wedding Party Gifts","Taylor F.",5,"2025-10-10","Fantastic! I ordered this for my bridal party and couldn't be happier. I've recommended this shop to all my engaged friends. Such a premium feel to it."
"Bespoke Engraved Wooden Bridal Hangers | Heirloom Wedding Party Gifts","Samantha W.",5,"2026-03-27","Beautiful! I ordered this for our wedding day and couldn't be happier. The details are just immaculate. The material feels very luxurious."
"Bespoke Engraved Wooden Bridal Hangers | Heirloom Wedding Party Gifts","Joseph D.",5,"2025-10-10","Flawless! I ordered this for my bridal party and couldn't be happier. This was my favorite purchase for the wedding. It added the perfect touch to our special day."
"Bespoke Engraved Wooden Bridal Hangers | Heirloom Wedding Party Gifts","Samantha W.",5,"2026-02-02","Flawless! I ordered this for a gift and couldn't be happier. This was my favorite purchase for the wedding. It added the perfect touch to our special day."
"Bespoke Engraved Wooden Bridal Hangers | Heirloom Wedding Party Gifts","Megan S.",5,"2025-07-09","Beyond expectations! I ordered this for my fiance and couldn't be happier. It added the perfect touch to our special day. It looks even better in person."
"Bespoke Engraved Wooden Bridal Hangers | Heirloom Wedding Party Gifts","James R.",5,"2025-08-06","Beautiful! I ordered this for my groomsmen and couldn't be happier. It added the perfect touch to our special day. It looks even better in person."
"Bespoke Engraved Wooden Bridal Hangers | Heirloom Wedding Party Gifts","Brittany L.",5,"2026-04-05","Fantastic! I ordered this for my bachelorette party and couldn't be happier. I will definitely be ordering again. I've recommended this shop to all my engaged friends."
"Bespoke Engraved Wooden Bridal Hangers | Heirloom Wedding Party Gifts","Ava S.",5,"2025-09-12","So elegant! I ordered this for my wedding and couldn't be happier. It looks even better in person. The details are just immaculate."
"Bespoke Engraved Wooden Bridal Hangers | Heirloom Wedding Party Gifts","Charlotte R.",5,"2026-03-31","Incredible! I ordered this for my bridal party and couldn't be happier. The customization was exactly as I requested. The details are just immaculate."
"Bespoke Engraved Wooden Bridal Hangers | Heirloom Wedding Party Gifts","Daniel P.",5,"2025-09-22","Fantastic! I ordered this for our wedding day and couldn't be happier. The customization was exactly as I requested. This was my favorite purchase for the wedding."
"Bespoke Diamond Pavé Name Necklace | Heirloom Script Pendant","Joseph D.",5,"2025-07-23","Perfect! I ordered this for my bridesmaids and couldn't be happier. The material feels very luxurious. Shipping was super fast and it was packaged perfectly."
"Bespoke Diamond Pavé Name Necklace | Heirloom Script Pendant","Christopher H.",5,"2026-03-18","Absolutely stunning! I ordered this for our wedding day and couldn't be happier. It added the perfect touch to our special day. The customization was exactly as I requested."
"Bespoke Diamond Pavé Name Necklace | Heirloom Script Pendant","Ava S.",5,"2025-12-06","Premium quality! I ordered this for my bachelorette party and couldn't be happier. I've recommended this shop to all my engaged friends. I'm so happy with how this turned out."
"Bespoke Diamond Pavé Name Necklace | Heirloom Script Pendant","Daniel P.",5,"2026-02-05","Fantastic! I ordered this for a gift and couldn't be happier. Customer service was so helpful too. Such a premium feel to it."
"Bespoke Diamond Pavé Name Necklace | Heirloom Script Pendant","David M.",5,"2025-07-03","Fantastic! I ordered this for my bachelorette party and couldn't be happier. I will definitely be ordering again. The details are just immaculate."
"Bespoke Diamond Pavé Name Necklace | Heirloom Script Pendant","Victoria J.",5,"2025-08-08","Breathtaking! I ordered this for a gift and couldn't be happier. It added the perfect touch to our special day. The details are just immaculate."
"Bespoke Diamond Pavé Name Necklace | Heirloom Script Pendant","Grace B.",5,"2025-09-01","Beyond expectations! I ordered this for my fiance and couldn't be happier. I will definitely be ordering again. Customer service was so helpful too."
"Bespoke Diamond Pavé Name Necklace | Heirloom Script Pendant","Lauren H.",5,"2025-06-18","Beyond expectations! I ordered this for my groomsmen and couldn't be happier. I will definitely be ordering again. It looks even better in person."
"Bespoke Diamond Pavé Name Necklace | Heirloom Script Pendant","Nicole K.",5,"2025-11-21","Flawless! I ordered this for a gift and couldn't be happier. The customization was exactly as I requested. Shipping was super fast and it was packaged perfectly."
"Bespoke Diamond Pavé Name Necklace | Heirloom Script Pendant","Emily R.",5,"2025-11-02","Exquisite! I ordered this for my fiance and couldn't be happier. The quality is unmatched. It looks even better in person."
"Bespoke Diamond Pavé Name Necklace | Heirloom Script Pendant","Emily R.",5,"2025-12-07","Absolutely stunning! I ordered this for my bridal party and couldn't be happier. It looks even better in person. The customization was exactly as I requested."
"Bespoke Diamond Pavé Name Necklace | Heirloom Script Pendant","Joseph D.",5,"2025-11-04","Fantastic! I ordered this for my bridal party and couldn't be happier. Customer service was so helpful too. The details are just immaculate."
"Bespoke Diamond Pavé Name Necklace | Heirloom Script Pendant","Lauren H.",5,"2025-06-15","Beautiful! I ordered this for my bridesmaids and couldn't be happier. Customer service was so helpful too. This was my favorite purchase for the wedding."
"Bespoke Diamond Pavé Name Necklace | Heirloom Script Pendant","Emily R.",5,"2025-12-10","Amazing! I ordered this for our wedding day and couldn't be happier. Such a premium feel to it. The material feels very luxurious."
"Bespoke Diamond Pavé Name Necklace | Heirloom Script Pendant","Hannah G.",5,"2026-02-16","So elegant! I ordered this for my bachelorette party and couldn't be happier. This was my favorite purchase for the wedding. I'm so happy with how this turned out."
"Bespoke Diamond Pavé Name Necklace | Heirloom Script Pendant","Nicole K.",5,"2025-07-12","Incredible! I ordered this for a gift and couldn't be happier. The material feels very luxurious. I will definitely be ordering again."
"Bespoke Diamond Pavé Name Necklace | Heirloom Script Pendant","Lauren H.",4,"2025-10-21","Beautiful! I ordered this for my fiance and couldn't be happier. Everyone kept asking where I got this. It added the perfect touch to our special day."
"Bespoke Diamond Pavé Name Necklace | Heirloom Script Pendant","Christopher H.",5,"2026-01-20","Amazing! I ordered this for my bridesmaids and couldn't be happier. Customer service was so helpful too. The details are just immaculate."
"Bespoke Diamond Pavé Name Necklace | Heirloom Script Pendant","Christopher H.",5,"2026-04-25","So elegant! I ordered this for my bridal shower and couldn't be happier. The quality is unmatched. This was my favorite purchase for the wedding."
"Bespoke Diamond Pavé Name Necklace | Heirloom Script Pendant","Sophia K.",4,"2026-01-25","Beyond expectations! I ordered this for our rehearsal dinner and couldn't be happier. I've recommended this shop to all my engaged friends. Customer service was so helpful too."
"Bespoke Heirloom Wedding Guest Book | Personalized Linen & Gold Foil","Michael T.",5,"2026-01-30","Premium quality! I ordered this for our wedding day and couldn't be happier. The details are just immaculate. I'm so happy with how this turned out."
"Bespoke Heirloom Wedding Guest Book | Personalized Linen & Gold Foil","Sarah M.",5,"2025-09-29","Exquisite! I ordered this for the big day and couldn't be happier. Such a premium feel to it. The details are just immaculate."
"Bespoke Heirloom Wedding Guest Book | Personalized Linen & Gold Foil","James R.",5,"2025-07-29","Gorgeous! I ordered this for my bridal shower and couldn't be happier. It added the perfect touch to our special day. I will definitely be ordering again."
"Bespoke Heirloom Wedding Guest Book | Personalized Linen & Gold Foil","Kayla P.",5,"2025-05-27","Beyond expectations! I ordered this for my bridesmaids and couldn't be happier. I will definitely be ordering again. The details are just immaculate."
"Bespoke Heirloom Wedding Guest Book | Personalized Linen & Gold Foil","Elizabeth V.",5,"2025-05-31","High quality! I ordered this for my bachelorette party and couldn't be happier. This was my favorite purchase for the wedding. The quality is unmatched."
"Bespoke Heirloom Wedding Guest Book | Personalized Linen & Gold Foil","Ashley B.",5,"2026-05-08","Amazing! I ordered this for our rehearsal dinner and couldn't be happier. I will definitely be ordering again. Everyone kept asking where I got this."
"Bespoke Heirloom Wedding Guest Book | Personalized Linen & Gold Foil","Alexis N.",5,"2025-12-17","Fantastic! I ordered this for the big day and couldn't be happier. The material feels very luxurious. I'm so happy with how this turned out."
"Bespoke Heirloom Wedding Guest Book | Personalized Linen & Gold Foil","Mia L.",5,"2025-07-05","High quality! I ordered this for my wedding and couldn't be happier. It added the perfect touch to our special day. Shipping was super fast and it was packaged perfectly."
"Bespoke Heirloom Wedding Guest Book | Personalized Linen & Gold Foil","Natalie M.",5,"2025-10-25","So elegant! I ordered this for my bachelorette party and couldn't be happier. I will definitely be ordering again. Such a premium feel to it."
"Bespoke Heirloom Wedding Guest Book | Personalized Linen & Gold Foil","Amanda C.",5,"2026-01-24","Breathtaking! I ordered this for my bachelorette party and couldn't be happier. I'm so happy with how this turned out. I've recommended this shop to all my engaged friends."
"Bespoke Heirloom Wedding Guest Book | Personalized Linen & Gold Foil","Daniel P.",5,"2025-08-08","Incredible! I ordered this for a gift and couldn't be happier. The details are just immaculate. The customization was exactly as I requested."
"Bespoke Heirloom Wedding Guest Book | Personalized Linen & Gold Foil","Nicole K.",5,"2025-10-28","Beyond expectations! I ordered this for my bridal shower and couldn't be happier. I've recommended this shop to all my engaged friends. The quality is unmatched."
"Bespoke Heirloom Wedding Guest Book | Personalized Linen & Gold Foil","Ashley B.",5,"2026-04-15","Breathtaking! I ordered this for my bridesmaids and couldn't be happier. Customer service was so helpful too. I will definitely be ordering again."
"Bespoke Heirloom Wedding Guest Book | Personalized Linen & Gold Foil","Sophia K.",5,"2026-02-04","Incredible! I ordered this for my wedding and couldn't be happier. The details are just immaculate. Customer service was so helpful too."
"Bespoke Heirloom Wedding Guest Book | Personalized Linen & Gold Foil","Hannah G.",5,"2025-08-31","Fantastic! I ordered this for our wedding day and couldn't be happier. It looks even better in person. I'm so happy with how this turned out."
"Bespoke Heirloom Wedding Guest Book | Personalized Linen & Gold Foil","Victoria J.",5,"2026-04-22","Beautiful! I ordered this for our rehearsal dinner and couldn't be happier. Shipping was super fast and it was packaged perfectly. The quality is unmatched."
"Bespoke Heirloom Wedding Guest Book | Personalized Linen & Gold Foil","Robert S.",5,"2025-12-07","Breathtaking! I ordered this for my bridal party and couldn't be happier. I will definitely be ordering again. The quality is unmatched."
"Bespoke Heirloom Wedding Guest Book | Personalized Linen & Gold Foil","Mia L.",4,"2025-09-24","Premium quality! I ordered this for my groomsmen and couldn't be happier. The quality is unmatched. The details are just immaculate."
"Bespoke Heirloom Wedding Guest Book | Personalized Linen & Gold Foil","Mia L.",5,"2025-08-10","Gorgeous! I ordered this for my fiance and couldn't be happier. It added the perfect touch to our special day. This was my favorite purchase for the wedding."
"Bespoke Heirloom Wedding Guest Book | Personalized Linen & Gold Foil","John C.",5,"2026-04-24","Lovely! I ordered this for my bridesmaids and couldn't be happier. I will definitely be ordering again. It looks even better in person."
"Classic Minimalist Wedding Welcome Sign","Amanda C.",5,"2025-11-06","Gorgeous! I ordered this for a gift and couldn't be happier. I'm so happy with how this turned out. It looks even better in person."
"Classic Minimalist Wedding Welcome Sign","Victoria J.",5,"2025-12-06","Incredible! I ordered this for the big day and couldn't be happier. It added the perfect touch to our special day. It looks even better in person."
"Classic Minimalist Wedding Welcome Sign","Mia L.",5,"2025-10-20","Beyond expectations! I ordered this for my groomsmen and couldn't be happier. I will definitely be ordering again. Such a premium feel to it."
"Classic Minimalist Wedding Welcome Sign","Sydney C.",5,"2025-07-24","Amazing! I ordered this for our rehearsal dinner and couldn't be happier. The quality is unmatched. Everyone kept asking where I got this."
"Classic Minimalist Wedding Welcome Sign","Samantha W.",5,"2025-07-28","Absolutely stunning! I ordered this for my bridal party and couldn't be happier. I'm so happy with how this turned out. The quality is unmatched."
"Classic Minimalist Wedding Welcome Sign","Lauren H.",5,"2025-10-22","Absolutely stunning! I ordered this for my wedding and couldn't be happier. The details are just immaculate. The quality is unmatched."
"Classic Minimalist Wedding Welcome Sign","Sydney C.",5,"2025-06-19","Flawless! I ordered this for our rehearsal dinner and couldn't be happier. It looks even better in person. Everyone kept asking where I got this."
"Classic Minimalist Wedding Welcome Sign","Grace B.",5,"2026-04-20","Premium quality! I ordered this for the big day and couldn't be happier. The material feels very luxurious. Customer service was so helpful too."
"Classic Minimalist Wedding Welcome Sign","Hannah G.",5,"2026-03-10","Flawless! I ordered this for my bridesmaids and couldn't be happier. Everyone kept asking where I got this. Such a premium feel to it."
"Classic Minimalist Wedding Welcome Sign","Rachel D.",5,"2025-08-11","Lovely! I ordered this for my bachelorette party and couldn't be happier. The material feels very luxurious. This was my favorite purchase for the wedding."
"Classic Minimalist Wedding Welcome Sign","Lauren H.",5,"2025-11-26","Breathtaking! I ordered this for my groomsmen and couldn't be happier. I will definitely be ordering again. I'm so happy with how this turned out."
"Classic Minimalist Wedding Welcome Sign","John C.",5,"2026-02-17","Exquisite! I ordered this for my fiance and couldn't be happier. This was my favorite purchase for the wedding. Customer service was so helpful too."
"Classic Minimalist Wedding Welcome Sign","Ava S.",5,"2025-11-03","Amazing! I ordered this for my bachelorette party and couldn't be happier. The material feels very luxurious. Such a premium feel to it."
"Classic Minimalist Wedding Welcome Sign","Brittany L.",5,"2025-07-27","Flawless! I ordered this for our wedding day and couldn't be happier. It added the perfect touch to our special day. The customization was exactly as I requested."
"Classic Minimalist Wedding Welcome Sign","Sarah M.",5,"2025-07-21","Absolutely stunning! I ordered this for our wedding day and couldn't be happier. It looks even better in person. Everyone kept asking where I got this."
"Classic Minimalist Wedding Welcome Sign","Brittany L.",5,"2025-07-27","High quality! I ordered this for my bridal shower and couldn't be happier. The customization was exactly as I requested. I'm so happy with how this turned out."
"Classic Minimalist Wedding Welcome Sign","Chloe E.",5,"2026-02-14","Incredible! I ordered this for my bridal shower and couldn't be happier. The details are just immaculate. It added the perfect touch to our special day."
"Classic Minimalist Wedding Welcome Sign","Chloe E.",4,"2026-04-07","Lovely! I ordered this for my bridal shower and couldn't be happier. The details are just immaculate. Customer service was so helpful too."
"Classic Minimalist Wedding Welcome Sign","Samantha W.",5,"2025-10-14","Breathtaking! I ordered this for my bridal shower and couldn't be happier. The customization was exactly as I requested. It added the perfect touch to our special day."
"Classic Minimalist Wedding Welcome Sign","Sydney C.",4,"2026-03-22","Lovely! I ordered this for our wedding day and couldn't be happier. The customization was exactly as I requested. I've recommended this shop to all my engaged friends."
